0.3905668258666992,0.5606734752655029,0.6352883577346802,0.6117613911628723,0.5496561527252197,0.6097450852394104,0.6094222068786621,0.599409282207489,0.5915838479995728,0.4936128854751587,0.5300317406654358,0.553209125995636,0.5623059272766113,0.37273091077804565,0.37502753734588623,0.3767555356025696,0.3830956220626831,0.26268666982650757,0.2574130594730377,0.2701661288738251,0.28546401858329773,0.7616655826568604,0.6857404112815857,0.5519559979438782,0.432778537273407,0.36054983735084534,0.44540488719940186,0.26964548230171204,0.165644109249115,0.08721029758453369,0.4136679768562317,0.2360668033361435,0.12718909978866577,0.05832991003990173,0.4116840362548828,0.29582279920578003,0.3662204146385193,0.4390306770801544,0.4349452257156372,0.379160612821579,0.43518421053886414,0.4909130334854126,9.981305311157485e-07,0.02316010370850563,0.017700782045722008,0.0049078515730798244,-0.013327820226550102,-0.029569171369075775,-0.04681555554270744,-0.05941326916217804,-0.06920196115970612,-0.05851498246192932,-0.07576637715101242,-0.09259090572595596,-0.10582108050584793,-0.07863851636648178,-0.08826393634080887,-0.07677513360977173,-0.06507474184036255,-0.09630446881055832,-0.09449898451566696,-0.07056380808353424,-0.04946115240454674,forward
0.6038153767585754,0.4244007468223572,0.3521203398704529,0.38253921270370483,0.45010679960250854,0.3877972364425659,0.3958200514316559,0.4056547284126282,0.4143606722354889,0.49658817052841187,0.459287166595459,0.4339908957481384,0.4179709553718567,0.6165400743484497,0.6033578515052795,0.6006958484649658,0.5991124510765076,0.7315685749053955,0.7242214679718018,0.7127240896224976,0.7104299068450928,0.7713757753372192,0.6976352334022522,0.5620205998420715,0.43360304832458496,0.3729269206523895,0.4574192464351654,0.28004518151283264,0.1745164841413498,0.09962198138237,0.42395007610321045,0.2420063018798828,0.14179489016532898,0.07120385766029358,0.4246741831302643,0.30879440903663635,0.3555222153663635,0.41308146715164185,0.4493333399295807,0.37787649035453796,0.41683724522590637,0.47035372257232666,9.557956559547165e-08,-0.002848367439582944,-0.007845321670174599,-0.016479885205626488,-0.023647287860512733,-0.02619493193924427,-0.047659702599048615,-0.05600260943174362,-0.06012311577796936,-0.035904038697481155,-0.053212910890579224,-0.060575831681489944,-0.06335622072219849,-0.043621525168418884,-0.06687930226325989,-0.06255561113357544,-0.04933323338627815,-0.05135820806026459,-0.06256992369890213,-0.04866566136479378,-0.0286550372838974,forward
0.4452967345714569,0.5260111093521118,0.584000825881958,0.628342866897583,0.6627749800682068,0.5244789123535156,0.5537276268005371,0.569064199924469,0.5764220952987671,0.4733147919178009,0.482391893863678,0.485927939414978,0.48695722222328186,0.4252808392047882,0.4218010902404785,0.41760194301605225,0.4111013412475586,0.38222193717956543,0.35026711225509644,0.3295041620731354,0.31323355436325073,0.6634396314620972,0.6283140182495117,0.5594142079353333,0.502457320690155,0.46675029397010803,0.4463472366333008,0.3313784599304199,0.2553638219833374,0.1958346962928772,0.43583887815475464,0.30668124556541443,0.22209930419921875,0.15926110744476318,0.4455104470252991,0.3287773132324219,0.24746166169643402,0.18669748306274414,0.47125300765037537,0.3853415846824646,0.3241457939147949,0.272976815700531,4.4760830064660695e-07,-0.01493719033896923,-0.022730005905032158,-0.028508488088846207,-0.03707687184214592,-0.0466906763613224,-0.06572332233190536,-0.07656518369913101,-0.08591075241565704,-0.054240450263023376,-0.07796189188957214,-0.09630747884511948,-0.11036801338195801,-0.06056356430053711,-0.08719982951879501,-0.11089467257261276,-0.12715084850788116,-0.06609050184488297,-0.09791988134384155,-0.11847436428070068,-0.13036680221557617,hover
0.5605042576789856,0.46994641423225403,0.41187915205955505,0.3692769706249237,0.33009111881256104,0.47916725277900696,0.4438612461090088,0.430062472820282,0.42262256145477295,0.5318828225135803,0.5162432193756104,0.5090701580047607,0.5067472457885742,0.5793485641479492,0.5775665640830994,0.5800448060035706,0.5844847559928894,0.6218252182006836,0.6500879526138306,0.6697360277175903,0.6853750944137573,0.660580039024353,0.6204593181610107,0.5571523308753967,0.5001232624053955,0.46807658672332764,0.44060713052749634,0.3239583969116211,0.25185173749923706,0.19802239537239075,0.42930012941360474,0.3009026050567627,0.21873044967651367,0.15958848595619202,0.4372706413269043,0.32131892442703247,0.24345698952674866,0.187652587890625,0.4574519097805023,0.3752695918083191,0.32233527302742004,0.2782119810581207,3.4999791864720464e-07,-0.02404947020113468,-0.042835600674152374,-0.05823088064789772,-0.07443512976169586,-0.05224659666419029,-0.0781920850276947,-0.0913325771689415,-0.09884925186634064,-0.055596113204956055,-0.08094704151153564,-0.09392470121383667,-0.10193638503551483,-0.060507360845804214,-0.08714871108531952,-0.1088416576385498,-0.12182338535785675,-0.06592553108930588,-0.091638945043087,-0.10839997977018356,-0.11804068833589554,hover
0.4988953769207001,0.40150293707847595,0.31653499603271484,0.23998096585273743,0.1716667115688324,0.43671658635139465,0.4094437062740326,0.3955690264701843,0.3832992613315582,0.5031743049621582,0.514752984046936,0.5207896828651428,0.524227499961853,0.5623777508735657,0.5856931805610657,0.6002368330955505,0.612295389175415,0.6125682592391968,0.6735146641731262,0.7185370922088623,0.7561308145523071,0.5937119722366333,0.5380709767341614,0.46746137738227844,0.4203798174858093,0.3960237503051758,0.3315725028514862,0.23185336589813232,0.16982775926589966,0.11789900064468384,0.3238196074962616,0.21541623771190643,0.15101948380470276,0.1033644825220108,0.344235360622406,0.24942755699157715,0.1900428831577301,0.14153479039669037,0.3837767541408539,0.33123451471328735,0.30369675159454346,0.2788228392601013,5.380517222874914e-07,-0.039349958300590515,-0.07003641873598099,-0.10141748189926147,-0.1350979208946228,-0.037846215069293976,-0.06071186810731888,-0.08326731622219086,-0.10210897028446198,-0.042850956320762634,-0.05653950944542885,-0.07230622321367264,-0.08823757618665695,-0.05383313447237015,-0.07201434671878815,-0.09501753002405167,-0.11499819904565811,-0.0695580542087555,-0.09016939252614975,-0.10518009215593338,-0.11770330369472504,hover
0.5005174875259399,0.5930651426315308,0.6778420805931091,0.7552379369735718,0.822779655456543,0.5713692307472229,0.5954539775848389,0.6103060245513916,0.6201891899108887,0.4989074766635895,0.487085223197937,0.4817252457141876,0.4728807508945465,0.43890923261642456,0.41406238079071045,0.402380108833313,0.387454628944397,0.38852792978286743,0.3279675841331482,0.2851657271385193,0.2498805820941925,0.5913891792297363,0.5475962162017822,0.4725603461265564,0.42259925603866577,0.3945053219795227,0.3297490179538727,0.22610969841480255,0.16396485269069672,0.11236651241779327,0.32467514276504517,0.21493038535118103,0.15034925937652588,0.09995704889297485,0.34774142503738403,0.2500535547733307,0.1889040768146515,0.13825330138206482,0.3909289836883545,0.33384454250335693,0.2935732305049896,0.2554903030395508,6.458371331063972e-07,-0.05456165596842766,-0.07326995581388474,-0.0869251936674118,-0.10161839425563812,-0.04337219148874283,-0.05504895746707916,-0.0666862204670906,-0.07986552268266678,-0.03957871347665787,-0.04664548859000206,-0.0631243959069252,-0.0804217979311943,-0.041893716901540756,-0.0618215873837471,-0.0886872187256813,-0.11126794666051865,-0.04922536388039589,-0.08072935044765472,-0.10318335145711899,-0.11926888674497604,hover
0.4691024422645569,0.5720275640487671,0.6419467926025391,0.7014941573143005,0.7706801891326904,0.5574142336845398,0.5917823314666748,0.6041644215583801,0.6101025342941284,0.4811626672744751,0.4962504506111145,0.5002850294113159,0.49959632754325867,0.4156495928764343,0.4060805141925812,0.39944222569465637,0.39780741930007935,0.3660593032836914,0.3381830155849457,0.3227945864200592,0.31546279788017273,0.8422419428825378,0.814063549041748,0.7341670989990234,0.6589861512184143,0.6231289505958557,0.5524821281433105,0.3858965039253235,0.2800979018211365,0.1949446201324463,0.5385652184486389,0.35057196021080017,0.22759586572647095,0.14029094576835632,0.5532952547073364,0.3822462856769562,0.268828421831131,0.1869995892047882,0.5881503224372864,0.46275272965431213,0.37862056493759155,0.3074548840522766,1.159117118731956e-06,-0.0617210790514946,-0.09974091500043869,-0.12618249654769897,-0.15362897515296936,-0.10888276249170303,-0.1465432494878769,-0.1696873903274536,-0.1884114295244217,-0.10016088932752609,-0.14577795565128326,-0.17964862287044525,-0.2044280618429184,-0.09098809957504272,-0.1340896040201187,-0.1679249107837677,-0.1902225762605667,-0.08399242162704468,-0.13017809391021729,-0.15971170365810394,-0.17721109092235565,hover
0.5347931981086731,0.42360296845436096,0.34777218103408813,0.2901213467121124,0.22919967770576477,0.4482635259628296,0.40713733434677124,0.3906014859676361,0.38460755348205566,0.523095428943634,0.49663466215133667,0.48626425862312317,0.48342156410217285,0.581059992313385,0.594007134437561,0.6030386686325073,0.6102790832519531,0.6321091651916504,0.668179452419281,0.6870921850204468,0.7009955644607544,0.8615030646324158,0.8097696900367737,0.737282931804657,0.661082923412323,0.6178971529006958,0.5389490127563477,0.3735152781009674,0.2707918584346771,0.1898479461669922,0.5298805832862854,0.3469354808330536,0.2272348701953888,0.1353842318058014,0.550639271736145,0.38577306270599365,0.27604609727859497,0.19037163257598877,0.5854977965354919,0.4603419899940491,0.37897324562072754,0.3069395124912262,4.411028839967912e-07,-0.05625120922923088,-0.09824090451002121,-0.13179893791675568,-0.16752032935619354,-0.10410365462303162,-0.14618059992790222,-0.1698453277349472,-0.1848168522119522,-0.09645187854766846,-0.14211945235729218,-0.16410882771015167,-0.17828957736492157,-0.09074459969997406,-0.13543489575386047,-0.1675810068845749,-0.18554869294166565,-0.0867123007774353,-0.12348347157239914,-0.14571475982666016,-0.15885384380817413,hover
0.6493828296661377,0.692961573600769,0.6997478008270264,0.6989150047302246,0.7067198753356934,0.5576679110527039,0.5168401598930359,0.488118976354599,0.46131932735443115,0.49660810828208923,0.4221513271331787,0.38019901514053345,0.3420041501522064,0.46307599544525146,0.3727133572101593,0.31823018193244934,0.26882418990135193,0.4531923830509186,0.38029810786247253,0.3285254240036011,0.28104087710380554,0.7133374214172363,0.6074634790420532,0.4776470959186554,0.3760359287261963,0.2993408441543579,0.4311353862285614,0.31945034861564636,0.25817641615867615,0.20599894225597382,0.4679403603076935,0.3706703186035156,0.3140881657600403,0.2714441418647766,0.528197705745697,0.46407368779182434,0.4241199195384979,0.38832154870033264,0.6011561155319214,0.5938258171081543,0.5858355164527893,0.5728764533996582,5.135117362442543e-07,-0.0467071607708931,-0.054215312004089355,-0.05758078768849373,-0.06080097332596779,-0.03125757351517677,-0.0455937534570694,-0.057196035981178284,-0.0699269026517868,-0.030014891177415848,-0.04362957179546356,-0.06514409184455872,-0.08450640738010406,-0.03463444486260414,-0.06196294352412224,-0.09543075412511826,-0.12111111730337143,-0.042981114238500595,-0.07587439566850662,-0.10106533765792847,-0.11980051547288895,hover
0.33065366744995117,0.2988380193710327,0.2978532314300537,0.30522406101226807,0.29481032490730286,0.4442253112792969,0.4865124225616455,0.5156910419464111,0.5403279066085815,0.5031536817550659,0.5798048973083496,0.623731255531311,0.6568320989608765,0.5358800888061523,0.6233466267585754,0.6755363941192627,0.7184783816337585,0.5461626052856445,0.6227523684501648,0.6729001402854919,0.718848466873169,0.7072577476501465,0.5926894545555115,0.4713508188724518,0.3763984739780426,0.3057861030101776,0.4233144521713257,0.3188508152961731,0.25617116689682007,0.2033233642578125,0.46414411067962646,0.368486613035202,0.31245410442352295,0.2659921646118164,0.5271663665771484,0.4620612859725952,0.4228849411010742,0.3871639668941498,0.6013081073760986,0.5912615060806274,0.5838504433631897,0.5732616186141968,3.1653064525016816e-07,-0.03701489791274071,-0.05862220376729965,-0.07942032068967819,-0.10000797361135483,-0.024684417992830276,-0.0507405623793602,-0.0756719633936882,-0.09586195647716522,-0.03194768354296684,-0.05019791051745415,-0.06853987276554108,-0.08406093716621399,-0.046226270496845245,-0.07057522982358932,-0.09307831525802612,-0.11051646620035172,-0.06445972621440887,-0.08816953003406525,-0.10223909467458725,-0.11315535008907318,hover
0.49814373254776,0.5829446911811829,0.6668611168861389,0.741003155708313,0.8062734603881836,0.5859383940696716,0.6280920505523682,0.6494602560997009,0.664600670337677,0.522314727306366,0.5344129800796509,0.5396088361740112,0.5389584302902222,0.46386653184890747,0.45967310667037964,0.46117955446243286,0.45966073870658875,0.4106382429599762,0.35301733016967773,0.313041090965271,0.2815113365650177,0.44848132133483887,0.41588425636291504,0.3605889678001404,0.32471370697021484,0.312631756067276,0.25583574175834656,0.17109635472297668,0.1187678724527359,0.07289223372936249,0.24335281550884247,0.15016275644302368,0.09281928837299347,0.048828303813934326,0.2554483115673065,0.1690116673707962,0.1119595319032669,0.06518605351448059,0.2883416414260864,0.23590193688869476,0.19641119241714478,0.15999668836593628,4.437293057435454e-07,-0.037540946155786514,-0.05506042391061783,-0.07007958739995956,-0.08752661198377609,-0.050900936126708984,-0.0694265142083168,-0.08228713274002075,-0.09552940726280212,-0.0564173087477684,-0.07340507209300995,-0.08948829025030136,-0.10584080219268799,-0.06541220098733902,-0.09092500805854797,-0.11432307213544846,-0.1349504292011261,-0.07744133472442627,-0.10858049988746643,-0.1275194138288498,-0.14287656545639038,hover
0.41625872254371643,0.529570996761322,0.5657891631126404,0.5012677907943726,0.42996907234191895,0.5063756704330444,0.451580286026001,0.47362980246543884,0.48817092180252075,0.37016668915748596,0.33626583218574524,0.38114988803863525,0.3992973864078522,0.25080370903015137,0.23388493061065674,0.2942241132259369,0.30474358797073364,0.14908276498317719,0.15266650915145874,0.2122061848640442,0.22530992329120636,0.4328369200229645,0.48341983556747437,0.5240285396575928,0.5986821055412292,0.6614536643028259,0.2553781569004059,0.5756716728210449,0.6414268612861633,0.5757686495780945,0.211164191365242,0.5879591703414917,0.6233362555503845,0.5451895594596863,0.21520699560642242,0.5724355578422546,0.6016749739646912,0.5297600030899048,0.25408726930618286,0.52440345287323,0.5565093159675598,0.49191153049468994,-9.381083714288252e-07,-0.15660230815410614,-0.2718791663646698,-0.35088202357292175,-0.41635608673095703,-0.3115383982658386,-0.4148675203323364,-0.4562299847602844,-0.48425450921058655,-0.2741226851940155,-0.36465761065483093,-0.3715176582336426,-0.38296759128570557,-0.23735101521015167,-0.2948298156261444,-0.26757827401161194,-0.2599426507949829,-0.216809943318367,-0.26250705122947693,-0.25909358263015747,-0.2560842037200928,emergency
0.5649617910385132,0.7259846925735474,0.8519541025161743,0.8984941840171814,0.8602414727210999,0.9441260695457458,0.9614986777305603,0.8985415101051331,0.8634963035583496,0.8779984712600708,0.8782137036323547,0.8208927512168884,0.8095628023147583,0.8025256991386414,0.7900829315185547,0.747728705406189,0.7494681477546692,0.7234808206558228,0.7129930257797241,0.6833881139755249,0.6904700994491577,0.3945091664791107,0.47350233793258667,0.5531920790672302,0.6405575275421143,0.6601132154464722,0.3250747323036194,0.552760899066925,0.5690542459487915,0.5223087072372437,0.3270311653614044,0.5820517539978027,0.5752749443054199,0.5109483599662781,0.35603830218315125,0.5947266221046448,0.5744609832763672,0.510688841342926,0.4006747305393219,0.5838779807090759,0.5571234226226807,0.4895761013031006,5.975044103934124e-08,-0.04024649038910866,-0.09515240788459778,-0.1457967609167099,-0.18394215404987335,-0.12366790324449539,-0.18038181960582733,-0.18915435671806335,-0.19104532897472382,-0.1386851966381073,-0.19397544860839844,-0.18090346455574036,-0.17102938890457153,-0.15568384528160095,-0.1920851469039917,-0.16699907183647156,-0.15208861231803894,-0.17774347960948944,-0.18787726759910583,-0.1720961332321167,-0.166178897023201,emergency
0.4234977662563324,0.284889817237854,0.18301497399806976,0.11985772848129272,0.12434649467468262,0.047713108360767365,0.03026343137025833,0.09176237136125565,0.11358780413866043,0.1207689568400383,0.10580917447805405,0.16384276747703552,0.1791534423828125,0.20352785289287567,0.19554924964904785,0.24350041151046753,0.2541472315788269,0.28509220480918884,0.2752150297164917,0.30514660477638245,0.3146992325782776,0.3953831195831299,0.4767230749130249,0.540717363357544,0.6136733293533325,0.6515371799468994,0.32329559326171875,0.5447672009468079,0.559966504573822,0.5094415545463562,0.3182365894317627,0.573032021522522,0.558011531829834,0.5046427249908447,0.34468337893486023,0.58643639087677,0.5728285312652588,0.5219943523406982,0.3943278193473816,0.5809748768806458,0.565589189529419,0.5170222520828247,-5.705970806957339e-07,-0.05126364156603813,-0.11714418977499008,-0.1751781553030014,-0.22620129585266113,-0.11582697182893753,-0.1538219153881073,-0.17188633978366852,-0.1877283900976181,-0.12434089183807373,-0.14382897317409515,-0.14364135265350342,-0.15561828017234802,-0.13261188566684723,-0.1320575475692749,-0.10953571647405624,-0.11005907505750656,-0.14860226213932037,-0.14241719245910645,-0.12397359311580658,-0.11653673648834229,emergency
0.4903699457645416,0.5349920392036438,0.5468724966049194,0.5161615014076233,0.46864044666290283,0.5294499397277832,0.5476980209350586,0.5570162534713745,0.564732015132904,0.48570728302001953,0.47840186953544617,0.47977104783058167,0.4775446951389313,0.446322500705719,0.4468786120414734,0.4701239764690399,0.4797329306602478,0.4157467782497406,0.42804959416389465,0.44733262062072754,0.4525078535079956,0.7262654900550842,0.6754925847053528,0.5822380781173706,0.5163657665252686,0.48573586344718933,0.5139954090118408,0.409224271774292,0.3477986454963684,0.29548782110214233,0.5169614553451538,0.39673757553100586,0.3221992552280426,0.2625979781150818,0.538268506526947,0.48480600118637085,0.5430505275726318,0.5888707637786865,0.571373462677002,0.5326024293899536,0.5782314538955688,0.6190938949584961,6.360703537211521e-07,-0.02445914037525654,-0.03272871673107147,-0.04357388615608215,-0.05293963849544525,-0.014296515844762325,-0.038414664566516876,-0.05151990428566933,-0.058347415179014206,-0.024187959730625153,-0.05683036521077156,-0.07556941360235214,-0.08158382773399353,-0.037401363253593445,-0.09187222272157669,-0.1008429154753685,-0.08774866908788681,-0.05165935307741165,-0.09322842955589294,-0.09123075008392334,-0.07760840654373169,forward
0.7768859267234802,0.7316930890083313,0.7003673315048218,0.7059040069580078,0.7245029807090759,0.6774380207061768,0.6376038789749146,0.6134412288665771,0.5949109196662903,0.7112166285514832,0.6939147710800171,0.6847283840179443,0.6788083910942078,0.7478210926055908,0.7419227957725525,0.7448602914810181,0.7487467527389526,0.7845368385314941,0.7774021029472351,0.7735458016395569,0.773690402507782,0.56519615650177,0.5529894232749939,0.5125381946563721,0.4688480794429779,0.4315774738788605,0.4372794032096863,0.388598769903183,0.3554099202156067,0.32610440254211426,0.4210086166858673,0.3427201211452484,0.29469236731529236,0.25611960887908936,0.4259556233882904,0.37916839122772217,0.42081326246261597,0.4551785886287689,0.44439050555229187,0.4197860062122345,0.4507882595062256,0.4792375862598419,2.7532198032531596e-07,-0.023762594908475876,-0.03692682087421417,-0.05040843039751053,-0.061849046498537064,-0.019954552873969078,-0.044622909277677536,-0.06183728203177452,-0.07265608012676239,-0.025168029591441154,-0.04724552482366562,-0.06128545477986336,-0.06824983656406403,-0.03322719782590866,-0.06493828445672989,-0.06502919644117355,-0.055848244577646255,-0.04323085770010948,-0.0685461238026619,-0.06281251460313797,-0.051568493247032166,forward
0.2136247456073761,0.25653091073036194,0.2899216115474701,0.2874965965747833,0.27217933535575867,0.3143877685070038,0.3589341938495636,0.3857056796550751,0.4056932032108307,0.28102201223373413,0.2962438762187958,0.30708208680152893,0.31276237964630127,0.24499179422855377,0.2559176981449127,0.25196465849876404,0.24622759222984314,0.21089182794094086,0.21614322066307068,0.2195042371749878,0.22068682312965393,0.5559782385826111,0.5521970987319946,0.513443648815155,0.46743711829185486,0.4289962947368622,0.44405096769332886,0.3927500545978546,0.3581142723560333,0.3284221887588501,0.42405518889427185,0.3416852056980133,0.29481184482574463,0.2574121952056885,0.4228762686252594,0.38632941246032715,0.431406170129776,0.46479952335357666,0.4374651312828064,0.4142022430896759,0.44789862632751465,0.47707638144493103,3.4076273891514575e-07,-0.023310242220759392,-0.03368687257170677,-0.04464792087674141,-0.05505700781941414,-0.01847314089536667,-0.034796178340911865,-0.04508354514837265,-0.052272673696279526,-0.022975167259573936,-0.04498211294412613,-0.05905400589108467,-0.065010666847229,-0.029954835772514343,-0.06836430728435516,-0.07731076329946518,-0.07139015197753906,-0.03777863457798958,-0.07105075567960739,-0.07421870529651642,-0.06805238872766495,forward
0.4953913986682892,0.5459033846855164,0.5572286248207092,0.5202376246452332,0.47605100274086,0.5598979592323303,0.5869630575180054,0.5996560454368591,0.6065179109573364,0.5100860595703125,0.46784356236457825,0.4465359151363373,0.4350154995918274,0.4657593369483948,0.44585391879081726,0.4639606475830078,0.48356369137763977,0.43314677476882935,0.4227028787136078,0.4431908130645752,0.46397027373313904,0.6650819182395935,0.6691344976425171,0.6476253867149353,0.6278409957885742,0.6013227701187134,0.4801715910434723,0.3785047233104706,0.31056857109069824,0.2544745206832886,0.4754024147987366,0.3600902259349823,0.28659531474113464,0.22888216376304626,0.4968429207801819,0.4592760503292084,0.5205233693122864,0.5657015442848206,0.5338367819786072,0.5182451009750366,0.5646613240242004,0.601671576499939,8.212941793317441e-07,-0.06088084354996681,-0.10268949717283249,-0.14261677861213684,-0.18243999779224396,-0.07940357178449631,-0.12202567607164383,-0.1475188285112381,-0.16392424702644348,-0.07755357772111893,-0.13402219116687775,-0.16535526514053345,-0.1789185106754303,-0.07933838665485382,-0.15014515817165375,-0.1646449863910675,-0.15469269454479218,-0.08418076485395432,-0.13909079134464264,-0.14193138480186462,-0.13013562560081482,forward
0.4977114200592041,0.4552365839481354,0.4428536593914032,0.47557002305984497,0.5112601518630981,0.43056467175483704,0.4053199291229248,0.39036503434181213,0.3835151195526123,0.4869036376476288,0.5279387831687927,0.5528886914253235,0.5740682482719421,0.530999481678009,0.5597137808799744,0.5381709933280945,0.5245362520217896,0.5674383044242859,0.5772796273231506,0.5614739656448364,0.5502865314483643,0.674842894077301,0.6509644985198975,0.6108551025390625,0.57794189453125,0.5476385951042175,0.4745798110961914,0.36138612031936646,0.29223155975341797,0.23978868126869202,0.47993990778923035,0.3645331859588623,0.29016751050949097,0.23460304737091064,0.510749101638794,0.44755929708480835,0.4970620572566986,0.5391173362731934,0.5564799308776855,0.5214754939079285,0.5596745610237122,0.5927394032478333,8.195082159545564e-07,-0.04404601454734802,-0.07818767428398132,-0.10866747051477432,-0.13418219983577728,-0.07475552707910538,-0.11781203746795654,-0.14226408302783966,-0.15685147047042847,-0.07462989538908005,-0.121616892516613,-0.14563892781734467,-0.1578209400177002,-0.0750487744808197,-0.12111333757638931,-0.10997454077005386,-0.08977452665567398,-0.078433096408844,-0.10898643732070923,-0.09118401259183884,-0.06801263242959976,forward
0.4931468963623047,0.5093523263931274,0.5146978497505188,0.5003789067268372,0.4823756515979767,0.5361998081207275,0.5403599143028259,0.5402771234512329,0.5369977355003357,0.5112427473068237,0.5047475695610046,0.49898761510849,0.4922516644001007,0.4874841272830963,0.4757404923439026,0.4762571454048157,0.479017436504364,0.46667420864105225,0.4582703113555908,0.45886898040771484,0.46200674772262573,0.6417793035507202,0.6072241067886353,0.5546033978462219,0.5093255043029785,0.4738743305206299,0.5074291825294495,0.46326565742492676,0.43055352568626404,0.40441441535949707,0.5080748200416565,0.45670753717422485,0.4239850342273712,0.39796340465545654,0.5222797989845276,0.4874955415725708,0.48983240127563477,0.4914591312408447,0.5450977087020874,0.5235910415649414,0.5289604067802429,0.535588800907135,3.1345933848569985e-07,-0.03211824223399162,-0.04048880189657211,-0.04430382698774338,-0.04618147015571594,-0.008619810454547405,-0.016260826960206032,-0.026074083521962166,-0.033595334738492966,2.9914546757936478e-05,-0.004541696514934301,-0.012966037727892399,-0.018673641607165337,0.004325138870626688,-0.008222543634474277,-0.015319016762077808,-0.016878070309758186,0.005689573008567095,-0.008755424059927464,-0.012404696084558964,-0.011750945821404457,forward
0.3088345229625702,0.40374502539634705,0.4690561294555664,0.5180128812789917,0.5612556338310242,0.45776644349098206,0.4831089675426483,0.4905415177345276,0.49253031611442566,0.40933406352996826,0.42999467253685,0.42809033393859863,0.4191429913043976,0.3647593557834625,0.39084726572036743,0.3854595720767975,0.3767710030078888,0.3282005190849304,0.3523401618003845,0.3507055938243866,0.34613150358200073,0.253265380859375,0.25326603651046753,0.3014471232891083,0.3477725684642792,0.36641669273376465,0.435528427362442,0.5545488595962524,0.6257058382034302,0.6789831519126892,0.4640504717826843,0.4703657329082489,0.43311867117881775,0.40456995368003845,0.4665593206882477,0.4604131877422333,0.4306804835796356,0.4034559726715088,0.46311718225479126,0.45570459961891174,0.4268389940261841,0.40231409668922424,-2.300957504530743e-07,-0.014432676136493683,-0.03126852959394455,-0.04870356619358063,-0.06654379516839981,-0.04392658546566963,-0.06528238207101822,-0.07686040550470352,-0.0842001885175705,-0.04329018294811249,-0.061231520026922226,-0.055738549679517746,-0.05026714876294136,-0.04237346723675728,-0.05472002550959587,-0.042389485985040665,-0.03314109519124031,-0.043397653847932816,-0.04456743597984314,-0.03137330710887909,-0.0193821731954813,descend
0.48634201288223267,0.4862631559371948,0.5328688025474548,0.5796900391578674,0.6175492405891418,0.632922887802124,0.7182199358940125,0.7651187181472778,0.8058465719223022,0.649364709854126,0.6724813580513,0.6222763061523438,0.6026838421821594,0.6532965898513794,0.6672267317771912,0.6182777285575867,0.6077989935874939,0.6521497368812561,0.6534548997879028,0.61761474609375,0.6088410019874573,0.5053250193595886,0.6001733541488647,0.6859549880027771,0.7485366463661194,0.7806569933891296,0.6030167937278748,0.673321008682251,0.7266559600830078,0.767324686050415,0.5915137529373169,0.7009968757629395,0.6992307305335999,0.6721674799919128,0.5906626582145691,0.7014888525009155,0.6953751444816589,0.6674127578735352,0.5917356610298157,0.6792319416999817,0.687419056892395,0.6635003089904785,2.8427558618204785e-07,-0.04867817461490631,-0.05438326671719551,-0.0480487197637558,-0.03473706170916557,-0.05319078266620636,-0.07188260555267334,-0.07971148192882538,-0.08351872116327286,-0.030837172642350197,-0.059844356030225754,-0.06518890708684921,-0.0596279613673687,-0.010718515142798424,-0.03958920016884804,-0.03880772739648819,-0.027540989220142365,0.006188977975398302,-0.011806348338723183,-0.011520683765411377,-0.004951466340571642,strafe_right
0.5353933572769165,0.5279518961906433,0.46854090690612793,0.4152704179286957,0.3794156610965729,0.3676195740699768,0.2740997076034546,0.22701703011989594,0.18864049017429352,0.35282543301582336,0.3264603912830353,0.3741547167301178,0.3959140181541443,0.3529319167137146,0.3392934203147888,0.38184991478919983,0.3968910574913025,0.3599010407924652,0.3544703722000122,0.3879781663417816,0.40950801968574524,0.49776285886764526,0.5978557467460632,0.6784432530403137,0.7423833608627319,0.7907019257545471,0.5971343517303467,0.6819179058074951,0.7343361377716064,0.7688944935798645,0.5651572346687317,0.6980942487716675,0.7118985652923584,0.6806864142417908,0.5561556816101074,0.678810715675354,0.6892088055610657,0.6636922955513,0.555698037147522,0.6501161456108093,0.6612623929977417,0.6448986530303955,-3.891375399689423e-07,-0.07063749432563782,-0.09398123621940613,-0.09925317019224167,-0.09901058673858643,-0.08119726926088333,-0.10015404969453812,-0.1093093603849411,-0.11617855727672577,-0.04577723145484924,-0.06646832078695297,-0.058529458940029144,-0.04933273047208786,-0.014640147797763348,-0.03726667910814285,-0.025862716138362885,-0.013806167989969254,0.011020133271813393,-0.01078237034380436,-0.006987434811890125,0.0016646815929561853,strafe_right
0.3212812542915344,0.34865283966064453,0.36776667833328247,0.37644124031066895,0.37173715233802795,0.3517525792121887,0.3594856262207031,0.3650140166282654,0.36803409457206726,0.33249878883361816,0.34453460574150085,0.3488718867301941,0.35074278712272644,0.3144032061100006,0.3274650573730469,0.33150696754455566,0.33352404832839966,0.299035906791687,0.30922138690948486,0.3144989311695099,0.31789958477020264,0.6391924023628235,0.617445707321167,0.5987931489944458,0.5930142998695374,0.5961001515388489,0.5427799820899963,0.5495713949203491,0.5732561349868774,0.5930736064910889,0.5452138185501099,0.5732443928718567,0.5958291888237,0.6109758615493774,0.5554876923561096,0.583871603012085,0.6025393009185791,0.6138895750045776,0.569362998008728,0.5892255306243896,0.6061997413635254,0.6168486475944519,-2.3585147346238955e-07,-0.0014931490877643228,-0.009458937682211399,-0.02069072425365448,-0.03201178461313248,-0.006357807666063309,-0.022739913314580917,-0.03679858520627022,-0.044435907155275345,-0.01358901709318161,-0.026080923154950142,-0.033039648085832596,-0.03697315230965614,-0.021626261994242668,-0.031831059604883194,-0.03221429884433746,-0.030790111050009727,-0.030552905052900314,-0.035215672105550766,-0.03093048930168152,-0.02614012360572815,descend
0.2741771936416626,0.3824748396873474,0.4945415258407593,0.5945092439651489,0.6533377170562744,0.6125056147575378,0.7480949759483337,0.827129602432251,0.8944368362426758,0.5879392623901367,0.6531282663345337,0.5980365872383118,0.5547732710838318,0.5554450154304504,0.6034758687019348,0.5562090277671814,0.5313301086425781,0.5278233885765076,0.5717078447341919,0.5396252274513245,0.5121052861213684,0.444026380777359,0.539344072341919,0.6013035178184509,0.6487054824829102,0.6667762994766235,0.4257168173789978,0.41803938150405884,0.4141269624233246,0.4074418544769287,0.4474051892757416,0.5483785271644592,0.583224892616272,0.5851197242736816,0.47689715027809143,0.5839262008666992,0.6028426885604858,0.5880217552185059,0.493304967880249,0.5710208415985107,0.5963219404220581,0.5821634531021118,4.141080580666312e-07,-0.09574703872203827,-0.0874108374118805,-0.05715407803654671,-0.01325188484042883,0.01253372523933649,0.023416901007294655,0.021506398916244507,0.02175910584628582,0.07130486518144608,0.07040251046419144,0.050444554537534714,0.04664672166109085,0.11896789819002151,0.10083337128162384,0.06680548936128616,0.05832761898636818,0.16045725345611572,0.15568551421165466,0.14601416885852814,0.14783434569835663,strafe_right
0.7226734161376953,0.631216287612915,0.503412127494812,0.4028806686401367,0.3407440185546875,0.3881993889808655,0.2562747299671173,0.18014393746852875,0.11294737458229065,0.4001205563545227,0.3384186625480652,0.3886915445327759,0.4409193992614746,0.42236489057540894,0.3845944106578827,0.4301389455795288,0.46247628331184387,0.4518609046936035,0.42338788509368896,0.4489711821079254,0.4756726920604706,0.4689684212207794,0.5365473628044128,0.5904713869094849,0.6452640891075134,0.674270510673523,0.41684362292289734,0.4181843400001526,0.42118149995803833,0.41748854517936707,0.41614818572998047,0.5485695600509644,0.6069236397743225,0.6047831177711487,0.439958781003952,0.5594547390937805,0.6013487577438354,0.5938747525215149,0.46407532691955566,0.5543658137321472,0.5936224460601807,0.5985326170921326,-2.888299945880135e-07,-0.11972750723361969,-0.13636982440948486,-0.12766095995903015,-0.10930246114730835,-0.041972413659095764,-0.03896839916706085,-0.037436556071043015,-0.03835119307041168,0.020632091909646988,0.004192245192825794,-0.003578236559405923,0.0024700069334357977,0.07055433839559555,0.037783704698085785,0.014197628013789654,0.013940147124230862,0.11133280396461487,0.08110804855823517,0.061726391315460205,0.061704978346824646,strafe_right
0.6940721869468689,0.6523816585540771,0.5875606536865234,0.5371299982070923,0.5116046667098999,0.49603521823883057,0.3827357888221741,0.3188486695289612,0.2701950669288635,0.47953295707702637,0.42954888939857483,0.46829715371131897,0.5105688571929932,0.48657065629959106,0.44756069779396057,0.4791420102119446,0.5187332630157471,0.4994450807571411,0.4795282483100891,0.5105389356613159,0.5429731607437134,0.5260779857635498,0.4162595570087433,0.3098108470439911,0.2171204537153244,0.14197179675102234,0.38907477259635925,0.38216128945350647,0.38595184683799744,0.38953620195388794,0.471544086933136,0.49105215072631836,0.4940620958805084,0.491169810295105,0.5522881746292114,0.5619394183158875,0.5642032027244568,0.5641300678253174,0.6241337060928345,0.6333731412887573,0.631155252456665,0.6277816891670227,6.214034442564298e-08,-0.0072360290214419365,-0.024860305711627007,-0.04299088194966316,-0.06516359001398087,-0.05199752002954483,-0.06595075130462646,-0.07524275034666061,-0.08529072999954224,-0.06139585003256798,-0.06836362183094025,-0.06339836120605469,-0.06713618338108063,-0.06797876954078674,-0.07123453915119171,-0.05172722041606903,-0.046153824776411057,-0.07577782869338989,-0.07541985809803009,-0.057573702186346054,-0.047296881675720215,strafe_right
0.2912641763687134,0.32956400513648987,0.3850834369659424,0.4309077262878418,0.4480189383029938,0.4941841661930084,0.6087844371795654,0.6787266135215759,0.7282956838607788,0.5156271457672119,0.5782728791236877,0.5405077934265137,0.49947917461395264,0.5119776725769043,0.5657530426979065,0.5289337038993835,0.4898262023925781,0.49782678484916687,0.53326815366745,0.49885207414627075,0.46148931980133057,0.5405417084693909,0.424532949924469,0.3341420292854309,0.2506255805492401,0.18235281109809875,0.3988932967185974,0.3905305862426758,0.38646239042282104,0.3863811492919922,0.4832395911216736,0.48201772570610046,0.48228752613067627,0.4853202700614929,0.5624727010726929,0.5585225224494934,0.5562354326248169,0.555540919303894,0.6284686923027039,0.6217405200004578,0.6169703602790833,0.618736982345581,-1.1621647644233235e-07,-0.01332937553524971,-0.04277598112821579,-0.07324301451444626,-0.10699640959501266,-0.06667312979698181,-0.08383551239967346,-0.09124061465263367,-0.09930013865232468,-0.07050380110740662,-0.07099531590938568,-0.060415253043174744,-0.059062659740448,-0.07135342806577682,-0.0642503872513771,-0.04748395085334778,-0.045180533081293106,-0.07392842322587967,-0.07015202194452286,-0.056018296629190445,-0.04789990559220314,strafe_right
0.8344166278839111,0.7617785334587097,0.6556944251060486,0.5603052377700806,0.5196954607963562,0.5769527554512024,0.4187583923339844,0.3180667459964752,0.23299530148506165,0.5567474365234375,0.4587167799472809,0.5406778454780579,0.597321093082428,0.5363481640815735,0.45767438411712646,0.5326231122016907,0.569949209690094,0.5286197662353516,0.43868762254714966,0.4553837776184082,0.4696475565433502,0.47382989525794983,0.5556804537773132,0.6155214905738831,0.6541138887405396,0.6477381587028503,0.35746604204177856,0.34025219082832336,0.342142254114151,0.3331254720687866,0.3635465204715729,0.5078056454658508,0.5635483860969543,0.5200050473213196,0.385818749666214,0.5118920207023621,0.5405617952346802,0.49282729625701904,0.3984498083591461,0.4621955454349518,0.48194169998168945,0.46958521008491516,-3.1217726359500375e-07,-0.12624232470989227,-0.17064200341701508,-0.19192618131637573,-0.20038242638111115,-0.11542800068855286,-0.16311518847942352,-0.18520449101924896,-0.20012538135051727,-0.07680290937423706,-0.13853159546852112,-0.13580523431301117,-0.11982862651348114,-0.05397386476397514,-0.12146461009979248,-0.11120735108852386,-0.08732844889163971,-0.04381213337182999,-0.09459181129932404,-0.09151895344257355,-0.07549367845058441,strafe_right
0.1436006724834442,0.21422851085662842,0.33586814999580383,0.44340965151786804,0.4937343895435333,0.4359484910964966,0.5226507186889648,0.46089494228363037,0.41990959644317627,0.4437353312969208,0.522663950920105,0.45094913244247437,0.41050711274147034,0.44953933358192444,0.5267520546913147,0.4567035138607025,0.4071404039859772,0.4526664614677429,0.599206268787384,0.6825978755950928,0.7596087455749512,0.4329604208469391,0.5872916579246521,0.659157395362854,0.687638521194458,0.6597483158111572,0.5038585066795349,0.5500508546829224,0.5711494088172913,0.5661759972572327,0.44609659910202026,0.5108704566955566,0.5374670028686523,0.5271783471107483,0.3920537531375885,0.45867490768432617,0.5109046697616577,0.5170192718505859,0.335540235042572,0.33700844645500183,0.34700238704681396,0.33953139185905457,-1.8772624343910138e-07,-0.06747148931026459,-0.08658377081155777,-0.09407610446214676,-0.09200553596019745,-0.059006866067647934,-0.0950554758310318,-0.11821459233760834,-0.12774398922920227,-0.03790907934308052,-0.07732369750738144,-0.10336045920848846,-0.11786451935768127,-0.024401089176535606,-0.07381248474121094,-0.100661501288414,-0.10900342464447021,-0.013617085292935371,-0.04686706140637398,-0.07000097632408142,-0.08597239851951599,strafe_right
0.5656483173370361,0.566411018371582,0.5729882121086121,0.5798556804656982,0.5846098065376282,0.590996265411377,0.603255569934845,0.5952293872833252,0.5857007503509521,0.5932592749595642,0.6063870787620544,0.5988253355026245,0.5888363122940063,0.5941804647445679,0.6055022478103638,0.6010114550590515,0.5932411551475525,0.5935149788856506,0.6027389168739319,0.6016752123832703,0.5976259708404541,0.5070717334747314,0.5240349173545837,0.5400407910346985,0.5494427680969238,0.5516152381896973,0.5297607183456421,0.5352203249931335,0.5373474955558777,0.5379820466041565,0.5180509090423584,0.5229979753494263,0.5255279541015625,0.5264571309089661,0.505979597568512,0.508982241153717,0.5126959085464478,0.5146957635879517,0.4939628839492798,0.4941515028476715,0.49585795402526855,0.49747753143310547,-5.2395279226402636e-08,-0.006473693531006575,-0.010346021503210068,-0.014632348902523518,-0.01835579425096512,-0.00551104499027133,-0.012668663635849953,-0.018482502549886703,-0.02160215750336647,-0.006278086453676224,-0.013079114258289337,-0.017335718497633934,-0.019528482109308243,-0.008126413449645042,-0.012520982883870602,-0.013701332733035088,-0.014040925540030003,-0.010776638053357601,-0.011597947217524052,-0.01043500006198883,-0.009766467846930027,strafe_right
0.2557607591152191,0.27760049700737,0.34051454067230225,0.4023827612400055,0.4307144284248352,0.4163019359111786,0.514928936958313,0.5661231279373169,0.6123871207237244,0.42201289534568787,0.4577529728412628,0.3848741948604584,0.33859407901763916,0.4174724519252777,0.4456595182418823,0.37871330976486206,0.3386594355106354,0.4070325493812561,0.44927942752838135,0.4054919481277466,0.37255704402923584,0.5419445633888245,0.4696960747241974,0.3984512984752655,0.3823150396347046,0.4233973026275635,0.4327665865421295,0.42286717891693115,0.423093318939209,0.4243701696395874,0.49307137727737427,0.4862852394580841,0.5049497485160828,0.5106112360954285,0.552295446395874,0.5529407262802124,0.5623154640197754,0.5587069392204285,0.6069183349609375,0.6149924993515015,0.6116344928741455,0.6024549007415771,-2.6176510914410756e-07,-0.03139406815171242,-0.051323551684617996,-0.07180196791887283,-0.08999449014663696,-0.03610941395163536,-0.07202720642089844,-0.0916866585612297,-0.10618679970502853,-0.04018731042742729,-0.09612207114696503,-0.1058344691991806,-0.10054444521665573,-0.0486907884478569,-0.10314062237739563,-0.08988293260335922,-0.06679614633321762,-0.059940800070762634,-0.09538388252258301,-0.0840580016374588,-0.06698104739189148,strafe_left
0.7485586404800415,0.7156999707221985,0.6591292023658752,0.6053286194801331,0.5645672678947449,0.5848380327224731,0.49368929862976074,0.4363492727279663,0.3883064389228821,0.57976233959198,0.5425556898117065,0.6083420515060425,0.6557751297950745,0.5843915343284607,0.5475364923477173,0.6100949645042419,0.6529512405395508,0.5933653116226196,0.5499253869056702,0.5912062525749207,0.6248375177383423,0.5553265810012817,0.4716649055480957,0.40232211351394653,0.3856777846813202,0.41205400228500366,0.4349505603313446,0.42278510332107544,0.4208325445652008,0.41766929626464844,0.4950648546218872,0.4889134168624878,0.5057678818702698,0.511623740196228,0.5521852374076843,0.5534839034080505,0.5602219104766846,0.5591444373130798,0.6077069640159607,0.6147168874740601,0.6118263602256775,0.6046603322029114,7.121758738293238e-10,-0.02268054522573948,-0.03221571072936058,-0.04251524806022644,-0.0528843030333519,-0.028829174116253853,-0.061375994235277176,-0.08265933394432068,-0.09748849272727966,-0.03727804496884346,-0.08764331042766571,-0.1016359031200409,-0.10177185386419296,-0.04857728257775307,-0.09717648476362228,-0.09031973779201508,-0.07462434470653534,-0.06188708916306496,-0.0917172059416771,-0.08206483721733093,-0.06868117302656174,strafe_left
0.8749688863754272,0.801479697227478,0.6921963691711426,0.586314857006073,0.5454301834106445,0.5562101602554321,0.41543740034103394,0.34190720319747925,0.2660597264766693,0.5570981502532959,0.511085033416748,0.6185263991355896,0.6469142436981201,0.5822082161903381,0.5509488582611084,0.6543370485305786,0.6714470386505127,0.6222927570343018,0.5634551048278809,0.6258082985877991,0.6498170495033264,0.5281491279602051,0.41417157649993896,0.3401552736759186,0.41731002926826477,0.5184851884841919,0.3750225603580475,0.31481313705444336,0.2938501238822937,0.2794947028160095,0.4814472198486328,0.48304426670074463,0.48124873638153076,0.46868759393692017,0.5754509568214417,0.5915355086326599,0.5676899552345276,0.5443309545516968,0.6644425392150879,0.6835916042327881,0.6526541709899902,0.6319702863693237,9.916449528191151e-08,-0.04024891182780266,-0.05891306325793266,-0.07524697482585907,-0.08928219974040985,-0.04700770974159241,-0.08279844373464584,-0.10474104434251785,-0.1263517141342163,-0.05921948328614235,-0.104140505194664,-0.11285722255706787,-0.11882416158914566,-0.07623214274644852,-0.1310419738292694,-0.11708955466747284,-0.10267525166273117,-0.09676158428192139,-0.12743523716926575,-0.10449720174074173,-0.08690565824508667,strafe_left
0.12312483787536621,0.19575262069702148,0.307536780834198,0.411171019077301,0.4688473641872406,0.4525534510612488,0.5787181258201599,0.6589346528053284,0.7344988584518433,0.45815062522888184,0.49807360768318176,0.3964252471923828,0.3518902063369751,0.43594518303871155,0.46591150760650635,0.36945250630378723,0.3366044759750366,0.3940788805484772,0.4426610767841339,0.3714396357536316,0.3357717990875244,0.510602593421936,0.4042738676071167,0.33162522315979004,0.40116605162620544,0.5052980780601501,0.3743216395378113,0.32166624069213867,0.29010429978370667,0.2768309414386749,0.47745805978775024,0.473533034324646,0.47954699397087097,0.4991053342819214,0.5735102295875549,0.5794540047645569,0.5526809096336365,0.5570566058158875,0.664424479007721,0.675248384475708,0.6372591257095337,0.6262379884719849,-8.402678304264555e-07,-0.055314838886260986,-0.08711343258619308,-0.11985055357217789,-0.14830736815929413,-0.03483209013938904,-0.08641371876001358,-0.11844950914382935,-0.14378692209720612,-0.03844878077507019,-0.1054016500711441,-0.12210982292890549,-0.1231762245297432,-0.05095933377742767,-0.12597568333148956,-0.10835102945566177,-0.08159006386995316,-0.06875715404748917,-0.11622790992259979,-0.09564543515443802,-0.07144632190465927,strafe_left
0.18030914664268494,0.16923123598098755,0.17024029791355133,0.17513588070869446,0.17721213400363922,0.19535887241363525,0.19442197680473328,0.19002190232276917,0.1866750717163086,0.19854789972305298,0.1968916654586792,0.19180624186992645,0.18687550723552704,0.1976131945848465,0.19580547511577606,0.1902218610048294,0.18478763103485107,0.19327488541603088,0.19189459085464478,0.1882302612066269,0.18391555547714233,0.5618613958358765,0.54355388879776,0.5195435881614685,0.49778905510902405,0.48090508580207825,0.507997453212738,0.47737017273902893,0.4607018828392029,0.44885414838790894,0.5088200569152832,0.4763037860393524,0.45924922823905945,0.4470686614513397,0.510709285736084,0.48113885521888733,0.46496671438217163,0.4530944526195526,0.5135772228240967,0.4907730221748352,0.47734230756759644,0.467049241065979,-6.613442593561558e-08,-0.008931859396398067,-0.012161855585873127,-0.013456990011036396,-0.013962319120764732,-0.009372051805257797,-0.013682479970157146,-0.01728421077132225,-0.019670939072966576,-0.006813214626163244,-0.009771358221769333,-0.012423834763467312,-0.014643227681517601,-0.005096961744129658,-0.008441892452538013,-0.010199318639934063,-0.011409342288970947,-0.0039953733794391155,-0.007273918949067593,-0.008064770139753819,-0.008208904415369034,strafe_left
0.8260965943336487,0.8098742365837097,0.8052140474319458,0.8065338134765625,0.8081717491149902,0.8260492086410522,0.8224014043807983,0.8150917887687683,0.8091995716094971,0.8364068269729614,0.8312164545059204,0.823339581489563,0.8158437609672546,0.8421622514724731,0.8374202251434326,0.8292897939682007,0.821313738822937,0.8454533219337463,0.8402369618415833,0.8336673974990845,0.8269851207733154,0.5624374151229858,0.5367463231086731,0.5051535964012146,0.47909197211265564,0.4584726095199585,0.4935261607170105,0.4644508957862854,0.4509108066558838,0.44309839606285095,0.4957243800163269,0.4663795530796051,0.4535502791404724,0.44566819071769714,0.4991898238658905,0.47186243534088135,0.4593777656555176,0.45143961906433105,0.5041614770889282,0.4813404381275177,0.4692624807357788,0.4612358808517456,-8.637402260092131e-08,-0.008199109695851803,-0.008603660389780998,-0.007536409422755241,-0.005395875778049231,0.0032482531387358904,0.003191560273990035,0.0009797568200156093,-0.0005873588961549103,0.007202039007097483,0.00923088937997818,0.006988431327044964,0.004554353188723326,0.009742281399667263,0.010993842966854572,0.009568612091243267,0.007979277521371841,0.01151631586253643,0.012296426109969616,0.012756900861859322,0.013065948151051998,strafe_left
0.8660420775413513,0.8366413712501526,0.8196202516555786,0.817920446395874,0.8254804015159607,0.8368993401527405,0.8334273099899292,0.8331015110015869,0.8335487842559814,0.8565422296524048,0.8488718271255493,0.8412017226219177,0.8376660943031311,0.8752405643463135,0.8637585639953613,0.8547846078872681,0.8536155223846436,0.8924918174743652,0.8842621445655823,0.8732525110244751,0.8691021203994751,0.4651700258255005,0.4472676217556,0.4126548171043396,0.3862318992614746,0.3641583025455475,0.34311380982398987,0.2818872630596161,0.24355517327785492,0.21229414641857147,0.3483448922634125,0.324747771024704,0.3605171740055084,0.3906719982624054,0.35829100012779236,0.34423989057540894,0.3814389407634735,0.41027456521987915,0.3727640211582184,0.35299623012542725,0.3747251629829407,0.39532271027565,-1.1398198296319606e-07,-0.014233818277716637,-0.023295516148209572,-0.03412875905632973,-0.04386930167675018,-0.010649607516825199,-0.03028390184044838,-0.043577805161476135,-0.05204412341117859,-0.013960928656160831,-0.04628065600991249,-0.05543940141797066,-0.05280936881899834,-0.019561147317290306,-0.04943877458572388,-0.04463464394211769,-0.031646862626075745,-0.026645997539162636,-0.044981468468904495,-0.038325853645801544,-0.026940857991576195,ascend
0.361158162355423,0.3893885910511017,0.39931151270866394,0.3998928964138031,0.3967216908931732,0.3686884343624115,0.3654043972492218,0.36727723479270935,0.3672395646572113,0.3594096004962921,0.3723883330821991,0.3871018588542938,0.39637789130210876,0.35224807262420654,0.37505555152893066,0.39202654361724854,0.3986634612083435,0.3470332622528076,0.3668850064277649,0.3818008601665497,0.38611066341400146,0.40426772832870483,0.35254964232444763,0.29238006472587585,0.2471276819705963,0.21287858486175537,0.2601360082626343,0.19992290437221527,0.16049525141716003,0.12842679023742676,0.26949557662010193,0.2230978161096573,0.22592300176620483,0.23180653154850006,0.28756558895111084,0.258160799741745,0.283826619386673,0.3065316677093506,0.3119075298309326,0.2904098331928253,0.30777764320373535,0.3268212378025055,1.317138043077648e-07,-0.0040936097502708435,-0.0059657650999724865,-0.010174294002354145,-0.012995976023375988,-0.0015770407626405358,-0.01468157023191452,-0.023939058184623718,-0.030598541721701622,-0.008147663436830044,-0.025805188342928886,-0.03396112844347954,-0.03712146356701851,-0.016021300107240677,-0.03769268840551376,-0.03818922117352486,-0.033557355403900146,-0.02398666925728321,-0.03924698382616043,-0.037543416023254395,-0.033036552369594574,ascend
0.5195266008377075,0.45453599095344543,0.4022878408432007,0.4353170394897461,0.49932989478111267,0.46270695328712463,0.4509519338607788,0.4409489631652832,0.4366288185119629,0.5272783041000366,0.5210985541343689,0.5017015933990479,0.5043516159057617,0.5829302072525024,0.5866348743438721,0.5494675040245056,0.5420523881912231,0.6312581896781921,0.6371557116508484,0.6001861095428467,0.5863442420959473,0.670932412147522,0.6188753843307495,0.5540514588356018,0.5152780413627625,0.5157934427261353,0.44074884057044983,0.34566354751586914,0.29289621114730835,0.24503082036972046,0.45874297618865967,0.41560500860214233,0.48856011033058167,0.5202716588973999,0.4885184168815613,0.44681742787361145,0.5068168640136719,0.5327599048614502,0.5287838578224182,0.4890936315059662,0.5254064202308655,0.5457996129989624,-4.3574146957325866e-07,-0.03187762200832367,-0.05915861576795578,-0.08605735749006271,-0.10995040088891983,-0.04101007059216499,-0.08527251332998276,-0.11753824353218079,-0.1418931931257248,-0.044912196695804596,-0.08661636710166931,-0.09372833371162415,-0.09526831656694412,-0.054372791200876236,-0.09090942144393921,-0.07021133601665497,-0.051701512187719345,-0.06797555834054947,-0.09202198684215546,-0.07569015771150589,-0.05990907549858093,ascend
0.4779931902885437,0.5470964908599854,0.6019079089164734,0.5531551837921143,0.47880545258522034,0.5393215417861938,0.5569899082183838,0.5633394718170166,0.5613967776298523,0.472494900226593,0.47388535737991333,0.49095267057418823,0.497834175825119,0.41930314898490906,0.414061963558197,0.44581860303878784,0.4581051468849182,0.36856162548065186,0.37021684646606445,0.39963483810424805,0.40808483958244324,0.6590065956115723,0.6099693179130554,0.5528143048286438,0.5161003470420837,0.5145024657249451,0.4419364929199219,0.3495645523071289,0.29694753885269165,0.24664366245269775,0.4530847668647766,0.4184718728065491,0.49030986428260803,0.5067010521888733,0.48007187247276306,0.4512868821620941,0.5150156021118164,0.5265215635299683,0.5163856148719788,0.48664557933807373,0.5263285040855408,0.5394518375396729,3.5238454643149453e-07,-0.02901216596364975,-0.05305064842104912,-0.07756821811199188,-0.10269425809383392,-0.042318880558013916,-0.07153712958097458,-0.09056159853935242,-0.1077311560511589,-0.05294230580329895,-0.08750230073928833,-0.09483315795660019,-0.098053477704525,-0.06613173335790634,-0.10262595117092133,-0.08957813680171967,-0.07725699245929718,-0.08217000961303711,-0.10319044440984726,-0.08479715883731842,-0.0701763704419136,ascend
0.47692686319351196,0.5520834922790527,0.582575798034668,0.5533084869384766,0.48901498317718506,0.5606257915496826,0.5743067264556885,0.5849224925041199,0.5848575234413147,0.4830610454082489,0.4669933319091797,0.4879298210144043,0.5026245713233948,0.4154781103134155,0.4048882722854614,0.44711458683013916,0.4632132649421692,0.354930579662323,0.36177515983581543,0.3969841003417969,0.406668484210968,0.6878324747085571,0.5919262170791626,0.4609759449958801,0.34936898946762085,0.2881435751914978,0.3543534278869629,0.228424072265625,0.15132595598697662,0.08213326334953308,0.3697277903556824,0.2692232131958008,0.371939092874527,0.42089271545410156,0.40828457474708557,0.3391239047050476,0.442196786403656,0.4806966781616211,0.4600362181663513,0.4082539677619934,0.4695766270160675,0.5001655220985413,2.0946275469668763e-07,-0.05197528749704361,-0.07473503053188324,-0.09641161561012268,-0.11294490844011307,-0.01519037876278162,-0.04159362614154816,-0.05703539401292801,-0.07181847840547562,-0.019134411588311195,-0.06585946679115295,-0.07341090589761734,-0.06596028059720993,-0.030715027824044228,-0.09161456674337387,-0.08106693625450134,-0.058168280869722366,-0.04724903404712677,-0.08830855786800385,-0.07624615728855133,-0.05949614942073822,ascend
0.5303360223770142,0.4507656693458557,0.4134024381637573,0.4474808871746063,0.4997559189796448,0.4430527091026306,0.42248740792274475,0.4105159640312195,0.4105687141418457,0.5188965201377869,0.5448424816131592,0.5174094438552856,0.5140482783317566,0.587597131729126,0.6047952771186829,0.5593159198760986,0.5489997267723083,0.6494787335395813,0.6537317037582397,0.6126412749290466,0.5999546647071838,0.6994116306304932,0.6039344072341919,0.4698212146759033,0.3538128435611725,0.2721841037273407,0.3606181740760803,0.22421491146087646,0.14511638879776,0.07584059238433838,0.37790176272392273,0.272548109292984,0.38399702310562134,0.4449700713157654,0.4151838421821594,0.349931001663208,0.4526524841785431,0.49707716703414917,0.4638200104236603,0.4136849641799927,0.47667479515075684,0.508267879486084,-4.726456097614573e-07,-0.05248255655169487,-0.07423778623342514,-0.09567036479711533,-0.11149732023477554,-0.005280634388327599,-0.047025229781866074,-0.0631919577717781,-0.07272368669509888,-0.004581251181662083,-0.07463712245225906,-0.07898370921611786,-0.05759816616773605,-0.014645942486822605,-0.09427029639482498,-0.07294143736362457,-0.032416630536317825,-0.028845615684986115,-0.07638043165206909,-0.05870594456791878,-0.03176860883831978,ascend
0.4536771774291992,0.6392016410827637,0.7561862468719482,0.7515223622322083,0.653150200843811,0.623395562171936,0.6094105243682861,0.5920768976211548,0.5739716291427612,0.47493231296539307,0.4582441747188568,0.4771121144294739,0.49359941482543945,0.3495180904865265,0.3505181670188904,0.37377768754959106,0.3876860737800598,0.24021929502487183,0.2436666190624237,0.27290213108062744,0.287051796913147,0.8222532868385315,0.7061480283737183,0.5637339949607849,0.42677825689315796,0.3712896704673767,0.45055264234542847,0.25360751152038574,0.1456085741519928,0.06260991096496582,0.44930168986320496,0.2707451581954956,0.33075132966041565,0.41175228357315063,0.47429969906806946,0.318693071603775,0.3716149926185608,0.4438723921775818,0.5157025456428528,0.3585227131843567,0.3997882604598999,0.4665572941303253,-1.4818793658832874e-07,0.026768840849399567,0.02901742421090603,0.034546561539173126,0.033437807112932205,-0.07248638570308685,-0.09050433337688446,-0.09782332926988602,-0.10412140935659409,-0.09504973888397217,-0.10098808258771896,-0.07546115666627884,-0.06331376731395721,-0.10744135826826096,-0.10751286149024963,-0.06659693270921707,-0.04493562504649162,-0.11605402827262878,-0.10390608012676239,-0.058269377797842026,-0.0288192518055439,ascend
0.5715349912643433,0.4830561876296997,0.46320977807044983,0.46887117624282837,0.49028480052948,0.6093209385871887,0.5479751825332642,0.48057425022125244,0.4715367555618286,0.6610939502716064,0.5355601906776428,0.47062090039253235,0.4876941740512848,0.7075932621955872,0.5767017602920532,0.5029091835021973,0.5145164132118225,0.7579123973846436,0.6432819962501526,0.565772294998169,0.5553393363952637,0.8281881213188171,0.7617788314819336,0.670819103717804,0.603913426399231,0.5634677410125732,0.599358856678009,0.49724334478378296,0.542792558670044,0.5976982712745667,0.5731782913208008,0.4662312865257263,0.5328488349914551,0.5904417037963867,0.5559563040733337,0.4542199969291687,0.5135045647621155,0.5614347457885742,0.5489137768745422,0.46771180629730225,0.4995269477367401,0.5406671762466431,-1.8614889540913282e-06,0.011538859456777573,0.012393977493047714,-0.0029134077485650778,-0.015910595655441284,0.06347271054983139,0.02381156198680401,-0.00346689997240901,-0.01664530672132969,0.037704505026340485,-0.009769588708877563,-0.03339402377605438,-0.03872108459472656,0.0030212118290364742,-0.039375390857458115,-0.0496806763112545,-0.047428056597709656,-0.03276856616139412,-0.056672848761081696,-0.058196283876895905,-0.05143114924430847,ascend
0.3028092384338379,0.23057417571544647,0.2021474838256836,0.2557048201560974,0.33484455943107605,0.272466778755188,0.3312755227088928,0.37451791763305664,0.42167118191719055,0.34122759103775024,0.38706859946250916,0.34937527775764465,0.31339818239212036,0.40125879645347595,0.4378468096256256,0.3820722997188568,0.3392961919307709,0.45078524947166443,0.47617360949516296,0.4312331974506378,0.39337095618247986,0.6885098218917847,0.6029406785964966,0.4850420653820038,0.39658311009407043,0.36108341813087463,0.34936434030532837,0.21159382164478302,0.13942483067512512,0.07983964681625366,0.38568493723869324,0.31267350912094116,0.40539342164993286,0.47793200612068176,0.43482688069343567,0.37662217020988464,0.4644191265106201,0.5302762985229492,0.4928642213344574,0.4380216896533966,0.4912834167480469,0.5401669144630432,-1.3653415464887075e-07,-0.05895429849624634,-0.09208264201879501,-0.1240321546792984,-0.15200470387935638,-0.038538672029972076,-0.0854739248752594,-0.11496838182210922,-0.13661998510360718,-0.03666099160909653,-0.11481190472841263,-0.1336570680141449,-0.1266309916973114,-0.04276620224118233,-0.12022385001182556,-0.10622325539588928,-0.07412824034690857,-0.05425256863236427,-0.11097777634859085,-0.10192883759737015,-0.07997076213359833,ascend
0.694585919380188,0.7640032768249512,0.7897170186042786,0.7347022891044617,0.6619341373443604,0.7267942428588867,0.6759617328643799,0.624671459197998,0.5776256322860718,0.6567568778991699,0.61550372838974,0.6545518636703491,0.6923601031303406,0.5973746180534363,0.5642351508140564,0.6229053735733032,0.6652675271034241,0.5430903434753418,0.5234487056732178,0.5698180198669434,0.6069838404655457,0.6749351024627686,0.6027933359146118,0.48656558990478516,0.3930814266204834,0.3473462164402008,0.3511119782924652,0.21348856389522552,0.13388866186141968,0.07599830627441406,0.3865177035331726,0.3083901107311249,0.39518028497695923,0.46223852038383484,0.4352441728115082,0.37117329239845276,0.4561471939086914,0.518819272518158,0.4927014112472534,0.4301362931728363,0.48959749937057495,0.5417104363441467,1.4580128038232942e-07,-0.05141007527709007,-0.08094461262226105,-0.1097833514213562,-0.13777796924114227,-0.038698531687259674,-0.08763796836137772,-0.12416958808898926,-0.14890892803668976,-0.04264748468995094,-0.11494485288858414,-0.14471353590488434,-0.14999110996723175,-0.05277937650680542,-0.1291383057832718,-0.13088570535182953,-0.113034188747406,-0.06670167297124863,-0.12533529102802277,-0.1212502121925354,-0.10473716259002686,ascend
0.48084893822669983,0.5508668422698975,0.5657078623771667,0.5828824639320374,0.6108658909797668,0.4260687530040741,0.4333876967430115,0.4436455965042114,0.44404587149620056,0.3928050100803375,0.5128605961799622,0.5475190281867981,0.5270686149597168,0.401380717754364,0.5262935161590576,0.5565302968025208,0.5270646810531616,0.42888960242271423,0.5421135425567627,0.5591272711753845,0.5291925668716431,0.5781334042549133,0.47327306866645813,0.38715487718582153,0.3255985379219055,0.2774687707424164,0.3254912495613098,0.2283996343612671,0.16121138632297516,0.10043390095233917,0.33852681517601013,0.27172696590423584,0.3292800784111023,0.3616269528865814,0.3645719587802887,0.30492067337036133,0.35886332392692566,0.3887326121330261,0.38990461826324463,0.3491283655166626,0.3905751705169678,0.4177092909812927,2.676513020105631e-07,0.007217874750494957,-0.007573801092803478,-0.03425521031022072,-0.05899058282375336,-0.0006692894385196269,-0.03568848967552185,-0.06256261467933655,-0.08202161639928818,-0.027754485607147217,-0.07566233724355698,-0.08890610188245773,-0.0873517394065857,-0.05574595555663109,-0.09456413984298706,-0.07622765004634857,-0.0542534664273262,-0.08528181910514832,-0.10319926589727402,-0.08214206248521805,-0.06173564866185188,ascend
0.43941521644592285,0.4657566249370575,0.4804745614528656,0.4804297685623169,0.479023814201355,0.5007844567298889,0.5008786916732788,0.49569645524024963,0.4880436360836029,0.49040091037750244,0.48684564232826233,0.48101407289505005,0.47553321719169617,0.47244518995285034,0.47468435764312744,0.4691454768180847,0.4651693105697632,0.4504653215408325,0.4563896358013153,0.45667633414268494,0.45934897661209106,0.601266622543335,0.5438143014907837,0.47049862146377563,0.413150817155838,0.3678645193576813,0.45466935634613037,0.3502799868583679,0.27825823426246643,0.2244960069656372,0.4590924084186554,0.3410939574241638,0.2590646743774414,0.1948741376399994,0.4633353650569916,0.35051220655441284,0.2759675979614258,0.21829266846179962,0.46803727746009827,0.3839820623397827,0.33108049631118774,0.2885037362575531,-7.43346149079116e-08,0.0032634527888149023,-0.004225275479257107,-0.013516404666006565,-0.02503781020641327,-0.023237040266394615,-0.04855976998806,-0.0647878423333168,-0.07468821853399277,-0.038636863231658936,-0.06442084908485413,-0.08180395513772964,-0.09353819489479065,-0.05312107130885124,-0.07578406482934952,-0.0869591012597084,-0.09310096502304077,-0.06641678512096405,-0.08671427518129349,-0.09291959553956985,-0.09522907435894012,ascend
0.3816036880016327,0.42751461267471313,0.5108161568641663,0.5690239667892456,0.5954898595809937,0.6324060559272766,0.6804521679878235,0.6197217702865601,0.5827497243881226,0.6555726528167725,0.6776668429374695,0.617574155330658,0.5825269818305969,0.6518843173980713,0.6541288495063782,0.6026900410652161,0.5687246918678284,0.6342142820358276,0.6269555687904358,0.5814732909202576,0.5538473129272461,0.2366011142730713,0.42851054668426514,0.5958269834518433,0.7294155359268188,0.8337786197662354,0.4956185519695282,0.5166139006614685,0.49252864718437195,0.47337770462036133,0.3696812391281128,0.4047333002090454,0.3975669741630554,0.37782907485961914,0.2559499144554138,0.3017042875289917,0.3039472699165344,0.28950178623199463,0.16244357824325562,0.20895028114318848,0.21440011262893677,0.20130079984664917,-1.7966836907135075e-08,-0.020194271579384804,-0.04615627974271774,-0.07088181376457214,-0.09398903697729111,-0.0702342763543129,-0.1140822321176529,-0.14690588414669037,-0.16891831159591675,-0.08468272536993027,-0.10382656008005142,-0.11071158945560455,-0.12741927802562714,-0.09929265826940536,-0.11586891114711761,-0.09533269703388214,-0.08974460512399673,-0.11593838781118393,-0.11883541941642761,-0.08990519493818283,-0.07294077426195145,land
0.6486562490463257,0.5778462886810303,0.4904019832611084,0.4207819998264313,0.38568413257598877,0.3604280948638916,0.3099621534347534,0.37122756242752075,0.42279741168022156,0.33899158239364624,0.31737518310546875,0.371561735868454,0.4201716482639313,0.3477822244167328,0.33741188049316406,0.38760191202163696,0.4413025975227356,0.367891401052475,0.3587086498737335,0.40937066078186035,0.45693689584732056,0.2645606994628906,0.44275057315826416,0.5875609517097473,0.7049260139465332,0.8042594194412231,0.4776906371116638,0.5209667086601257,0.497039258480072,0.47353190183639526,0.35843732953071594,0.41316041350364685,0.40626657009124756,0.38454505801200867,0.25106436014175415,0.31340736150741577,0.31032854318618774,0.2874976098537445,0.16113951802253723,0.21957165002822876,0.22446389496326447,0.2027140110731125,-8.247583878073783e-07,-0.03422702103853226,-0.07364225387573242,-0.10805817693471909,-0.1388111710548401,-0.07687955349683762,-0.09115462005138397,-0.09781093895435333,-0.10552006214857101,-0.07363326847553253,-0.07698553800582886,-0.07915382087230682,-0.09228087961673737,-0.06725446879863739,-0.06910528242588043,-0.06058463826775551,-0.06559716910123825,-0.06306350231170654,-0.06705263257026672,-0.05375126004219055,-0.04691412299871445,land
0.508111298084259,0.5154547691345215,0.5216048955917358,0.5234317183494568,0.5555448532104492,0.641273558139801,0.4784974455833435,0.46238192915916443,0.5080806016921997,0.607544481754303,0.41288527846336365,0.42564594745635986,0.48343387246131897,0.5501022338867188,0.3727039694786072,0.3944636583328247,0.44946587085723877,0.4922458529472351,0.3603190779685974,0.3815859854221344,0.43743252754211426,0.34147557616233826,0.49689531326293945,0.6449296474456787,0.7551233768463135,0.8519101142883301,0.5459779500961304,0.6302365660667419,0.6040735244750977,0.5784457325935364,0.4433078169822693,0.5509158372879028,0.5241872072219849,0.49613574147224426,0.3582281470298767,0.4631679654121399,0.4397740066051483,0.41630464792251587,0.29217544198036194,0.37407296895980835,0.3580264747142792,0.3271738886833191,-4.4221860662219115e-07,-0.051921483129262924,-0.09405708312988281,-0.13007040321826935,-0.15971975028514862,-0.1310892254114151,-0.20020435750484467,-0.23665495216846466,-0.26196083426475525,-0.14321835339069366,-0.1999736726284027,-0.2048415094614029,-0.22153283655643463,-0.15960200130939484,-0.20605723559856415,-0.183418408036232,-0.17809157073497772,-0.18228521943092346,-0.21375995874404907,-0.20247071981430054,-0.2021375447511673,land
0.5073699951171875,0.5091606974601746,0.48718181252479553,0.47409072518348694,0.4373212456703186,0.3650756776332855,0.5364627242088318,0.5346763134002686,0.48571330308914185,0.3788043260574341,0.5973711013793945,0.5710750818252563,0.5102300643920898,0.42889782786369324,0.6222851276397705,0.5972349643707275,0.5449665188789368,0.4932017922401428,0.6213381290435791,0.5994776487350464,0.5496982336044312,0.374762624502182,0.4911721646785736,0.622442364692688,0.7355441451072693,0.8405941724777222,0.5376505255699158,0.6330502033233643,0.5983369946479797,0.560550332069397,0.4341736435890198,0.5508567690849304,0.5140023827552795,0.4756242334842682,0.3428131937980652,0.4598599374294281,0.4308852255344391,0.3992258906364441,0.26854991912841797,0.3574531674385071,0.3534165620803833,0.3353326916694641,-6.606726969948795e-07,-0.08981415629386902,-0.16158458590507507,-0.2142900973558426,-0.2554943561553955,-0.19743157923221588,-0.2730984091758728,-0.30493977665901184,-0.32426097989082336,-0.1885787397623062,-0.25034409761428833,-0.25011733174324036,-0.2535475492477417,-0.18209011852741241,-0.23970647156238556,-0.20727330446243286,-0.18287818133831024,-0.18501226603984833,-0.24289080500602722,-0.23854771256446838,-0.22696830332279205,land
0.2775678336620331,0.30779603123664856,0.38228917121887207,0.44303587079048157,0.47675445675849915,0.531974196434021,0.5138086676597595,0.46936798095703125,0.45827364921569824,0.554571270942688,0.5432615280151367,0.5066734552383423,0.4917599558830261,0.5540339350700378,0.5569831132888794,0.5271310806274414,0.5102595090866089,0.5437818765640259,0.5439605712890625,0.508998692035675,0.48307085037231445,0.3116982579231262,0.45978406071662903,0.588657021522522,0.6980440020561218,0.7867850065231323,0.5016067624092102,0.5355536937713623,0.5170059204101562,0.4942183196544647,0.40729162096977234,0.4395832121372223,0.43334606289863586,0.4133240580558777,0.32038068771362305,0.358685702085495,0.3556593656539917,0.33813080191612244,0.2467086911201477,0.28097277879714966,0.28274768590927124,0.26980847120285034,7.809843083350643e-08,-0.02831513248383999,-0.049956485629081726,-0.06810546666383743,-0.08549777418375015,-0.03896990790963173,-0.06584565341472626,-0.09693905711174011,-0.12133666127920151,-0.04074777662754059,-0.050329674035310745,-0.06837718933820724,-0.092677041888237,-0.04398101195693016,-0.056636299937963486,-0.05668308213353157,-0.06424111127853394,-0.04906235635280609,-0.0592644177377224,-0.04822602495551109,-0.04189334809780121,land
0.6082261800765991,0.6443560719490051,0.6811617612838745,0.7081189155578613,0.7141405940055847,0.7932996153831482,0.828048825263977,0.7592926025390625,0.7548179626464844,0.7939918637275696,0.8233922123908997,0.7365738749504089,0.7457906007766724,0.7814309000968933,0.8155803680419922,0.7390478253364563,0.7416995167732239,0.7693037390708923,0.7855245471000671,0.7423688173294067,0.7380583882331848,0.4301505982875824,0.5350324511528015,0.6436613202095032,0.7519947290420532,0.8312364816665649,0.5637590885162354,0.5766730904579163,0.5646475553512573,0.563672661781311,0.4861293137073517,0.4920057952404022,0.4966777563095093,0.5072417259216309,0.4165319800376892,0.42383211851119995,0.43362003564834595,0.4397445321083069,0.35232484340667725,0.3524094820022583,0.36952632665634155,0.37247198820114136,-2.001884809033072e-07,-0.041222527623176575,-0.06712300330400467,-0.0907750204205513,-0.10730335861444473,-0.03336276859045029,-0.0668669044971466,-0.08633529394865036,-0.10137315094470978,-0.033405695110559464,-0.05738171190023422,-0.061487723141908646,-0.07127691805362701,-0.03997134044766426,-0.06578857451677322,-0.04633776471018791,-0.037385642528533936,-0.05100451782345772,-0.05999603122472763,-0.04065082222223282,-0.030664248391985893,land
0.3888295292854309,0.35982513427734375,0.3184800446033478,0.2954951226711273,0.2853051722049713,0.21731020510196686,0.16668467223644257,0.23595939576625824,0.2557106912136078,0.21458715200424194,0.1712043136358261,0.2529567778110504,0.2593119442462921,0.22291536629199982,0.16840338706970215,0.25121068954467773,0.26813533902168274,0.23978053033351898,0.1969185620546341,0.25350868701934814,0.2735636830329895,0.43115368485450745,0.5458438992500305,0.6494749188423157,0.741490364074707,0.8117464780807495,0.5587401390075684,0.5693740248680115,0.564321756362915,0.5649162530899048,0.48270320892333984,0.49716007709503174,0.49825963377952576,0.49792832136154175,0.41077283024787903,0.42331501841545105,0.43045032024383545,0.43094369769096375,0.3473665118217468,0.35772475600242615,0.3754887282848358,0.3792564868927002,-6.401472774086869e-07,-0.04081065207719803,-0.07600025087594986,-0.11092180013656616,-0.14028450846672058,-0.05740797519683838,-0.09073798358440399,-0.09621023386716843,-0.0983196496963501,-0.0573718398809433,-0.09038077294826508,-0.08575158566236496,-0.0819079726934433,-0.06164452061057091,-0.09142229706048965,-0.06541018187999725,-0.047663114964962006,-0.07013726979494095,-0.08301055431365967,-0.060038331896066666,-0.04376520961523056,land
0.2770363986492157,0.3693571984767914,0.4709537625312805,0.5548202991485596,0.6013163328170776,0.5659676194190979,0.6619371175765991,0.6013316512107849,0.546938419342041,0.5533258318901062,0.6260497570037842,0.5795352458953857,0.5414754748344421,0.5210659503936768,0.5841954946517944,0.5520274639129639,0.5157952904701233,0.4851314127445221,0.5468899607658386,0.5225852727890015,0.4881204068660736,0.4274795651435852,0.5454990267753601,0.6051174402236938,0.6639090776443481,0.726620078086853,0.47584599256515503,0.5080509781837463,0.5358726978302002,0.5326287746429443,0.39770805835723877,0.4460005760192871,0.47653788328170776,0.4728245139122009,0.33570554852485657,0.3875526189804077,0.41490671038627625,0.41220927238464355,0.2919875383377075,0.335852712392807,0.3649115562438965,0.3662249445915222,5.186155149772276e-08,0.00026556800003163517,-0.012464103288948536,-0.02796059474349022,-0.03906366974115372,-0.014584498479962349,-0.02898227982223034,-0.03871987760066986,-0.042054302990436554,-0.0211622454226017,-0.01513187400996685,-0.009942719712853432,-0.013897640630602837,-0.027407921850681305,-0.01830429956316948,-0.0010663551511242986,0.003146594623103738,-0.03385098651051521,-0.020696712657809258,0.003993922378867865,0.019399026408791542,land
0.28178220987319946,0.29704922437667847,0.37175869941711426,0.4530952274799347,0.5066741704940796,0.5101007223129272,0.6733893752098083,0.6242187023162842,0.5642478466033936,0.5317516922950745,0.6910902857780457,0.637471079826355,0.5790111422538757,0.5379258990287781,0.6838860511779785,0.6387035846710205,0.5836611986160278,0.5313910841941833,0.6530077457427979,0.6197474598884583,0.5728312730789185,0.18286213278770447,0.3050553500652313,0.40302401781082153,0.4713580012321472,0.534469723701477,0.31785696744918823,0.3340790867805481,0.3339114487171173,0.3248724639415741,0.23401154577732086,0.2691665589809418,0.2730104923248291,0.26326602697372437,0.16265206038951874,0.2014327347278595,0.2084139585494995,0.19950202107429504,0.1010735034942627,0.13631968200206757,0.14768081903457642,0.14166966080665588,1.8047314753744104e-08,-0.02767615206539631,-0.050443023443222046,-0.06815186142921448,-0.0821324810385704,-0.0700821802020073,-0.10028569400310516,-0.11044929176568985,-0.11073017865419388,-0.06623123586177826,-0.0859735757112503,-0.08295632153749466,-0.0802588015794754,-0.06225164234638214,-0.07796673476696014,-0.06000765040516853,-0.04641829803586006,-0.05946916341781616,-0.07615296542644501,-0.061614710837602615,-0.046776898205280304,land
0.7290995121002197,0.6857682466506958,0.618995189666748,0.5372303128242493,0.4870098829269409,0.4849507510662079,0.32766374945640564,0.3798619508743286,0.4384344220161438,0.47019967436790466,0.3088639974594116,0.35746726393699646,0.4075058400630951,0.46597960591316223,0.31167250871658325,0.3548048734664917,0.4027751088142395,0.4699321389198303,0.3412523865699768,0.37099599838256836,0.418265700340271,0.19820216298103333,0.3184334337711334,0.40801697969436646,0.48466581106185913,0.5511842966079712,0.29941046237945557,0.34128305315971375,0.35310640931129456,0.34041979908943176,0.21455709636211395,0.2748621702194214,0.2937621772289276,0.27854421734809875,0.14606769382953644,0.20989210903644562,0.22645330429077148,0.21259468793869019,0.09509272873401642,0.151908278465271,0.16952739655971527,0.16057224571704865,-5.898444896956789e-07,-0.03247858211398125,-0.07239187508821487,-0.10504846274852753,-0.12982551753520966,-0.10710078477859497,-0.1267348676919937,-0.11105559766292572,-0.09504982084035873,-0.09725891053676605,-0.12220793217420578,-0.10167267173528671,-0.0830763429403305,-0.08302892744541168,-0.09795241057872772,-0.0688437968492508,-0.04629894718527794,-0.06968612223863602,-0.0778830349445343,-0.05674345791339874,-0.03646053746342659,land
0.5842212438583374,0.6278852224349976,0.7144520878791809,0.7575464844703674,0.7749555110931396,0.8282763957977295,0.8868097066879272,0.8107568621635437,0.7511332631111145,0.8318210244178772,0.8828269839286804,0.7753095030784607,0.7030700445175171,0.814437985420227,0.8608317971229553,0.7525761723518372,0.6802781820297241,0.7853789925575256,0.804441511631012,0.7426111102104187,0.6988935470581055,0.40644776821136475,0.5426685810089111,0.6896640658378601,0.8070127964019775,0.9102838039398193,0.567655086517334,0.6046345829963684,0.614371657371521,0.6090770363807678,0.4776754677295685,0.5167094469070435,0.5328134298324585,0.5230611562728882,0.3913613557815552,0.4295152723789215,0.4597473442554474,0.4596346318721771,0.31164830923080444,0.34553223848342896,0.3766663670539856,0.3829781413078308,1.7883876068935933e-07,-0.04788045957684517,-0.07541996985673904,-0.10460036993026733,-0.13049310445785522,-0.050704531371593475,-0.12094451487064362,-0.16707339882850647,-0.19142889976501465,-0.06092105060815811,-0.14125056564807892,-0.17536194622516632,-0.18793834745883942,-0.08069561421871185,-0.15818734467029572,-0.16310735046863556,-0.15153992176055908,-0.10465381294488907,-0.1576911211013794,-0.16090074181556702,-0.1550123542547226,land
0.6120559573173523,0.5919498205184937,0.539513885974884,0.5014097690582275,0.4702043831348419,0.4715724289417267,0.41238173842430115,0.41174158453941345,0.43316441774368286,0.4893462657928467,0.4210014045238495,0.43902361392974854,0.4758932888507843,0.5162029266357422,0.45148488879203796,0.4716475307941437,0.5024592876434326,0.5500431060791016,0.49916061758995056,0.48846516013145447,0.4893220067024231,0.44232383370399475,0.506364643573761,0.5613817572593689,0.6152756214141846,0.6711903810501099,0.45471739768981934,0.40201669931411743,0.3996088206768036,0.4143514335155487,0.3916550874710083,0.32675397396087646,0.33948081731796265,0.3686545491218567,0.341635525226593,0.2874312400817871,0.29901033639907837,0.32538506388664246,0.3030242621898651,0.2543785572052002,0.2409473955631256,0.23941989243030548,-9.245005827551722e-08,-0.058005061000585556,-0.10308758169412613,-0.14356549084186554,-0.18305592238903046,-0.0877024233341217,-0.1480027586221695,-0.18922486901283264,-0.21118007600307465,-0.08745873719453812,-0.14928694069385529,-0.1774301677942276,-0.1880437135696411,-0.09221675246953964,-0.14738601446151733,-0.15434567630290985,-0.14864526689052582,-0.10083824396133423,-0.13873858749866486,-0.13998256623744965,-0.1344245821237564,land
0.4230905771255493,0.41696199774742126,0.45337358117103577,0.5013614892959595,0.532349169254303,0.45918557047843933,0.49303606152534485,0.5208131074905396,0.5443198680877686,0.49027788639068604,0.5325502157211304,0.5396652221679688,0.5392865538597107,0.508250892162323,0.544782280921936,0.5507503151893616,0.5476877689361572,0.5160502791404724,0.5497605800628662,0.5487218499183655,0.539344310760498,0.36914128065109253,0.4535066485404968,0.5563480257987976,0.6311375498771667,0.6958494186401367,0.5306708216667175,0.5803262591362,0.6159199476242065,0.6451050639152527,0.4754059612751007,0.4962199926376343,0.496013879776001,0.4975028336048126,0.41335123777389526,0.4129035472869873,0.409808486700058,0.4162587523460388,0.35332104563713074,0.3437921404838562,0.34556859731674194,0.35698992013931274,1.7871698787530477e-07,-0.054896533489227295,-0.08011019974946976,-0.09762711077928543,-0.1192067563533783,-0.09467179328203201,-0.13765369355678558,-0.16427329182624817,-0.18494361639022827,-0.09219979494810104,-0.14123466610908508,-0.1641014665365219,-0.18011395633220673,-0.09299594908952713,-0.1425277143716812,-0.1513829380273819,-0.15492761135101318,-0.09718015789985657,-0.1378261297941208,-0.14480765163898468,-0.14827311038970947,land
0.8532512784004211,0.8113425374031067,0.7927170991897583,0.8230758905410767,0.856202244758606,0.7945897579193115,0.7659358382225037,0.7542188167572021,0.7480107545852661,0.8369467854499817,0.8371953964233398,0.8465070724487305,0.8549078702926636,0.8736100792884827,0.8843545317649841,0.8723767995834351,0.862006664276123,0.9057632684707642,0.9125761985778809,0.8996939063072205,0.889575183391571,0.8194112777709961,0.7800706624984741,0.7239513397216797,0.675707221031189,0.6340530514717102,0.6097897887229919,0.5225052237510681,0.46847647428512573,0.42133772373199463,0.605202317237854,0.5037392377853394,0.44793885946273804,0.4017385244369507,0.623543918132782,0.5597054958343506,0.6154211163520813,0.6573253273963928,0.6582606434822083,0.6191725730895996,0.6557289361953735,0.6877188682556152,2.250241948331677e-07,-0.04263710230588913,-0.062223002314567566,-0.08076941967010498,-0.09571557492017746,-0.027165770530700684,-0.05738365650177002,-0.07995419949293137,-0.09525488317012787,-0.027028242126107216,-0.056845810264348984,-0.07536162436008453,-0.08527563512325287,-0.032845914363861084,-0.07765953987836838,-0.08298863470554352,-0.07448367774486542,-0.042493969202041626,-0.08088303357362747,-0.08137023448944092,-0.07261881977319717,forward
0.14926469326019287,0.19572973251342773,0.21053242683410645,0.1737867146730423,0.13172462582588196,0.20691059529781342,0.22707144916057587,0.23781894147396088,0.24655993282794952,0.16489635407924652,0.15678565204143524,0.15107059478759766,0.1449834257364273,0.1269136518239975,0.1215425357222557,0.13185527920722961,0.1376466453075409,0.09449300915002823,0.08771435916423798,0.10148182511329651,0.11265067756175995,0.8109595775604248,0.7813392877578735,0.7199047803878784,0.6755771636962891,0.6416199803352356,0.6096934676170349,0.5237365961074829,0.4693453907966614,0.4218604564666748,0.6050909757614136,0.5099779963493347,0.4524868130683899,0.40519312024116516,0.6245260834693909,0.5618553757667542,0.6147975325584412,0.657416820526123,0.6616349816322327,0.6147840023040771,0.6486663818359375,0.6819343566894531,4.670675366469368e-07,-0.03312027081847191,-0.04872766509652138,-0.06512594223022461,-0.08022760599851608,-0.020631687715649605,-0.04273226112127304,-0.05993986129760742,-0.07346121966838837,-0.027038002386689186,-0.055551789700984955,-0.0772961750626564,-0.09001132845878601,-0.03756086528301239,-0.0822073221206665,-0.09103831648826599,-0.08485721051692963,-0.05073639005422592,-0.08863731473684311,-0.09102920442819595,-0.08422517031431198,forward
0.8689056634902954,0.8300911784172058,0.7828474044799805,0.7462865710258484,0.722875714302063,0.7108935713768005,0.6448861360549927,0.6786884069442749,0.7097315192222595,0.705405592918396,0.6383739709854126,0.6815977692604065,0.7125776410102844,0.7092335224151611,0.6423149108886719,0.6803440451622009,0.7117549180984497,0.721558690071106,0.6637744307518005,0.6811535954475403,0.7076895833015442,0.5643128156661987,0.6516637206077576,0.7260621786117554,0.7884402275085449,0.83629310131073,0.6502086520195007,0.6760503649711609,0.6869097352027893,0.6795077323913574,0.6012200713157654,0.6193031668663025,0.6391340494155884,0.6301066279411316,0.5521925687789917,0.5670750737190247,0.5932314395904541,0.5918651223182678,0.5037821531295776,0.5022960305213928,0.5345906019210815,0.548255980014801,-4.752603501856356e-07,-0.026200735941529274,-0.047537073493003845,-0.07286407053470612,-0.09515007585287094,-0.013524568639695644,-0.04978857561945915,-0.07248294353485107,-0.08343913406133652,-0.017600709572434425,-0.053666260093450546,-0.06583422422409058,-0.0685960128903389,-0.02816694788634777,-0.05791332572698593,-0.0536373034119606,-0.04507354646921158,-0.042564526200294495,-0.05606489256024361,-0.04820052906870842,-0.039944034069776535,land
0.12214016914367676,0.15990671515464783,0.2147822380065918,0.2543942332267761,0.270801842212677,0.2831285297870636,0.3504192531108856,0.3197948932647705,0.2861347496509552,0.28794699907302856,0.3586573004722595,0.3135894238948822,0.27509111166000366,0.2838975787162781,0.3558865189552307,0.31897464394569397,0.28337904810905457,0.27623578906059265,0.33746573328971863,0.3216489255428314,0.2960352897644043,0.5671736598014832,0.6540277600288391,0.7320199608802795,0.793333888053894,0.8492346405982971,0.6538868546485901,0.6835352182388306,0.6976704597473145,0.6936019062995911,0.6064413189888,0.6256800889968872,0.6418507099151611,0.6353862285614014,0.5569960474967957,0.5762921571731567,0.595689058303833,0.593411922454834,0.5023430585861206,0.5068631172180176,0.535003662109375,0.5476658940315247,4.9292470549744394e-08,-0.02372121997177601,-0.03687489777803421,-0.0525035485625267,-0.06727568805217743,-0.01924295909702778,-0.051395516842603683,-0.0749356672167778,-0.08733214437961578,-0.02526860125362873,-0.057638365775346756,-0.07619526237249374,-0.08675223588943481,-0.036140915006399155,-0.06356952339410782,-0.06674110889434814,-0.06574995070695877,-0.05005570128560066,-0.06655814498662949,-0.06667087227106094,-0.065694160759449,land
0.20483259856700897,0.22120791673660278,0.26682165265083313,0.29617011547088623,0.3025316894054413,0.3114200830459595,0.3887549340724945,0.3560274839401245,0.323283851146698,0.3272913694381714,0.4001699984073639,0.3679307699203491,0.33403873443603516,0.3348902463912964,0.40357911586761475,0.37443262338638306,0.340427964925766,0.337478369474411,0.3954991102218628,0.37397053837776184,0.34514275193214417,0.8831718564033508,0.7914367318153381,0.7045770287513733,0.6379727125167847,0.583298921585083,0.7595445513725281,0.7402838468551636,0.7437397837638855,0.7505918741226196,0.8227231502532959,0.7964325547218323,0.794859766960144,0.8037367463111877,0.8795616626739502,0.84914630651474,0.8483850955963135,0.8596789240837097,0.9279221892356873,0.9039061665534973,0.8985104560852051,0.908031702041626,-5.483555582941335e-07,-0.018043115735054016,-0.03696521371603012,-0.05365482345223427,-0.0668400228023529,-0.048983097076416016,-0.06837602704763412,-0.07456074655056,-0.07683570683002472,-0.051792945712804794,-0.06400467455387115,-0.061088502407073975,-0.06037850305438042,-0.054208904504776,-0.06342444568872452,-0.050134629011154175,-0.042565103620290756,-0.057419341057538986,-0.06259031593799591,-0.048546407371759415,-0.038592346012592316,takeoff
0.7702264785766602,0.773440420627594,0.7329742908477783,0.6992858648300171,0.6935338377952576,0.7051839828491211,0.6064183115959167,0.6370953917503357,0.6776096820831299,0.6805538535118103,0.5976672172546387,0.6310083270072937,0.6668879389762878,0.6634496450424194,0.5985577702522278,0.6289007067680359,0.6621534824371338,0.6541047692298889,0.6055659055709839,0.6278374791145325,0.6528909206390381,0.8960968255996704,0.8063721656799316,0.7073529362678528,0.6362200975418091,0.5765711665153503,0.7519086599349976,0.7340394854545593,0.7484338283538818,0.7534235119819641,0.8158960342407227,0.7931593656539917,0.8005430102348328,0.8103882670402527,0.8756515383720398,0.8481058478355408,0.8545475602149963,0.8620790243148804,0.9250213503837585,0.9008411765098572,0.9064534902572632,0.9179806709289551,-1.6904559174690803e-07,-0.015364625491201878,-0.028306059539318085,-0.03731445223093033,-0.04582531005144119,-0.05160755291581154,-0.0728524923324585,-0.0803421288728714,-0.08281543850898743,-0.05392441153526306,-0.06636589020490646,-0.06143894046545029,-0.06142931804060936,-0.05600796639919281,-0.06806603819131851,-0.05455454811453819,-0.04777086526155472,-0.05846099182963371,-0.06616008281707764,-0.053101301193237305,-0.043969374150037766,takeoff
0.8764451742172241,0.7969521284103394,0.7632499933242798,0.7708327770233154,0.7893703579902649,0.7609823942184448,0.7472683191299438,0.7526340484619141,0.7593604922294617,0.8067768216133118,0.7703170776367188,0.7486683130264282,0.7363153696060181,0.8484988808631897,0.812049925327301,0.8056728839874268,0.8082452416419983,0.8864131569862366,0.8588215708732605,0.8465225100517273,0.8393433094024658,0.4481610059738159,0.48716625571250916,0.5514123439788818,0.6198285818099976,0.6640448570251465,0.5950440168380737,0.7051510214805603,0.7698719501495361,0.821530818939209,0.6223095655441284,0.7333595156669617,0.782152533531189,0.814254641532898,0.6347097754478455,0.7309514880180359,0.7149398922920227,0.6867645382881165,0.6336580514907837,0.7116836905479431,0.7053003907203674,0.6858311295509338,7.460511142198811e-08,0.026093659922480583,0.032735466957092285,0.036280494183301926,0.037287309765815735,-0.0035676194820553064,-0.012603826820850372,-0.02336946874856949,-0.02909982018172741,-0.015159607864916325,-0.003527782391756773,0.004081159830093384,0.004476593807339668,-0.02262304723262787,-0.0041211810894310474,0.014757732860744,0.023422298952937126,-0.02906089276075363,-0.013950970023870468,0.006194367539137602,0.019933076575398445,descend
0.9949716925621033,0.9310637712478638,0.8430668115615845,0.782010018825531,0.7465206980705261,0.8299106955528259,0.748299777507782,0.7005472779273987,0.6627975702285767,0.8308713436126709,0.7421243190765381,0.7660698294639587,0.8012561202049255,0.8426787257194519,0.7610765099525452,0.7870614528656006,0.8192148208618164,0.8626468777656555,0.789003312587738,0.806603193283081,0.8352826237678528,0.7312354445457458,0.6717298626899719,0.6627382636070251,0.6878514885902405,0.7212850451469421,0.6538510918617249,0.6771140694618225,0.6873658895492554,0.6935921907424927,0.7167575359344482,0.7493617534637451,0.7498602271080017,0.7409164905548096,0.7795629501342773,0.8015545010566711,0.7950395941734314,0.7844226360321045,0.8366314768791199,0.8479629158973694,0.8368260860443115,0.827528715133667,4.7374530964816586e-08,0.0027359528467059135,-0.00530649907886982,-0.012025482952594757,-0.022095266729593277,-0.03633169084787369,-0.04899701476097107,-0.05573830381035805,-0.06169673055410385,-0.04811418056488037,-0.05818880721926689,-0.05223410949110985,-0.04889325797557831,-0.05680746212601662,-0.06519327312707901,-0.04997914656996727,-0.04032955318689346,-0.06455149501562119,-0.06869973987340927,-0.0525011382997036,-0.04053964093327522,strafe_left
0.7444617748260498,0.8012150526046753,0.8334084749221802,0.86101233959198,0.8989906907081604,0.7974709272384644,0.8175274729728699,0.8294350504875183,0.8371800184249878,0.7578029632568359,0.7652857303619385,0.7693403959274292,0.7725705504417419,0.7170396447181702,0.7081797122955322,0.702388346195221,0.7000590562820435,0.6767587661743164,0.6609587669372559,0.6541309952735901,0.6525479555130005,0.6546298265457153,0.6106525659561157,0.5501487255096436,0.4954259991645813,0.4729524552822113,0.4614344537258148,0.35596224665641785,0.2935868501663208,0.24383121728897095,0.4595109224319458,0.33853036165237427,0.2636678218841553,0.2080124318599701,0.4737456142902374,0.3634772300720215,0.29328036308288574,0.24094334244728088,0.49999284744262695,0.4188273251056671,0.3726561665534973,0.3306959271430969,4.855227189182187e-07,-0.005793512798845768,-0.017109930515289307,-0.028530767187476158,-0.042127810418605804,-0.038485944271087646,-0.06190631538629532,-0.07444029301404953,-0.08297698199748993,-0.049678850919008255,-0.07904363423585892,-0.09709876030683517,-0.10834431648254395,-0.0586397610604763,-0.08537683635950089,-0.09934154897928238,-0.10666100680828094,-0.06617380678653717,-0.0902106761932373,-0.09923508763313293,-0.10249271988868713,hover
0.25744518637657166,0.19496668875217438,0.16052629053592682,0.13873492181301117,0.10259562730789185,0.20167678594589233,0.18054106831550598,0.1715286672115326,0.1658468246459961,0.24085760116577148,0.2303253710269928,0.22808369994163513,0.22683802247047424,0.2813209891319275,0.28638508915901184,0.29311445355415344,0.2977439761161804,0.3237287700176239,0.33844074606895447,0.3444611430168152,0.3479851484298706,0.6661682724952698,0.6232889890670776,0.5549437999725342,0.5008939504623413,0.47277742624282837,0.46264731884002686,0.35448139905929565,0.29075485467910767,0.24314038455486298,0.4609167277812958,0.3380800485610962,0.2621719241142273,0.20608848333358765,0.47465071082115173,0.36242157220840454,0.29388725757598877,0.24226608872413635,0.4974946975708008,0.41855448484420776,0.37018904089927673,0.328591912984848,1.3050896541244583e-07,-0.0017706892685964704,-0.010414935648441315,-0.021682308986783028,-0.03522181883454323,-0.02379506267607212,-0.045157864689826965,-0.05774978548288345,-0.06529552489519119,-0.03856922686100006,-0.05892019346356392,-0.07290039211511612,-0.08164189755916595,-0.053482260555028915,-0.07195683568716049,-0.08769635856151581,-0.09729472547769547,-0.06784392893314362,-0.08116209506988525,-0.08793923258781433,-0.09159471094608307,hover
0.2697752118110657,0.2898158133029938,0.32312920689582825,0.3526514768600464,0.3663771152496338,0.3800574839115143,0.40793779492378235,0.3673100471496582,0.35632649064064026,0.38712072372436523,0.4116745591163635,0.36492618918418884,0.3608514070510864,0.38788482546806335,0.4138212502002716,0.36902573704719543,0.36195388436317444,0.38867059350013733,0.40870150923728943,0.3797343969345093,0.37051963806152344,0.5821856260299683,0.6500867009162903,0.7108542919158936,0.7569196820259094,0.7950774431228638,0.6691474318504333,0.6973317861557007,0.6867566704750061,0.6723368763923645,0.6345686316490173,0.6581233143806458,0.6494879722595215,0.6387453079223633,0.5992692708969116,0.626674473285675,0.6231006979942322,0.6112168431282043,0.5607140064239502,0.5838061571121216,0.5901933312416077,0.5812086462974548,-1.0593493016131106e-07,-0.015416741371154785,-0.021643904969096184,-0.028209250420331955,-0.030886508524417877,-0.004753070417791605,-0.019197547808289528,-0.02509145252406597,-0.027568042278289795,-0.006095586810261011,-0.019838040694594383,-0.025038184598088264,-0.028720948845148087,-0.010428262874484062,-0.0256887748837471,-0.017487335950136185,-0.010586705058813095,-0.016255194321274757,-0.024263519793748856,-0.014122148044407368,-0.005886208266019821,land
0.7837650179862976,0.7600758075714111,0.7123314142227173,0.6795289516448975,0.6556980013847351,0.6346269249916077,0.6479991674423218,0.6844261884689331,0.6723366379737854,0.6317567229270935,0.6583192348480225,0.6952362656593323,0.6747733950614929,0.645339846611023,0.6595802307128906,0.6979396939277649,0.6840465664863586,0.6658636331558228,0.6645782589912415,0.6937447786331177,0.6907981634140015,0.5190482139587402,0.5922319293022156,0.6532959938049316,0.6987431049346924,0.7405259609222412,0.5713761448860168,0.6110210418701172,0.6040976047515869,0.5876464247703552,0.520846426486969,0.5575684905052185,0.5558818578720093,0.538623571395874,0.47400301694869995,0.5032614469528198,0.5114492774009705,0.49629130959510803,0.43202051520347595,0.4458423852920532,0.46418559551239014,0.4587971866130829,-4.6183794211174245e-07,-0.03610226511955261,-0.062291573733091354,-0.08523725718259811,-0.10322323441505432,-0.04753690958023071,-0.07994238287210464,-0.09358158707618713,-0.10279518365859985,-0.04737831652164459,-0.08415494114160538,-0.08972317725419998,-0.09098001569509506,-0.051340989768505096,-0.08553100377321243,-0.07399055361747742,-0.06309632956981659,-0.05915297195315361,-0.07782852649688721,-0.0684838593006134,-0.059944674372673035,land
0.23144982755184174,0.24319776892662048,0.2948862314224243,0.3324712812900543,0.3527432382106781,0.3559487462043762,0.3524802327156067,0.31695759296417236,0.32984912395477295,0.3648696839809418,0.34650611877441406,0.3035503327846527,0.3229534327983856,0.3506907820701599,0.34174844622612,0.3047272264957428,0.32355251908302307,0.3338627517223358,0.3285035789012909,0.3076828718185425,0.3198848068714142,0.5001281499862671,0.5659515261650085,0.6452706456184387,0.705822229385376,0.7605253458023071,0.5920284986495972,0.606282651424408,0.5921832919120789,0.5790607929229736,0.5346762537956238,0.5514907836914062,0.5459292531013489,0.5391349196434021,0.4797269403934479,0.48856645822525024,0.49802738428115845,0.49877890944480896,0.4368441104888916,0.44023269414901733,0.4498651325702667,0.44641223549842834,-8.500570913838601e-08,-0.04254832863807678,-0.06109638139605522,-0.07406517118215561,-0.08276665210723877,-0.0463574081659317,-0.07807178795337677,-0.0954248234629631,-0.10698617249727249,-0.04267448931932449,-0.073591448366642,-0.08827539533376694,-0.09926825761795044,-0.043172549456357956,-0.07467341423034668,-0.07030278444290161,-0.06663615256547928,-0.04692409560084343,-0.0658780187368393,-0.05775657668709755,-0.05180548503994942,land
0.1736353486776352,0.19973152875900269,0.20573285222053528,0.1994916796684265,0.1852111518383026,0.15347333252429962,0.20960360765457153,0.21935729682445526,0.2074330598115921,0.14627192914485931,0.22749468684196472,0.2241741418838501,0.19936858117580414,0.15274998545646667,0.22853152453899384,0.22549258172512054,0.20421800017356873,0.1644156575202942,0.22472022473812103,0.21791721880435944,0.19299086928367615,0.731507420539856,0.658009946346283,0.5833244919776917,0.5249853134155273,0.47125229239463806,0.623786985874176,0.6084279417991638,0.6273007392883301,0.6342311501502991,0.674423098564148,0.6599672436714172,0.6772755980491638,0.6856271624565125,0.7214952707290649,0.7079582214355469,0.7195696234703064,0.7229145169258118,0.7602913975715637,0.7496910095214844,0.7552313208580017,0.7606559991836548,-3.533635322128248e-07,-0.02348458580672741,-0.040941812098026276,-0.0554068386554718,-0.06727684289216995,-0.0657012090086937,-0.09979065507650375,-0.11611448973417282,-0.12646181881427765,-0.07068794220685959,-0.0988021269440651,-0.10085800290107727,-0.10716892033815384,-0.07698158919811249,-0.10069937258958817,-0.09140121936798096,-0.08864697068929672,-0.08551349490880966,-0.0988263338804245,-0.09210962057113647,-0.09093529731035233,takeoff
0.7744113206863403,0.7496449947357178,0.7376347780227661,0.7373208999633789,0.751989483833313,0.7633598446846008,0.763876736164093,0.7590116858482361,0.7606666088104248,0.7846171855926514,0.7829017043113708,0.7623648047447205,0.7603002786636353,0.8053493499755859,0.7930185794830322,0.7740347385406494,0.7771256566047668,0.824109673500061,0.8145978450775146,0.7965056896209717,0.795382559299469,0.7168652415275574,0.6810758113861084,0.633297860622406,0.5949103832244873,0.5660170316696167,0.5774814486503601,0.5160650014877319,0.4775357246398926,0.4459218382835388,0.5880872011184692,0.5448793768882751,0.5822757482528687,0.6094436645507812,0.6049365401268005,0.573910117149353,0.6100282073020935,0.632091760635376,0.627606213092804,0.593279242515564,0.6146122217178345,0.6327052712440491,-2.2542425881511008e-07,-0.014355521649122238,-0.024575253948569298,-0.03682245314121246,-0.04729761183261871,-0.005625472869724035,-0.028534529730677605,-0.04096967354416847,-0.04890034720301628,-0.011245409026741982,-0.04563368856906891,-0.05205445736646652,-0.046815477311611176,-0.020398758351802826,-0.051943741738796234,-0.04269744083285332,-0.026797151193022728,-0.03120567463338375,-0.047822076827287674,-0.03742556273937225,-0.024519748985767365,ascend
0.21974347531795502,0.2509786784648895,0.2665337920188904,0.2635166347026825,0.24592843651771545,0.23968173563480377,0.2384260594844818,0.24161121249198914,0.24052995443344116,0.21755532920360565,0.21924424171447754,0.23585008084774017,0.2385144680738449,0.19735684990882874,0.2033206969499588,0.22320471704006195,0.22612915933132172,0.17776212096214294,0.18485969305038452,0.20279355347156525,0.20529675483703613,0.7157601118087769,0.6809857487678528,0.6342297792434692,0.5946272015571594,0.5684386491775513,0.5818025469779968,0.5177851915359497,0.48008230328559875,0.44460341334342957,0.588711142539978,0.5441091060638428,0.5840603709220886,0.6116112470626831,0.6037731766700745,0.5692303776741028,0.6076259613037109,0.6304823160171509,0.6255221366882324,0.5897026658058167,0.6118431091308594,0.6310173273086548,6.666306173741532e-09,-0.00920727290213108,-0.015204016119241714,-0.02200976386666298,-0.02831326425075531,-0.013258066028356552,-0.029190704226493835,-0.03988911956548691,-0.048246197402477264,-0.0199795663356781,-0.04278194531798363,-0.04758511483669281,-0.046135544776916504,-0.0277995727956295,-0.05005382001399994,-0.042805109173059464,-0.032115526497364044,-0.036625590175390244,-0.05047834664583206,-0.04214543476700783,-0.03272579237818718,ascend
0.7156658172607422,0.7298184037208557,0.7208350300788879,0.6951594948768616,0.6657922863960266,0.7234314680099487,0.7070401906967163,0.6978877782821655,0.6910668015480042,0.7007819414138794,0.6593170166015625,0.659878671169281,0.6743941903114319,0.6764097213745117,0.6425917148590088,0.647324800491333,0.6604467034339905,0.6524996757507324,0.632448136806488,0.6380890607833862,0.6482962965965271,0.672700822353363,0.6215154528617859,0.575630247592926,0.5568996667861938,0.5543370842933655,0.543244481086731,0.4788013696670532,0.43990185856819153,0.40842902660369873,0.5546900033950806,0.517193078994751,0.5422911047935486,0.5590378046035767,0.5728237628936768,0.5393769145011902,0.5587731003761292,0.5719748139381409,0.5944099426269531,0.5651342868804932,0.5798084139823914,0.5924726128578186,8.029565456979526e-09,0.014127396047115326,0.010998574085533619,0.004412421956658363,-0.004612247459590435,-0.014975637197494507,-0.028979144990444183,-0.038325417786836624,-0.045560553669929504,-0.027283454313874245,-0.035561587661504745,-0.02872333861887455,-0.025316361337900162,-0.037655867636203766,-0.04062703996896744,-0.02627849020063877,-0.01850222982466221,-0.04720339924097061,-0.04788052663207054,-0.035457413643598557,-0.02658642642199993,ascend
0.25324079394340515,0.24371306598186493,0.26497340202331543,0.29749172925949097,0.32592666149139404,0.24757853150367737,0.2653545141220093,0.27676188945770264,0.2821483016014099,0.2651526927947998,0.3154073655605316,0.31282034516334534,0.29774579405784607,0.286929190158844,0.3330649733543396,0.32874107360839844,0.3150602877140045,0.30848076939582825,0.3382929861545563,0.332920640707016,0.3216151297092438,0.7602246999740601,0.7045606374740601,0.6544944643974304,0.6305087208747864,0.6239351630210876,0.6196181774139404,0.5522667765617371,0.5125507116317749,0.4793984889984131,0.6333369612693787,0.5909203886985779,0.6165422201156616,0.6341186761856079,0.6548594236373901,0.6141701936721802,0.6346458196640015,0.6480478644371033,0.6783434152603149,0.6437923312187195,0.6576831936836243,0.6693202257156372,-1.0912883396940742e-07,0.00439787982031703,-0.002517110900953412,-0.011286776512861252,-0.019393034279346466,-0.020528044551610947,-0.03544003143906593,-0.043502774089574814,-0.04929559677839279,-0.0316595621407032,-0.04783899337053299,-0.04767809808254242,-0.044719237834215164,-0.041194867342710495,-0.04949996620416641,-0.0368187315762043,-0.027127200737595558,-0.0507115013897419,-0.05054618418216705,-0.036400653421878815,-0.02593284100294113,ascend
0.7452652454376221,0.7531959414482117,0.7384762167930603,0.7070736885070801,0.6806995868682861,0.7500959038734436,0.7315645813941956,0.7229920625686646,0.7159391641616821,0.7325893640518188,0.684650719165802,0.6854088306427002,0.7008191347122192,0.7116658091545105,0.6683806777000427,0.6730827689170837,0.6894832849502563,0.6909653544425964,0.6610377430915833,0.6668442487716675,0.6810942888259888,0.7570827603340149,0.7073215246200562,0.6535031199455261,0.6218018531799316,0.6040657758712769,0.6216397285461426,0.5574336051940918,0.5177834033966064,0.4849678874015808,0.6353568434715271,0.5917844772338867,0.6169240474700928,0.6344821453094482,0.654877245426178,0.6138561964035034,0.6358150243759155,0.6511757969856262,0.6773760318756104,0.6428837180137634,0.6593937277793884,0.6734693646430969,-1.2109575209251489e-07,0.011195068247616291,0.006359083577990532,-0.001443127286620438,-0.010818805545568466,-0.014536470174789429,-0.030981404706835747,-0.043397560715675354,-0.05316021293401718,-0.026814516633749008,-0.03985578566789627,-0.03681119903922081,-0.03541194275021553,-0.037608128041028976,-0.046343978494405746,-0.032997582107782364,-0.02459029294550419,-0.047662436962127686,-0.05268239602446556,-0.04157659411430359,-0.03310191258788109,ascend
0.19891802966594696,0.22606877982616425,0.24110762774944305,0.2242443859577179,0.19905796647071838,0.2371964156627655,0.24204833805561066,0.24264241755008698,0.2407945692539215,0.21032248437404633,0.20950180292129517,0.2111230194568634,0.21421119570732117,0.1863134503364563,0.18170711398124695,0.1901264637708664,0.1946083903312683,0.16355691850185394,0.1579059511423111,0.16891582310199738,0.17266172170639038,0.760793149471283,0.7359598875045776,0.6977629065513611,0.6640824675559998,0.6417706608772278,0.6320993900299072,0.5726456642150879,0.537212610244751,0.5049422383308411,0.6359156966209412,0.6064167618751526,0.6520387530326843,0.6738741397857666,0.644373893737793,0.6179434061050415,0.6582303643226624,0.6757329702377319,0.6615716814994812,0.6296720504760742,0.6555605530738831,0.674297034740448,-8.553438846092831e-08,-0.017175577580928802,-0.02311130426824093,-0.026926467195153236,-0.028791429474949837,-0.01582759991288185,-0.029551364481449127,-0.04012331739068031,-0.048725079745054245,-0.016141455620527267,-0.031622640788555145,-0.0335233174264431,-0.03180437907576561,-0.01876184158027172,-0.03373520076274872,-0.02546641416847706,-0.016655346378684044,-0.0235503688454628,-0.031429752707481384,-0.020953748375177383,-0.011388727463781834,ascend
0.7995656132698059,0.7737488150596619,0.7605485320091248,0.7761775255203247,0.7962566614151001,0.7616391181945801,0.7589359283447266,0.760696291923523,0.7621524930000305,0.7911671996116638,0.7939862608909607,0.79001784324646,0.7854446768760681,0.8180803060531616,0.8227317929267883,0.8139688968658447,0.8058933615684509,0.8394839763641357,0.8419603705406189,0.8333627581596375,0.8260877132415771,0.7750924229621887,0.7411699891090393,0.6996968984603882,0.6643194556236267,0.6362684369087219,0.6327974796295166,0.5682499408721924,0.5337233543395996,0.5011264085769653,0.6387443542480469,0.6007669568061829,0.6465240120887756,0.6722797751426697,0.6503214836120605,0.6167555451393127,0.6554805040359497,0.6778380274772644,0.667173445224762,0.6318947672843933,0.653324544429779,0.6711186766624451,-2.6422279120197345e-07,-0.01594970002770424,-0.025112848728895187,-0.0349862277507782,-0.04326009377837181,-0.012170475907623768,-0.03206943720579147,-0.04597802460193634,-0.05639805644750595,-0.01460213866084814,-0.040427953004837036,-0.046481747180223465,-0.04517362266778946,-0.019743625074625015,-0.04229830577969551,-0.03320536017417908,-0.021384917199611664,-0.02691425196826458,-0.042241886258125305,-0.034326065331697464,-0.02443194016814232,ascend
0.5444896221160889,0.5057844519615173,0.45781147480010986,0.4216691255569458,0.40228506922721863,0.41106510162353516,0.3670441508293152,0.33715564012527466,0.31215882301330566,0.41885387897491455,0.38181912899017334,0.41511958837509155,0.44434091448783875,0.43177205324172974,0.39450860023498535,0.4275883138179779,0.4588714838027954,0.4515230357646942,0.4108491539955139,0.42344576120376587,0.44416069984436035,0.6415895223617554,0.6749120354652405,0.6962127685546875,0.6843522787094116,0.651206910610199,0.6430227756500244,0.6462830901145935,0.6502782106399536,0.6479856967926025,0.6126830577850342,0.6257939338684082,0.6437063217163086,0.645980715751648,0.5823456645011902,0.5939293503761292,0.6186696290969849,0.6239873170852661,0.5516495108604431,0.5499494671821594,0.5761455297470093,0.5919046401977539,-3.3606528404561686e-07,-0.016697727143764496,-0.028361985459923744,-0.0427265502512455,-0.05573983117938042,0.0032025089021772146,-0.014496269635856152,-0.029786566272377968,-0.04114286229014397,7.825306238373742e-05,-0.02484600991010666,-0.0361594595015049,-0.03880870342254639,-0.006976522505283356,-0.03074335679411888,-0.029164813458919525,-0.02214577980339527,-0.016284901648759842,-0.030614560469985008,-0.02523534744977951,-0.01771131157875061,strafe_right
0.47150254249572754,0.49460768699645996,0.53971266746521,0.5760621428489685,0.5939297676086426,0.5892762541770935,0.6309344172477722,0.6598548889160156,0.6848419308662415,0.5844992995262146,0.6164819598197937,0.5833328366279602,0.5562796592712402,0.5715398788452148,0.6031573414802551,0.5733997821807861,0.5461575984954834,0.5513735413551331,0.5878171920776367,0.5741428732872009,0.5522450804710388,0.6384633779525757,0.6699204444885254,0.696380078792572,0.6830523610115051,0.6520267128944397,0.6495640277862549,0.6494774222373962,0.6490362882614136,0.6465073823928833,0.6162128448486328,0.6208116412162781,0.6418040990829468,0.6495605111122131,0.5866241455078125,0.5888968706130981,0.6145569682121277,0.6233429908752441,0.5555903911590576,0.5534055233001709,0.5797668099403381,0.5949293375015259,1.3852742597464385e-07,-0.019567232578992844,-0.02920706570148468,-0.03840379789471626,-0.04842899367213249,-0.015039614401757717,-0.027846187353134155,-0.036229927092790604,-0.04244464635848999,-0.015083643607795238,-0.03742622211575508,-0.04434042051434517,-0.04352971911430359,-0.016748281195759773,-0.040548741817474365,-0.03857584297657013,-0.030839575454592705,-0.019652903079986572,-0.03769097849726677,-0.03456101566553116,-0.027696920558810234,strafe_right
0.6171115040779114,0.6759139895439148,0.7093020081520081,0.7148813605308533,0.7019755840301514,0.7311729192733765,0.7542322278022766,0.7649061679840088,0.7776829600334167,0.6947455406188965,0.6927255392074585,0.6773464679718018,0.6765275001525879,0.6565790176391602,0.6574743390083313,0.6487984657287598,0.647564172744751,0.6228393912315369,0.6282685399055481,0.6258420944213867,0.625840961933136,0.6424656510353088,0.6641200184822083,0.7115309834480286,0.7660775184631348,0.8025503158569336,0.7304956912994385,0.8246580958366394,0.881947934627533,0.9241800308227539,0.7449603080749512,0.8400646448135376,0.8243752121925354,0.7966078519821167,0.7561843395233154,0.841264545917511,0.8236775994300842,0.7975050210952759,0.7661339640617371,0.8301200270652771,0.814001739025116,0.7929206490516663,-6.428745535913549e-08,0.02264470048248768,0.023824766278266907,0.0246999841183424,0.024330463260412216,-0.036192119121551514,-0.05983542278409004,-0.07528270035982132,-0.08349274843931198,-0.04512286186218262,-0.053056828677654266,-0.040816307067871094,-0.031246386468410492,-0.049222275614738464,-0.05081459879875183,-0.030241157859563828,-0.015875522047281265,-0.050058312714099884,-0.043889954686164856,-0.02344413660466671,-0.008511198684573174,descend
0.6322447657585144,0.5765663385391235,0.5509638786315918,0.5526389479637146,0.5641078352928162,0.5488386750221252,0.5202301144599915,0.5031312108039856,0.49141114950180054,0.5836750864982605,0.564363420009613,0.5662094354629517,0.5697780251502991,0.6176847219467163,0.5931392312049866,0.5937848091125488,0.5980981588363647,0.6488037109375,0.6257164478302002,0.6234224438667297,0.6253512501716614,0.6422874927520752,0.6636102795600891,0.7133729457855225,0.7570530772209167,0.7899799942970276,0.7377834916114807,0.8138344883918762,0.8586817383766174,0.8952906131744385,0.7545750737190247,0.8217799067497253,0.8038279414176941,0.7785043120384216,0.7639421820640564,0.8264721632003784,0.8088696002960205,0.7869230508804321,0.7663306593894958,0.8182649612426758,0.8051279187202454,0.7876116633415222,1.017381308088261e-07,0.007430536672472954,0.005516511853784323,0.003516227239742875,-0.0002962048165500164,-0.021622225642204285,-0.02913631498813629,-0.03476117178797722,-0.04023010656237602,-0.02787315472960472,-0.030849255621433258,-0.02597837895154953,-0.024595553055405617,-0.03137403354048729,-0.027404066175222397,-0.0146648483350873,-0.009483248926699162,-0.03446356579661369,-0.03207873925566673,-0.021503353491425514,-0.01500021480023861,descend
0.30765455961227417,0.27139174938201904,0.25498124957084656,0.24558308720588684,0.22859583795070648,0.28318172693252563,0.27582085132598877,0.27322420477867126,0.27192503213882446,0.3064206540584564,0.3029201924800873,0.3051888346672058,0.3078673779964447,0.33052799105644226,0.33852097392082214,0.34665927290916443,0.35272136330604553,0.35556402802467346,0.36938199400901794,0.37724336981773376,0.3838343024253845,0.635702908039093,0.6028227806091309,0.5597773194313049,0.5250612497329712,0.5035980939865112,0.5047653913497925,0.4358140826225281,0.394858181476593,0.3643815517425537,0.5071038603782654,0.4299148917198181,0.382673442363739,0.3474249541759491,0.5190513730049133,0.45094093680381775,0.40907904505729675,0.3775250315666199,0.536435604095459,0.4897160828113556,0.46154502034187317,0.43768730759620667,3.1568221370292804e-09,0.0002115116803906858,-0.004612260032445192,-0.010774269700050354,-0.018454289063811302,-0.01859283447265625,-0.033646609634160995,-0.042227137833833694,-0.04717850312590599,-0.02777058444917202,-0.042214106768369675,-0.05081019550561905,-0.056222110986709595,-0.03668495640158653,-0.05023061856627464,-0.06009506434202194,-0.06590648740530014,-0.04493777081370354,-0.055603109300136566,-0.06095675006508827,-0.06381455063819885,hover
0.6913284659385681,0.7272434830665588,0.745449960231781,0.756220281124115,0.7730620503425598,0.7160037159919739,0.7226009964942932,0.7265819907188416,0.7293591499328613,0.6904371380805969,0.6934648752212524,0.6938999891281128,0.6940397620201111,0.6662411689758301,0.6584451198577881,0.6515673995018005,0.646563708782196,0.6437649726867676,0.6286582946777344,0.6209622621536255,0.6156243681907654,0.6346122622489929,0.6042131781578064,0.5658277273178101,0.5288339853286743,0.505896270275116,0.5057885050773621,0.4374958574771881,0.3977213203907013,0.3662099838256836,0.5064651966094971,0.4304211139678955,0.38388752937316895,0.34807533025741577,0.5176035761833191,0.45122548937797546,0.4074856638908386,0.37495195865631104,0.5369239449501038,0.49071741104125977,0.46289902925491333,0.4374929368495941,2.509587488930265e-07,-0.0014752756105735898,-0.006481872405856848,-0.011319457553327084,-0.017300305888056755,-0.022745521739125252,-0.03587339445948601,-0.04246405512094498,-0.047047510743141174,-0.02910437248647213,-0.04756386950612068,-0.059685029089450836,-0.06764959543943405,-0.033597707748413086,-0.0504387691617012,-0.062359873205423355,-0.06947429478168488,-0.03666996955871582,-0.051249537616968155,-0.05924266576766968,-0.06367644667625427,hover
0.8165626525878906,0.765687882900238,0.7324188351631165,0.725336492061615,0.7338106036186218,0.7402018308639526,0.7303112745285034,0.7334691882133484,0.7396600842475891,0.7810638546943665,0.7699335217475891,0.7716095447540283,0.7743729948997498,0.815121054649353,0.8006940484046936,0.7958415150642395,0.7962751984596252,0.8431152105331421,0.8317365050315857,0.8239357471466064,0.8223958015441895,0.6325958371162415,0.6451328992843628,0.6853733658790588,0.735194742679596,0.7727629542350769,0.641758382320404,0.7168928980827332,0.7555893659591675,0.7747211456298828,0.6420270800590515,0.7263620495796204,0.7591128349304199,0.7716323137283325,0.6520699858665466,0.7344200015068054,0.7618035078048706,0.7694374322891235,0.6686259508132935,0.731141209602356,0.7529875636100769,0.760278582572937,-1.5040097878227243e-07,-0.016514340415596962,-0.03954507037997246,-0.057492151856422424,-0.07750204205513,-0.07941112667322159,-0.09691303223371506,-0.09631596505641937,-0.09474553167819977,-0.0807691365480423,-0.09750227630138397,-0.09088878333568573,-0.08838257193565369,-0.07932769507169724,-0.09412389993667603,-0.08347445726394653,-0.07718709111213684,-0.07792262732982635,-0.09327249228954315,-0.09023924916982651,-0.08758527040481567,emergency
0.7516510486602783,0.698107123374939,0.6604616045951843,0.6481775045394897,0.6445506811141968,0.6505072116851807,0.6606853604316711,0.6753368973731995,0.6856499314308167,0.713225781917572,0.7181649208068848,0.7256208062171936,0.7257785201072693,0.7733902931213379,0.7668680548667908,0.7697631120681763,0.7659413814544678,0.8221058249473572,0.8161107897758484,0.8091054558753967,0.7986323833465576,0.5544283390045166,0.5814685821533203,0.627668559551239,0.6799800395965576,0.7241983413696289,0.5302508473396301,0.629930853843689,0.6895451545715332,0.7281599044799805,0.5133900046348572,0.6257548332214355,0.6873105764389038,0.7301338911056519,0.5149022340774536,0.6302525401115417,0.6904208660125732,0.7290917634963989,0.5284905433654785,0.619575560092926,0.6698837280273438,0.7034335732460022,-7.775400945320143e-07,-0.03822397440671921,-0.08107566088438034,-0.12010633945465088,-0.1613360196352005,-0.09504687041044235,-0.1318524032831192,-0.15791255235671997,-0.17338691651821136,-0.09686046093702316,-0.12492640316486359,-0.13790003955364227,-0.14977338910102844,-0.09638798981904984,-0.12000907957553864,-0.11790432780981064,-0.11747732758522034,-0.09929630160331726,-0.11363556981086731,-0.10275918990373611,-0.09405045956373215,emergency
0.21970748901367188,0.287686288356781,0.34059247374534607,0.35800957679748535,0.351551353931427,0.35644471645355225,0.34781691431999207,0.3289129436016083,0.3228437900543213,0.296880304813385,0.2806878983974457,0.2752270996570587,0.2849355936050415,0.23642978072166443,0.22446325421333313,0.230317622423172,0.24527771770954132,0.18458515405654907,0.17176812887191772,0.1778516173362732,0.1878032386302948,0.5387130379676819,0.5797770023345947,0.6295046806335449,0.6897744536399841,0.7427976727485657,0.5409432053565979,0.6527073979377747,0.712674617767334,0.7472465634346008,0.5164300799369812,0.6363813281059265,0.699842631816864,0.7357112169265747,0.512546718120575,0.6280840635299683,0.6965577602386475,0.7383657693862915,0.5215092897415161,0.61139976978302,0.6687843203544617,0.7092805504798889,4.1480191725895565e-07,-0.03940445929765701,-0.07718566805124283,-0.11343616247177124,-0.15022575855255127,-0.08552907407283783,-0.14390306174755096,-0.1822521686553955,-0.20539793372154236,-0.09434491395950317,-0.1471439152956009,-0.16627192497253418,-0.17997321486473083,-0.10689739882946014,-0.15686027705669403,-0.1647738516330719,-0.16616956889629364,-0.12308136373758316,-0.15400367975234985,-0.1548525094985962,-0.15405575931072235,emergency
0.7402618527412415,0.7000550031661987,0.6704053282737732,0.6484816670417786,0.6200754046440125,0.6963273882865906,0.6748311519622803,0.6635071635246277,0.6560238003730774,0.7244316339492798,0.7186451554298401,0.7146555781364441,0.7109496593475342,0.7501207590103149,0.7611779570579529,0.7683274149894714,0.7736563682556152,0.7734963893890381,0.7911733388900757,0.8023337125778198,0.8103188276290894,0.6427639722824097,0.6267592310905457,0.595364511013031,0.56787109375,0.5540341138839722,0.507085919380188,0.4530399441719055,0.4180331826210022,0.38691794872283936,0.4969748258590698,0.4325079023838043,0.3913906216621399,0.3582252264022827,0.5023207664489746,0.4399047791957855,0.39784061908721924,0.3628099262714386,0.518855631351471,0.47287285327911377,0.4414500892162323,0.41272997856140137,1.1327196602906042e-07,-0.02133777178823948,-0.03633221238851547,-0.05099815875291824,-0.06673812121152878,-0.023460661992430687,-0.03995300829410553,-0.05505196377635002,-0.06739689409732819,-0.02754884772002697,-0.043489210307598114,-0.05697081238031387,-0.06783667951822281,-0.03424602001905441,-0.05006852000951767,-0.06426819413900375,-0.07489941269159317,-0.042846836149692535,-0.05530354753136635,-0.06261002272367477,-0.06890182197093964,hover
0.7544756531715393,0.7111210823059082,0.6816840171813965,0.6633205413818359,0.6384514570236206,0.712355375289917,0.6953751444816589,0.6866077780723572,0.6800554990768433,0.7393249869346619,0.7298193573951721,0.7236372828483582,0.7178940773010254,0.7648232579231262,0.7659066915512085,0.7664651274681091,0.7652620673179626,0.788902759552002,0.7983025908470154,0.8019490242004395,0.8036282658576965,0.6520484685897827,0.6299026012420654,0.5888504385948181,0.5544654130935669,0.5384724736213684,0.5042644143104553,0.44861552119255066,0.413438618183136,0.3828059732913971,0.49726107716560364,0.4334751069545746,0.3924686312675476,0.3590295612812042,0.505303680896759,0.4487781226634979,0.4104444682598114,0.37776291370391846,0.5236383676528931,0.4849885106086731,0.45905306935310364,0.43502238392829895,5.70313680725576e-08,-0.018543053418397903,-0.0289221853017807,-0.0392141193151474,-0.049992866814136505,-0.012957180850207806,-0.027248572558164597,-0.04171229526400566,-0.05326554551720619,-0.016084102913737297,-0.028130507096648216,-0.040526703000068665,-0.05040844902396202,-0.02217239886522293,-0.03289353847503662,-0.044470444321632385,-0.0538058765232563,-0.03059932217001915,-0.03853641077876091,-0.04409407079219818,-0.04924546554684639,hover
0.5506615042686462,0.6017969250679016,0.6319108605384827,0.6443647742271423,0.6318869590759277,0.6363786458969116,0.6808964610099792,0.7005292177200317,0.7154409885406494,0.6188190579414368,0.6402479410171509,0.6525417566299438,0.6621326208114624,0.5970832705497742,0.62412428855896,0.6223540902137756,0.615730345249176,0.5687931180000305,0.5970408916473389,0.6016144156455994,0.5962982177734375,0.5333045125007629,0.5298205614089966,0.5006054639816284,0.45502740144729614,0.4204229712486267,0.4434639811515808,0.40289995074272156,0.37978798151016235,0.3576996922492981,0.42222872376441956,0.3554401993751526,0.32143256068229675,0.29238730669021606,0.41692668199539185,0.3615914285182953,0.3926919996738434,0.41687482595443726,0.4227641522884369,0.38750046491622925,0.410765677690506,0.4344920516014099,2.974945516598382e-07,-0.012693888507783413,-0.015727579593658447,-0.01903988979756832,-0.021613191813230515,-0.0038847329560667276,-0.009957214817404747,-0.014544856734573841,-0.019022732973098755,-0.004198978189378977,-0.015416980721056461,-0.02389845810830593,-0.029768310487270355,-0.005391447339206934,-0.021301712840795517,-0.021574854850769043,-0.01700677163898945,-0.007497564423829317,-0.023407557979226112,-0.022790251299738884,-0.018070805817842484,forward
0.4468480348587036,0.39906972646713257,0.36517760157585144,0.3555314540863037,0.36467623710632324,0.36449503898620605,0.3235718607902527,0.29859209060668945,0.2816448211669922,0.384872168302536,0.36379238963127136,0.3473425507545471,0.33536332845687866,0.4097254276275635,0.37439683079719543,0.3743516504764557,0.3845071494579315,0.43595781922340393,0.4085809886455536,0.39921247959136963,0.404624879360199,0.5353922843933105,0.5284485816955566,0.49993449449539185,0.454997181892395,0.41735631227493286,0.4471878111362457,0.40175777673721313,0.37961089611053467,0.35907718539237976,0.42553311586380005,0.35651540756225586,0.32213523983955383,0.2909134030342102,0.4156995415687561,0.36599528789520264,0.40433552861213684,0.4301097095012665,0.42063456773757935,0.38154682517051697,0.4072233736515045,0.4331108629703522,1.5019421084616624e-07,-0.017616143450140953,-0.028855040669441223,-0.04175731539726257,-0.052494440227746964,-0.01005629450082779,-0.03260566666722298,-0.04741516709327698,-0.056191831827163696,-0.011238531209528446,-0.031609464436769485,-0.039542727172374725,-0.042212240397930145,-0.015584133565425873,-0.03498094156384468,-0.02819814160466194,-0.017245417460799217,-0.02247636578977108,-0.032908931374549866,-0.02409081533551216,-0.01413747575134039,forward
0.7744047045707703,0.7291302680969238,0.7142991423606873,0.7352896332740784,0.7715122699737549,0.7378601431846619,0.7230120897293091,0.7177914381027222,0.7173031568527222,0.7696446180343628,0.7817522287368774,0.7923297882080078,0.8035739064216614,0.7936574220657349,0.8004144430160522,0.7817116975784302,0.7703766822814941,0.8047233819961548,0.8078386187553406,0.7870174050331116,0.7728034853935242,0.5884860157966614,0.5409637093544006,0.4990983009338379,0.4599511921405792,0.4492758810520172,0.4100303649902344,0.33189672231674194,0.2855546474456787,0.24637800455093384,0.41243162751197815,0.3245556950569153,0.27920427918434143,0.24004369974136353,0.4332405626773834,0.3820294141769409,0.4195775091648102,0.44614163041114807,0.47038447856903076,0.42877310514450073,0.44660115242004395,0.47020649909973145,1.2657443448915728e-07,-0.019837794825434685,-0.032998792827129364,-0.04742596670985222,-0.05855506286025047,-0.018507031723856926,-0.04600447043776512,-0.06804326176643372,-0.08340777456760406,-0.023979254066944122,-0.04869033023715019,-0.06149616837501526,-0.06981055438518524,-0.032608676701784134,-0.055056046694517136,-0.04618590697646141,-0.03408116474747658,-0.044611167162656784,-0.05314616486430168,-0.03888929635286331,-0.025897491723299026,forward
0.7644780874252319,0.7279277443885803,0.7118942737579346,0.7364972233772278,0.7691792249679565,0.7319700121879578,0.7208420634269714,0.7174360156059265,0.7172949314117432,0.7678238153457642,0.7840873003005981,0.7949823141098022,0.8050405383110046,0.7943322658538818,0.8002514243125916,0.7850709557533264,0.7754109501838684,0.8152575492858887,0.8130008578300476,0.7986142635345459,0.7897523641586304,0.543756902217865,0.5062934756278992,0.46023130416870117,0.42989325523376465,0.40843549370765686,0.36648043990135193,0.29093289375305176,0.24578776955604553,0.207643061876297,0.3726157546043396,0.29631850123405457,0.256331205368042,0.22388744354248047,0.3959769308567047,0.350376695394516,0.39001673460006714,0.4218139350414276,0.4309695363044739,0.40661197900772095,0.4288688600063324,0.45008260011672974,2.496827562481485e-07,-0.030526937916874886,-0.04838130250573158,-0.06634629517793655,-0.08143779635429382,-0.023986469954252243,-0.04763304442167282,-0.06337256729602814,-0.07374227046966553,-0.026365922763943672,-0.05086967349052429,-0.0634983703494072,-0.06924021244049072,-0.03290345147252083,-0.06821554899215698,-0.07010716944932938,-0.06169460341334343,-0.042176369577646255,-0.06888791918754578,-0.06693530827760696,-0.05910807102918625,forward
0.3443925380706787,0.315112829208374,0.3210963010787964,0.34778568148612976,0.36925607919692993,0.3162386417388916,0.31157663464546204,0.30789199471473694,0.30670857429504395,0.34500324726104736,0.3591454327106476,0.37025803327560425,0.38361257314682007,0.37074124813079834,0.3757636845111847,0.364852637052536,0.36084768176078796,0.394183486700058,0.3891165256500244,0.38103848695755005,0.3803824484348297,0.6902795433998108,0.6452305316925049,0.5993268489837646,0.5742707252502441,0.5620501041412354,0.5768260955810547,0.5025772452354431,0.4588899314403534,0.4271586537361145,0.5830513834953308,0.5077892541885376,0.4658476412296295,0.4352847933769226,0.5951228141784668,0.5348750948905945,0.5500342845916748,0.567803144454956,0.6109835505485535,0.5662254095077515,0.5775033831596375,0.5934369564056396,2.4768482376202883e-07,-0.00031117835897020996,-0.00520057650282979,-0.010632059536874294,-0.015990115702152252,-0.02185051329433918,-0.03704642131924629,-0.04473380744457245,-0.048535753041505814,-0.028220098465681076,-0.04221067205071449,-0.05000416189432144,-0.053816959261894226,-0.032552506774663925,-0.04694471135735512,-0.04352822154760361,-0.03620272874832153,-0.036161333322525024,-0.045359086245298386,-0.035928089171648026,-0.024642959237098694,forward
0.659922182559967,0.684897780418396,0.6838283538818359,0.6572414636611938,0.6288578510284424,0.6853008270263672,0.6872368454933167,0.6902064681053162,0.6931431293487549,0.6540690660476685,0.6354061961174011,0.6267328262329102,0.6206245422363281,0.628838062286377,0.6246758103370667,0.6382707357406616,0.6478037238121033,0.6080324649810791,0.6107497811317444,0.6191719770431519,0.6251741647720337,0.6942281723022461,0.6512717604637146,0.603816568851471,0.5752314925193787,0.5627932548522949,0.5790936350822449,0.506770670413971,0.46514764428138733,0.43201279640197754,0.5828901529312134,0.5080441236495972,0.4664507508277893,0.43511873483657837,0.5930604338645935,0.5415551066398621,0.5553856492042542,0.5713073015213013,0.6077064871788025,0.5636857748031616,0.5732119083404541,0.587780773639679,2.9553228841905366e-07,0.00334404525347054,-0.003948618192225695,-0.012714875862002373,-0.022988492622971535,-0.02710714563727379,-0.042473193258047104,-0.05250927805900574,-0.05879860371351242,-0.0336010679602623,-0.046547770500183105,-0.05170808732509613,-0.055502988398075104,-0.03714535012841225,-0.04368852078914642,-0.03582474961876869,-0.0284340288490057,-0.04037636145949364,-0.04041031375527382,-0.027870306745171547,-0.01718713529407978,forward
0.7632681131362915,0.7306622266769409,0.7197728157043457,0.740354061126709,0.7689853310585022,0.7225668430328369,0.7063117623329163,0.6983102560043335,0.695736289024353,0.753500759601593,0.7538716793060303,0.7566520571708679,0.760473370552063,0.7795576453208923,0.7852708101272583,0.7746596336364746,0.7681336998939514,0.7963308691978455,0.8012258410453796,0.7933964729309082,0.787099301815033,0.7538117170333862,0.7140275239944458,0.6695974469184875,0.6245111227035522,0.599565327167511,0.6028934717178345,0.5323267579078674,0.49629807472229004,0.4635712504386902,0.5973742604255676,0.5132425427436829,0.47431445121765137,0.4353322386741638,0.6104683876037598,0.5526543855667114,0.5954715609550476,0.6225919723510742,0.6424149870872498,0.5995344519615173,0.6195011734962463,0.6396192312240601,2.301745460897564e-08,-0.015002865344285965,-0.0234669279307127,-0.03234609588980675,-0.037427470088005066,-0.01751699484884739,-0.03734830766916275,-0.05015874654054642,-0.06003474444150925,-0.02020910568535328,-0.0471944585442543,-0.058861903846263885,-0.06540952622890472,-0.023645788431167603,-0.04405884072184563,-0.03262602537870407,-0.01948058046400547,-0.02958325855433941,-0.038883939385414124,-0.027114490047097206,-0.015777893364429474,forward
0.7070819139480591,0.671316385269165,0.6509054899215698,0.6606425642967224,0.6786688566207886,0.6540152430534363,0.6268172860145569,0.6117194294929504,0.6023796200752258,0.6844505071640015,0.6767197251319885,0.6755072474479675,0.6757233738899231,0.7110633850097656,0.7055405974388123,0.6967784762382507,0.6908942461013794,0.734418511390686,0.7293388247489929,0.7181296944618225,0.7111657857894897,0.7370753288269043,0.7067584991455078,0.666071355342865,0.6254684925079346,0.5917910933494568,0.5846103429794312,0.5217452049255371,0.4844505786895752,0.4505464434623718,0.5806875824928284,0.5022156238555908,0.45916512608528137,0.42458656430244446,0.593777596950531,0.5438735485076904,0.578758716583252,0.6071705222129822,0.6177787780761719,0.5862696170806885,0.6081743240356445,0.6298317313194275,1.473563031595404e-07,-0.02735501155257225,-0.04033553600311279,-0.05302852392196655,-0.06355910003185272,-0.017657341435551643,-0.03685002774000168,-0.050872065126895905,-0.060292430222034454,-0.018179312348365784,-0.035633768886327744,-0.046156350523233414,-0.0521949827671051,-0.022471975535154343,-0.049367789179086685,-0.05245829001069069,-0.04752933606505394,-0.029361823573708534,-0.05102559179067612,-0.05002085864543915,-0.04457145556807518,forward
0.46054205298423767,0.47958704829216003,0.4613947868347168,0.42852678894996643,0.40190309286117554,0.4356798827648163,0.40473559498786926,0.38474997878074646,0.3709963262081146,0.40825632214546204,0.3707848787307739,0.35207027196884155,0.3393200635910034,0.39113128185272217,0.3683401048183441,0.38688692450523376,0.40107131004333496,0.38317686319351196,0.37162309885025024,0.3859984278678894,0.3962235450744629,0.9674016237258911,0.9198586940765381,0.8748449683189392,0.8630635738372803,0.8719754219055176,0.8834993839263916,0.8283586502075195,0.7973229885101318,0.7724520564079285,0.9083026647567749,0.852560818195343,0.818047285079956,0.7949106097221375,0.9316952228546143,0.884039580821991,0.8825139999389648,0.8921098709106445,0.951715350151062,0.911178469657898,0.9111359715461731,0.9222453832626343,4.491669187700609e-07,-0.008920677937567234,-0.01783883385360241,-0.024658355861902237,-0.03230338543653488,-0.038742873817682266,-0.05177097022533417,-0.057435210794210434,-0.060247164219617844,-0.04057130217552185,-0.052794862538576126,-0.056557077914476395,-0.05875522643327713,-0.04006614908576012,-0.05050009489059448,-0.045379865914583206,-0.03904957324266434,-0.03969161957502365,-0.04357578605413437,-0.03397195786237717,-0.025479888543486595,forward
0.15598073601722717,0.16444137692451477,0.19344820082187653,0.20286782085895538,0.19613835215568542,0.18925122916698456,0.26572948694229126,0.24744458496570587,0.21949882805347443,0.1944078952074051,0.2748556435108185,0.2544419765472412,0.22386421263217926,0.20381653308868408,0.27610844373703003,0.25518253445625305,0.22577959299087524,0.21384897828102112,0.26992011070251465,0.2524697482585907,0.2284906506538391,0.6862236261367798,0.6243547797203064,0.5438992381095886,0.48660773038864136,0.43996864557266235,0.5691598057746887,0.5473083853721619,0.5634167194366455,0.5705702304840088,0.6126107573509216,0.5948137640953064,0.6084950566291809,0.615243673324585,0.655247688293457,0.6347656846046448,0.6463755369186401,0.6538037061691284,0.6927796602249146,0.6714984178543091,0.6788778305053711,0.6858317255973816,-2.85461453586322e-07,-0.016957875341176987,-0.0364433154463768,-0.05276486277580261,-0.06543639302253723,-0.06160654127597809,-0.08967819809913635,-0.1005905494093895,-0.10476994514465332,-0.06489494442939758,-0.0847667008638382,-0.0806453600525856,-0.07859493046998978,-0.06797792762517929,-0.07911446690559387,-0.06017911061644554,-0.0489552766084671,-0.07231441885232925,-0.07397644221782684,-0.05764435604214668,-0.04831589385867119,takeoff
0.8332034945487976,0.8311362862586975,0.8113049864768982,0.7989915609359741,0.8064274787902832,0.8140466809272766,0.7534093856811523,0.7516884207725525,0.76815265417099,0.8061155676841736,0.7284345030784607,0.741982638835907,0.7692283391952515,0.795181393623352,0.7264812588691711,0.7443034648895264,0.7721839547157288,0.7842506170272827,0.7300522327423096,0.7464773654937744,0.772699236869812,0.6829814910888672,0.6129588484764099,0.5395755767822266,0.4832853078842163,0.4395992159843445,0.5695384740829468,0.5489736795425415,0.5612114071846008,0.566368043422699,0.6147146224975586,0.5941439867019653,0.6052103042602539,0.6097495555877686,0.6551041007041931,0.6338099837303162,0.6417244076728821,0.6452621817588806,0.6890851855278015,0.6703654527664185,0.6752419471740723,0.6816107034683228,-2.362751700957233e-07,-0.01637428067624569,-0.025872375816106796,-0.033628545701503754,-0.040813565254211426,-0.03026806190609932,-0.05275166034698486,-0.06200430914759636,-0.06595765054225922,-0.03246616944670677,-0.05154501646757126,-0.052094701677560806,-0.05289793014526367,-0.0365510955452919,-0.0576675683259964,-0.05086209252476692,-0.04427586868405342,-0.041296035051345825,-0.05596161633729935,-0.050379812717437744,-0.04399273172020912,takeoff
0.18477585911750793,0.19772307574748993,0.1772317737340927,0.1520959883928299,0.13716699182987213,0.15278442203998566,0.09290466457605362,0.10472244024276733,0.1283651441335678,0.1381828486919403,0.0753893256187439,0.10432208329439163,0.13610997796058655,0.12375958263874054,0.07117248326539993,0.09935508668422699,0.12869833409786224,0.11134811490774155,0.06622613966464996,0.08131615817546844,0.10248616337776184,0.8565877676010132,0.7753228545188904,0.682077944278717,0.6075187921524048,0.5502328872680664,0.7077417373657227,0.6814640164375305,0.7037915587425232,0.7091244459152222,0.7568604946136475,0.739382266998291,0.756254255771637,0.7582632303237915,0.806664228439331,0.7999491095542908,0.8085713386535645,0.8056579828262329,0.8538287878036499,0.8592451214790344,0.8613983392715454,0.8561087250709534,-2.6406090114505787e-07,-0.025547821074724197,-0.03581016883254051,-0.04321223124861717,-0.04807344824075699,-0.04212462529540062,-0.07603184878826141,-0.09142480790615082,-0.09962774813175201,-0.04471267759799957,-0.07826662063598633,-0.08659271150827408,-0.09102501720190048,-0.05057746544480324,-0.08671671897172928,-0.08797230571508408,-0.08489690721035004,-0.057334285229444504,-0.08229626715183258,-0.08448667079210281,-0.0834117904305458,takeoff
0.8097323775291443,0.7984110116958618,0.8320302963256836,0.8591205477714539,0.8741945028305054,0.9182475805282593,0.9112201929092407,0.8711299896240234,0.8739312291145325,0.9416900873184204,0.9144943356513977,0.8658084869384766,0.8761821985244751,0.9466871023178101,0.9190345406532288,0.8729240298271179,0.8826800584793091,0.9460588693618774,0.9207045435905457,0.8822733163833618,0.8829357028007507,0.8249165415763855,0.7501153349876404,0.6623844504356384,0.5981382131576538,0.5454325675964355,0.6914264559745789,0.6828715801239014,0.7060856819152832,0.713280975818634,0.7423110604286194,0.7429631352424622,0.7551378607749939,0.7545858025550842,0.7971094250679016,0.8017830848693848,0.8021392822265625,0.7955307960510254,0.8493527173995972,0.8545130491256714,0.8466931581497192,0.8365877866744995,-8.537566600352875e-07,-0.03812265396118164,-0.05420475825667381,-0.066957987844944,-0.07359600067138672,-0.026803309097886086,-0.06262318789958954,-0.07986417412757874,-0.090098537504673,-0.025517519563436508,-0.061893854290246964,-0.06862419098615646,-0.06936480104923248,-0.031239574775099754,-0.06954909861087799,-0.06170544773340225,-0.05115138366818428,-0.040748149156570435,-0.06372981518507004,-0.05893192067742348,-0.052520330995321274,takeoff
0.2417231798171997,0.22994500398635864,0.18500947952270508,0.13924601674079895,0.10903999209403992,0.12244090437889099,0.09332993626594543,0.13124018907546997,0.14519575238227844,0.10788971185684204,0.08702807873487473,0.13216981291770935,0.14364038407802582,0.1046798825263977,0.06778332591056824,0.10885085165500641,0.12378019094467163,0.10662782192230225,0.0715603306889534,0.09243080019950867,0.1036103367805481,0.9320447444915771,0.8523411154747009,0.7782034873962402,0.7286872863769531,0.6869072318077087,0.8298510313034058,0.8176862597465515,0.8311900496482849,0.8320280909538269,0.8865638971328735,0.8787580728530884,0.882278323173523,0.882036030292511,0.9395208358764648,0.9343419075012207,0.9345298409461975,0.9322997331619263,0.9871689081192017,0.9945275783538818,0.9916039109230042,0.9889978766441345,-2.756195556230523e-07,-0.026890963315963745,-0.034252095967531204,-0.04143645241856575,-0.045326706022024155,-0.012910758145153522,-0.041068870574235916,-0.05852847546339035,-0.06881153583526611,-0.013500400818884373,-0.04194222018122673,-0.0543048121035099,-0.06264054775238037,-0.019613536074757576,-0.05115963891148567,-0.05125508829951286,-0.04858512058854103,-0.0280132032930851,-0.048797279596328735,-0.0474683940410614,-0.045005276799201965,takeoff
0.758518397808075,0.7747465968132019,0.818684995174408,0.858498752117157,0.8874813318252563,0.8772168755531311,0.9054484367370605,0.8619181513786316,0.8515406250953674,0.888814389705658,0.909824013710022,0.8603975772857666,0.856398344039917,0.8926522135734558,0.9333658814430237,0.8845157027244568,0.8680158853530884,0.8902528285980225,0.9361485838890076,0.9104213118553162,0.8917152881622314,0.918438732624054,0.8366261124610901,0.7721123695373535,0.7276791930198669,0.6877059936523438,0.8331864476203918,0.8155522346496582,0.8260179758071899,0.8363364934921265,0.8831671476364136,0.8682118058204651,0.8713886141777039,0.8818613886833191,0.9329875111579895,0.9227346777915955,0.9182316064834595,0.9246094822883606,0.9786665439605713,0.9873777031898499,0.9715341925621033,0.9638968706130981,-6.644663130828121e-07,-0.028143931180238724,-0.042412612587213516,-0.05782392993569374,-0.06773804128170013,-0.020901011303067207,-0.04556141793727875,-0.05274470895528793,-0.05588293820619583,-0.021031739190220833,-0.04794258996844292,-0.047229401767253876,-0.04432941600680351,-0.02634384296834469,-0.05589599162340164,-0.04215183109045029,-0.02780415490269661,-0.034760747104883194,-0.05043262615799904,-0.03843827173113823,-0.026761788874864578,takeoff
0.2048560082912445,0.20611169934272766,0.16831782460212708,0.13495701551437378,0.12464563548564911,0.09877129644155502,0.07286861538887024,0.11197638511657715,0.11330192536115646,0.08178435266017914,0.07074648886919022,0.11892929673194885,0.11152582615613937,0.07775543630123138,0.06495855748653412,0.10831563174724579,0.10464213043451309,0.07720649242401123,0.06082005798816681,0.082838274538517,0.07465583086013794,0.9332895278930664,0.8428308963775635,0.7346166372299194,0.6622259616851807,0.605266273021698,0.7742782235145569,0.7569946646690369,0.7915416359901428,0.7854211926460266,0.8294717669487,0.8235760927200317,0.8458926677703857,0.8267443776130676,0.8847002387046814,0.8837113380432129,0.8962468504905701,0.8749943971633911,0.9314764142036438,0.9466965198516846,0.9511409401893616,0.9396663904190063,-3.9213708191709884e-07,-0.030104072764515877,-0.04235688969492912,-0.05191395431756973,-0.055783018469810486,-0.03460375592112541,-0.07041635364294052,-0.08785529434680939,-0.10010421276092529,-0.03758968040347099,-0.06943696737289429,-0.07820887118577957,-0.08722852915525436,-0.04600990563631058,-0.07904711365699768,-0.07277684658765793,-0.06963236629962921,-0.056875698268413544,-0.07498529553413391,-0.06960944831371307,-0.06782041490077972,takeoff
0.7952054142951965,0.7956926822662354,0.8353371024131775,0.8571765422821045,0.8709866404533386,0.9442282915115356,0.923355758190155,0.8759928941726685,0.8872768878936768,0.9685908555984497,0.9355881810188293,0.87362140417099,0.8905839323997498,0.9719024896621704,0.9389710426330566,0.8783003687858582,0.8904213309288025,0.9664457440376282,0.9366133213043213,0.888910174369812,0.8932269215583801,0.9097429513931274,0.8253231644630432,0.7414134740829468,0.6733677387237549,0.6173102855682373,0.7705718278884888,0.7747037410736084,0.7941073775291443,0.7944540977478027,0.8299471735954285,0.8294693827629089,0.8395868539810181,0.8341513276100159,0.8904213309288025,0.8850392699241638,0.8876494765281677,0.8820167183876038,0.9454649090766907,0.9402205348014832,0.9340422749519348,0.929000735282898,-6.989967573645117e-07,-0.043098416179418564,-0.06927797198295593,-0.09054535627365112,-0.105006143450737,-0.04691639170050621,-0.08094877749681473,-0.09278359264135361,-0.10101808607578278,-0.04582294821739197,-0.08378726989030838,-0.08666180074214935,-0.08520296961069107,-0.05023982375860214,-0.08960285037755966,-0.07621528208255768,-0.06333725154399872,-0.05865613371133804,-0.0800928995013237,-0.06976188719272614,-0.060460709035396576,takeoff
0.7721033692359924,0.7742214202880859,0.7518618106842041,0.7305882573127747,0.7247977256774902,0.7497212886810303,0.69143146276474,0.701831042766571,0.7236763834953308,0.7426098585128784,0.6812641620635986,0.6972075700759888,0.7181459665298462,0.7329260110855103,0.6799008846282959,0.6958518028259277,0.7163102626800537,0.7238887548446655,0.6837596893310547,0.6970930695533752,0.7162001729011536,0.7726365327835083,0.7241023778915405,0.6685865521430969,0.6255491375923157,0.5897142291069031,0.6851509809494019,0.6759465932846069,0.6914897561073303,0.6946498155593872,0.7217495441436768,0.7101404666900635,0.720150351524353,0.7233000993728638,0.7555908560752869,0.7417544722557068,0.7483600974082947,0.7515348792076111,0.7837345600128174,0.772804856300354,0.7761109471321106,0.7803541421890259,-1.2646623304135574e-07,-0.014167404733598232,-0.023367976769804955,-0.030016858130693436,-0.03595231845974922,-0.03365866094827652,-0.0529998242855072,-0.06003895774483681,-0.06285062432289124,-0.034443002194166183,-0.04955986514687538,-0.04796667769551277,-0.047150399535894394,-0.03623136505484581,-0.05182364210486412,-0.04476914182305336,-0.03881324082612991,-0.03837146610021591,-0.050157155841588974,-0.04574698582291603,-0.040674008429050446,takeoff
0.2164582759141922,0.2271939218044281,0.2544126808643341,0.2705940008163452,0.27574121952056885,0.2556186318397522,0.3088437020778656,0.2946295738220215,0.272108256816864,0.26061761379241943,0.31571194529533386,0.29884716868400574,0.273673951625824,0.26714926958084106,0.321056067943573,0.3038945198059082,0.2792668342590332,0.27288365364074707,0.31565454602241516,0.3020922839641571,0.2828258275985718,0.7696136832237244,0.7231457233428955,0.6652397513389587,0.6240546107292175,0.591081440448761,0.6863282918930054,0.6775769591331482,0.684063732624054,0.6867395043373108,0.7203361392021179,0.711889386177063,0.7171225547790527,0.7213999032974243,0.7547531723976135,0.7436263561248779,0.7475444674491882,0.7528147101402283,0.7866987586021423,0.7754276990890503,0.7759640216827393,0.780117392539978,-2.429601977382845e-07,-0.014299331232905388,-0.028180792927742004,-0.039058867841959,-0.0472305566072464,-0.04538794979453087,-0.06546779721975327,-0.07269445061683655,-0.07479434460401535,-0.046301573514938354,-0.062165021896362305,-0.060819923877716064,-0.059373803436756134,-0.04695893079042435,-0.05703020095825195,-0.04569319263100624,-0.03779003396630287,-0.04841660335659981,-0.05219857394695282,-0.042802851647138596,-0.036492809653282166,takeoff
0.2311364710330963,0.2555973529815674,0.2917782962322235,0.3153701722621918,0.3256193697452545,0.27717694640159607,0.333484023809433,0.3221994936466217,0.3018990457057953,0.2659696042537689,0.32901763916015625,0.31823134422302246,0.29716187715530396,0.2593595087528229,0.3239421546459198,0.3125206530094147,0.2907516360282898,0.25603193044662476,0.3063500225543976,0.30211448669433594,0.28653743863105774,0.49430060386657715,0.4506928026676178,0.3970302641391754,0.3567969799041748,0.31984639167785645,0.3847540318965912,0.40982529520988464,0.4263032376766205,0.42392271757125854,0.414861798286438,0.44302088022232056,0.4579175114631653,0.45463594794273376,0.4515248239040375,0.47263872623443604,0.48424842953681946,0.4802058935165405,0.48696455359458923,0.5046533346176147,0.5112256407737732,0.5065378546714783,-1.2865349674484605e-07,-0.013418292626738548,-0.02851966768503189,-0.04123309627175331,-0.051103100180625916,-0.05022518336772919,-0.07311992347240448,-0.08065572381019592,-0.08417128771543503,-0.05451202765107155,-0.07303477078676224,-0.07235144823789597,-0.0731232762336731,-0.0583193302154541,-0.07513223588466644,-0.0669003427028656,-0.061413343995809555,-0.06239049509167671,-0.07431230694055557,-0.06956104189157486,-0.06588297337293625,takeoff
0.7686850428581238,0.7419618964195251,0.7096351385116577,0.6813371181488037,0.6684054732322693,0.7281771898269653,0.6661035418510437,0.6736865043640137,0.6951367259025574,0.739495575428009,0.6668207049369812,0.6820313930511475,0.7035588622093201,0.7446634769439697,0.6773428320884705,0.691247820854187,0.7136707305908203,0.7486175894737244,0.6923853158950806,0.7008789777755737,0.7208510637283325,0.4873526096343994,0.4400351643562317,0.39339303970336914,0.3532213866710663,0.3163507282733917,0.3840235769748688,0.4047059118747711,0.425123929977417,0.4226836860179901,0.41919976472854614,0.44355982542037964,0.45594850182533264,0.45172157883644104,0.4553389251232147,0.4761497974395752,0.485135942697525,0.4808962941169739,0.48998743295669556,0.5034388899803162,0.508937418460846,0.5081605315208435,-2.1840509134563035e-07,-0.0152930598706007,-0.025962313637137413,-0.034468673169612885,-0.04149722307920456,-0.027855167165398598,-0.04036780446767807,-0.04188897833228111,-0.04308933764696121,-0.030062073841691017,-0.04044768586754799,-0.03935396298766136,-0.04088855907320976,-0.03322583809494972,-0.044141676276922226,-0.037998538464307785,-0.035191647708415985,-0.03745897114276886,-0.047387197613716125,-0.04440616816282272,-0.04138891026377678,takeoff
0.6072763204574585,0.605039119720459,0.6251907348632812,0.6476199626922607,0.6586053371429443,0.6918677091598511,0.686342716217041,0.666732132434845,0.6524121761322021,0.703724205493927,0.6889216899871826,0.6705096364021301,0.6570717692375183,0.7025859951972961,0.689647376537323,0.672573983669281,0.6580694317817688,0.6965636014938354,0.6910680532455444,0.6762334704399109,0.6637272238731384,0.6169254779815674,0.5559986233711243,0.5053243041038513,0.46556657552719116,0.43288522958755493,0.5308854579925537,0.5198609232902527,0.5275759100914001,0.5368409156799316,0.5685611367225647,0.5544303059577942,0.5583862066268921,0.5679793357849121,0.6033614277839661,0.5870066285133362,0.5907747149467468,0.5993348956108093,0.6333122253417969,0.6201531291007996,0.6216145753860474,0.6279611587524414,-3.868804867579456e-07,-0.015662476420402527,-0.028550710529088974,-0.03870004788041115,-0.047894563525915146,-0.02423606812953949,-0.027060678228735924,-0.03061516396701336,-0.034668248146772385,-0.021515456959605217,-0.01915389485657215,-0.021275857463479042,-0.02700040303170681,-0.01809452846646309,-0.017533903941512108,-0.016656534746289253,-0.019474005326628685,-0.015845540910959244,-0.01667185313999653,-0.012902169488370419,-0.010798566043376923,takeoff
0.39056864380836487,0.4001363515853882,0.37680962681770325,0.34969082474708557,0.33982840180397034,0.31570178270339966,0.3179759979248047,0.33761173486709595,0.3441174626350403,0.2969684600830078,0.31558001041412354,0.3347937762737274,0.3398047387599945,0.2935422956943512,0.314691960811615,0.33146336674690247,0.3350224196910858,0.2961193025112152,0.31432798504829407,0.3292332589626312,0.33235180377960205,0.6284762620925903,0.5636355876922607,0.5050163865089417,0.46279391646385193,0.42650800943374634,0.5189397931098938,0.5242554545402527,0.5397936701774597,0.5477220416069031,0.5583410263061523,0.5634084343910217,0.5713849663734436,0.5788399577140808,0.5972683429718018,0.5987997055053711,0.6026827096939087,0.6069538593292236,0.6290647387504578,0.6294102072715759,0.6325146555900574,0.636498212814331,-1.7152548537069379e-07,-0.00520977983251214,-0.009920766577124596,-0.014245604164898396,-0.01903717964887619,-0.013863085769116879,-0.020079659298062325,-0.028216956183314323,-0.03560623526573181,-0.017134258523583412,-0.015169515274465084,-0.019838059321045876,-0.029565958306193352,-0.01969706267118454,-0.020273882895708084,-0.0198214054107666,-0.02467462606728077,-0.02262825518846512,-0.023571975529193878,-0.019113799557089806,-0.018205836415290833,takeoff
0.41850924491882324,0.4219549894332886,0.4042765200138092,0.3843029737472534,0.37639743089675903,0.368877112865448,0.32939422130584717,0.3485782742500305,0.36971309781074524,0.3521728515625,0.3212527632713318,0.3408651053905487,0.3622540831565857,0.3423687219619751,0.3162667751312256,0.33238574862480164,0.3524535596370697,0.34004032611846924,0.31780296564102173,0.3323216140270233,0.3490065336227417,0.6368751525878906,0.5764495134353638,0.5166377425193787,0.4699583649635315,0.4300266206264496,0.5514496564865112,0.5361061096191406,0.5412945747375488,0.5474075078964233,0.5942413806915283,0.5748744010925293,0.576606035232544,0.5868757963180542,0.6327256560325623,0.6114678382873535,0.6125936508178711,0.6206899285316467,0.6637569069862366,0.6483558416366577,0.6488954424858093,0.656604528427124,-3.030924133895496e-08,-0.0076655736193060875,-0.01705954410135746,-0.02494116872549057,-0.03272165730595589,-0.025800004601478577,-0.03694713115692139,-0.044126495718955994,-0.04829906299710274,-0.027867548167705536,-0.03074255771934986,-0.02995075099170208,-0.03358195349574089,-0.02937619388103485,-0.031223788857460022,-0.02097204513847828,-0.01762544736266136,-0.031342409551143646,-0.030830664560198784,-0.01900605484843254,-0.012035052292048931,takeoff
0.573959231376648,0.5972607135772705,0.6346518397331238,0.6655873656272888,0.6796196699142456,0.6607357859611511,0.731295108795166,0.7001768946647644,0.6675426363945007,0.6693902611732483,0.7365481853485107,0.7109487652778625,0.6807737946510315,0.6760188341140747,0.7332679033279419,0.7092300057411194,0.6816167831420898,0.6820006966590881,0.728666365146637,0.7056496739387512,0.6828943490982056,0.8540092706680298,0.7762829661369324,0.7061891555786133,0.6537898182868958,0.6086110472679138,0.7587059140205383,0.7470136880874634,0.7423315048217773,0.747215747833252,0.8215051293373108,0.7955861687660217,0.7869557738304138,0.796022891998291,0.8722712397575378,0.8409398198127747,0.8364641070365906,0.8468025922775269,0.9126822352409363,0.8815854787826538,0.8782362341880798,0.8882933259010315,-6.041144047230773e-07,-0.011023413389921188,-0.02859637513756752,-0.04390012472867966,-0.0562344454228878,-0.05217602103948593,-0.06801149994134903,-0.06838549673557281,-0.06615354865789413,-0.05402052402496338,-0.06154484301805496,-0.053226567804813385,-0.05049644038081169,-0.05382479354739189,-0.05679973214864731,-0.03928535059094429,-0.031195925548672676,-0.05381116643548012,-0.05176687240600586,-0.03427539020776749,-0.024051237851381302,takeoff
0.42399224638938904,0.4241195023059845,0.3768574595451355,0.3333589434623718,0.3175939619541168,0.3466084897518158,0.26763981580734253,0.2987854778766632,0.33292335271835327,0.3295997679233551,0.26732540130615234,0.2987508177757263,0.32902559638023376,0.3169791102409363,0.2708233594894409,0.2958149313926697,0.3225614130496979,0.3089056611061096,0.27193284034729004,0.29310598969459534,0.3160417079925537,0.8990466594696045,0.8019505739212036,0.715366005897522,0.6506291627883911,0.5985182523727417,0.7546759843826294,0.737535297870636,0.7482030391693115,0.7518595457077026,0.8175289034843445,0.7971817255020142,0.7963855266571045,0.8012162446975708,0.870620608329773,0.8443049788475037,0.8430617451667786,0.8483603596687317,0.9109223484992981,0.8821448683738708,0.8837108016014099,0.8928406238555908,-1.826116005076983e-07,-0.010421310551464558,-0.02320718578994274,-0.03308074548840523,-0.042561739683151245,-0.04541272297501564,-0.06415043771266937,-0.07309126853942871,-0.07712730765342712,-0.04761166498064995,-0.052800633013248444,-0.04771168529987335,-0.05025215446949005,-0.04873189702630043,-0.05322422459721565,-0.03944123908877373,-0.03423694521188736,-0.05007150396704674,-0.049660492688417435,-0.033796682953834534,-0.02388589084148407,takeoff
0.739673376083374,0.7391176819801331,0.7131590843200684,0.6942470669746399,0.685710608959198,0.6466589570045471,0.6894972920417786,0.7177773118019104,0.71036696434021,0.641739010810852,0.694774329662323,0.7220115065574646,0.71011883020401,0.64997798204422,0.6945837736129761,0.7200612425804138,0.7098318934440613,0.6642305850982666,0.6915736198425293,0.7113800644874573,0.7064179182052612,0.5153359770774841,0.5819328427314758,0.6493658423423767,0.6980733871459961,0.7382386326789856,0.6073184013366699,0.6338580846786499,0.6128121018409729,0.602165937423706,0.5669311285018921,0.5948020219802856,0.5782679915428162,0.5672903060913086,0.526132345199585,0.5538966655731201,0.5445746779441833,0.5332173109054565,0.4903576672077179,0.5104169249534607,0.5101494789123535,0.4988899827003479,-6.038397941665608e-07,-0.02556256391108036,-0.0345396064221859,-0.04116256907582283,-0.04412522166967392,-0.022686131298542023,-0.04627867788076401,-0.05677832290530205,-0.062134526669979095,-0.0225689634680748,-0.0447019562125206,-0.04733363166451454,-0.04689568281173706,-0.02653658017516136,-0.05391005054116249,-0.04769549146294594,-0.03807912766933441,-0.03242045268416405,-0.05019550397992134,-0.045070432126522064,-0.037318333983421326,land
0.30892297625541687,0.3043559193611145,0.3280174732208252,0.34746068716049194,0.3552286922931671,0.3563072681427002,0.3745220899581909,0.3571797013282776,0.36065903306007385,0.3683771789073944,0.37890708446502686,0.3529406785964966,0.35454094409942627,0.37294140458106995,0.3850741982460022,0.3578508496284485,0.3587084412574768,0.37260159850120544,0.37576544284820557,0.3618185222148895,0.36760079860687256,0.5540779829025269,0.6068843603134155,0.6616049408912659,0.707379162311554,0.7443960905075073,0.6443766355514526,0.6573988795280457,0.6353631615638733,0.6259918808937073,0.6143235564231873,0.625592052936554,0.6063690781593323,0.6045786738395691,0.5820460915565491,0.5902769565582275,0.5815565586090088,0.5810511112213135,0.5539976954460144,0.5510377883911133,0.5513219237327576,0.5532475113868713,-6.569156596469838e-08,-0.018673604354262352,-0.025352584198117256,-0.03086780197918415,-0.03261970728635788,-0.01137915626168251,-0.027477961033582687,-0.03375757485628128,-0.03719859942793846,-0.010693150572478771,-0.02949303202331066,-0.037331823259592056,-0.04170688986778259,-0.012458482757210732,-0.02957930788397789,-0.024204954504966736,-0.019017769023776054,-0.01583436317741871,-0.02374735288321972,-0.017674831673502922,-0.012749110348522663,land
0.7054538130760193,0.6980447769165039,0.6739518046379089,0.6557376384735107,0.6434864401817322,0.6463221311569214,0.6369388699531555,0.6378395557403564,0.6251320838928223,0.6379883289337158,0.6296647191047668,0.6351901292800903,0.6219863295555115,0.6359082460403442,0.6226121187210083,0.6363597512245178,0.6318878531455994,0.639003336429596,0.6225416660308838,0.633188009262085,0.6346571445465088,0.5768147706985474,0.62572181224823,0.6706639528274536,0.7047963738441467,0.733975350856781,0.638252854347229,0.653908371925354,0.6517652273178101,0.652016818523407,0.6076546311378479,0.6234725117683411,0.6226383447647095,0.621375322341919,0.5762616395950317,0.5906439423561096,0.5915588736534119,0.5901201963424683,0.5453394651412964,0.5539510250091553,0.5609135031700134,0.5637646317481995,-1.6402449887209514e-07,-0.017228135839104652,-0.02987075224518776,-0.04229307174682617,-0.05392578989267349,-0.023716215044260025,-0.045601628720760345,-0.05909685045480728,-0.06860119849443436,-0.027057887986302376,-0.0481877364218235,-0.05466922000050545,-0.05957344174385071,-0.033218808472156525,-0.055638980120420456,-0.05155377462506294,-0.04721084237098694,-0.0412294939160347,-0.05544876679778099,-0.051776718348264694,-0.04886116832494736,land
0.3156786859035492,0.29821428656578064,0.27767014503479004,0.26103711128234863,0.2532255947589874,0.24170079827308655,0.22481930255889893,0.25057530403137207,0.2629181742668152,0.24239130318164825,0.22338297963142395,0.25160691142082214,0.26248636841773987,0.24622474610805511,0.22143837809562683,0.2452814280986786,0.2565317749977112,0.25354981422424316,0.22691959142684937,0.2380715012550354,0.24853014945983887,0.6645458936691284,0.6989673972129822,0.7253331542015076,0.746621310710907,0.761593222618103,0.6872601509094238,0.7067904472351074,0.7072224617004395,0.6978625655174255,0.6642932891845703,0.6809127330780029,0.6862795948982239,0.6757018566131592,0.6391292810440063,0.6496853232383728,0.6601565480232239,0.6529776453971863,0.6116723418235779,0.6152526140213013,0.6312747001647949,0.6342039108276367,-3.5626746353045746e-07,-0.010028623975813389,-0.018747806549072266,-0.02967357262969017,-0.039142027497291565,-0.004209017846733332,-0.020763548091053963,-0.03144082427024841,-0.03710680454969406,-0.007035872898995876,-0.022666212171316147,-0.02658034861087799,-0.02670808881521225,-0.012740880250930786,-0.0256396122276783,-0.020774537697434425,-0.014682525768876076,-0.020038049668073654,-0.02329256758093834,-0.015955979004502296,-0.009314469061791897,land
0.19522692263126373,0.1887141317129135,0.15969917178153992,0.14090596139431,0.1323995590209961,0.14964911341667175,0.056780871003866196,0.08475729078054428,0.11622228473424911,0.12389914691448212,0.0317884162068367,0.06120312213897705,0.09364704042673111,0.09996422380208969,0.017487414181232452,0.04572794958949089,0.07565178722143173,0.07663634419441223,0.01598474383354187,0.03723437711596489,0.06061194837093353,0.5126986503601074,0.5839959979057312,0.6729234457015991,0.74787837266922,0.8037441372871399,0.6297946572303772,0.7058366537094116,0.6846709251403809,0.6594489812850952,0.5721568465232849,0.6529978513717651,0.6384228467941284,0.6164572834968567,0.523748517036438,0.6033503413200378,0.5892703533172607,0.5635426640510559,0.48567163944244385,0.551426351070404,0.5434080362319946,0.5180442929267883,-3.2354259360545257e-07,-0.027069205418229103,-0.05783912166953087,-0.08098645508289337,-0.10041259974241257,-0.10983752459287643,-0.13479484617710114,-0.1263314187526703,-0.11583654582500458,-0.10640238225460052,-0.1319539099931717,-0.11985684186220169,-0.11085356771945953,-0.09950336813926697,-0.11709602922201157,-0.09739522635936737,-0.08539227396249771,-0.09265915304422379,-0.10942815989255905,-0.10006354749202728,-0.0933462604880333,land
0.8183436393737793,0.8069685697555542,0.8418631553649902,0.8662773370742798,0.8606441020965576,0.8445833921432495,0.9473271369934082,0.9221293926239014,0.885013997554779,0.8749924898147583,0.9749282598495483,0.9415220022201538,0.9057595133781433,0.9024768471717834,0.9859843254089355,0.9525032043457031,0.916810154914856,0.9267035722732544,0.9838945865631104,0.9598713517189026,0.9339190125465393,0.49988389015197754,0.5826635360717773,0.6896371245384216,0.7685120105743408,0.828584611415863,0.6435818672180176,0.7045813798904419,0.6874502301216125,0.673105001449585,0.5824875235557556,0.6542314887046814,0.6366168856620789,0.6155501008033752,0.5268651247024536,0.5991529822349548,0.585178554058075,0.5649092793464661,0.4790722131729126,0.5416139960289001,0.5375401377677917,0.5216597318649292,-3.9252871175676773e-08,-0.01872006058692932,-0.042593248188495636,-0.05849137529730797,-0.07350108027458191,-0.11398693174123764,-0.14419536292552948,-0.14533013105392456,-0.14306896924972534,-0.11695969104766846,-0.14179687201976776,-0.12605535984039307,-0.11756277829408646,-0.11592549085617065,-0.13530538976192474,-0.10780405253171921,-0.09107283502817154,-0.11448931694030762,-0.13273364305496216,-0.1175123080611229,-0.10592532157897949,land
0.2711666524410248,0.2808799147605896,0.2700655460357666,0.2585161328315735,0.2532324194908142,0.20784534513950348,0.22217053174972534,0.23845252394676208,0.2484675645828247,0.194891557097435,0.21200507879257202,0.22739966213703156,0.23533588647842407,0.1944987028837204,0.20715118944644928,0.22064638137817383,0.2295229732990265,0.1997217983007431,0.20646820962429047,0.21900153160095215,0.22852304577827454,0.595822811126709,0.6520658135414124,0.7001087665557861,0.7385576963424683,0.7680240869522095,0.6911054849624634,0.7023060321807861,0.6950666904449463,0.6861681342124939,0.6618372797966003,0.6735964417457581,0.6683782935142517,0.6581282615661621,0.6326683759689331,0.6479175686836243,0.6433344483375549,0.6335598826408386,0.607373058795929,0.6227547526359558,0.6212804317474365,0.6140823364257812,-3.238186820908595e-07,-0.010597881861031055,-0.01862414926290512,-0.024615878239274025,-0.029473768547177315,-0.014924818649888039,-0.011831250973045826,-0.01063826959580183,-0.011712204664945602,-0.013171312399208546,-0.007487991824746132,-0.007721257861703634,-0.011727701872587204,-0.01030577439814806,-0.007380283437669277,-0.006048439536243677,-0.008190886117517948,-0.008018402382731438,-0.00598796084523201,-0.000607814290560782,0.0023866870906203985,land
0.7364906072616577,0.7195441722869873,0.7301058173179626,0.7423430681228638,0.744799792766571,0.7871387600898743,0.7772122025489807,0.7616378664970398,0.7575141787528992,0.8031801581382751,0.7862442135810852,0.7698773145675659,0.7665129899978638,0.8072662949562073,0.7919319868087769,0.7767029404640198,0.7712857127189636,0.8046963214874268,0.7928734421730042,0.779527485370636,0.7726715207099915,0.6007480025291443,0.6498855352401733,0.7027595043182373,0.7416203618049622,0.7728056311607361,0.6954169869422913,0.703399658203125,0.6920897960662842,0.6831604242324829,0.6645134687423706,0.6733906865119934,0.6664599776268005,0.6590983271598816,0.6342645883560181,0.6464685797691345,0.6419637203216553,0.6362107992172241,0.6105676889419556,0.6206837296485901,0.616658091545105,0.6111822724342346,-1.8860360384564956e-08,-0.008371044881641865,-0.011716509237885475,-0.013221182860434055,-0.01437472365796566,-0.01032352913171053,-0.014231324195861816,-0.019797395914793015,-0.024523574858903885,-0.00928106252104044,-0.007775916717946529,-0.011745080351829529,-0.01847113110125065,-0.008099007420241833,-0.008850262500345707,-0.008078139275312424,-0.010462967678904533,-0.007171452511101961,-0.007802776992321014,-0.00299883633852005,-0.000517661334015429,land
0.2523273527622223,0.24371185898780823,0.22162719070911407,0.19892945885658264,0.18867135047912598,0.1653597354888916,0.16019178926944733,0.1808549016714096,0.1975173056125641,0.15496107935905457,0.15797626972198486,0.17574617266654968,0.19070060551166534,0.1555277705192566,0.15848004817962646,0.1747971624135971,0.190817728638649,0.158430278301239,0.15083658695220947,0.16539770364761353,0.18035860359668732,0.5838935375213623,0.6476603746414185,0.697226345539093,0.7368484735488892,0.7702797651290894,0.6695780754089355,0.6779950261116028,0.6693215370178223,0.6616194844245911,0.6320280432701111,0.642741322517395,0.6381628513336182,0.6296353936195374,0.5973374247550964,0.6106750965118408,0.6077051162719727,0.5999692678451538,0.5674451589584351,0.5795225501060486,0.5811628103256226,0.576489269733429,-3.416068068418099e-07,-0.01148721668869257,-0.024049801751971245,-0.03502942994236946,-0.04515177756547928,-0.02439700998365879,-0.02648388408124447,-0.027520528063178062,-0.0292978398501873,-0.02333655208349228,-0.020357050001621246,-0.020423484966158867,-0.024698566645383835,-0.02104419469833374,-0.019075803458690643,-0.017270036041736603,-0.0195003692060709,-0.019490160048007965,-0.017856327816843987,-0.012029279954731464,-0.008807076141238213,land
0.18446776270866394,0.22263365983963013,0.2277696132659912,0.22215868532657623,0.22150865197181702,0.16579459607601166,0.21156029403209686,0.23293854296207428,0.22342033684253693,0.14897072315216064,0.21915142238140106,0.23372198641300201,0.21326036751270294,0.14980338513851166,0.22117610275745392,0.23093657195568085,0.20620279014110565,0.15804193913936615,0.22447526454925537,0.22420796751976013,0.1951407939195633,0.832416296005249,0.745348334312439,0.6619583964347839,0.5981644988059998,0.5435740351676941,0.6899107098579407,0.6778032183647156,0.7081789374351501,0.7159026861190796,0.7366176843643188,0.7210643291473389,0.7431986927986145,0.7498036026954651,0.7801083326339722,0.7621656656265259,0.7791556119918823,0.78474360704422,0.8168594837188721,0.8067100644111633,0.8166845440864563,0.8223279118537903,-3.457646187143837e-07,-0.019071253016591072,-0.03337252512574196,-0.04656631126999855,-0.055700886994600296,-0.04919338971376419,-0.08161924034357071,-0.09780265390872955,-0.10782429575920105,-0.054884616285562515,-0.08336327970027924,-0.08822854608297348,-0.09541520476341248,-0.06241776421666145,-0.08843141794204712,-0.0806429386138916,-0.07676136493682861,-0.0718606635928154,-0.08700212091207504,-0.08195925503969193,-0.08050797879695892,takeoff
0.7983881235122681,0.7698487639427185,0.7743741273880005,0.7814925312995911,0.7844058275222778,0.8452586531639099,0.7651984691619873,0.7578809857368469,0.7840830087661743,0.8589275479316711,0.7642796635627747,0.7664536833763123,0.7965683341026306,0.8566958904266357,0.770339846611023,0.768275260925293,0.7941569089889526,0.846356213092804,0.7837896943092346,0.7799109816551208,0.7993202209472656,0.8222092390060425,0.7342986464500427,0.6478842496871948,0.5879476070404053,0.5370200276374817,0.6790387034416199,0.6821783781051636,0.7040284872055054,0.7065942287445068,0.7280271053314209,0.7288455963134766,0.7404257655143738,0.7425302863121033,0.7768064141273499,0.7756296396255493,0.7833963632583618,0.7879695892333984,0.8200339078903198,0.8202418088912964,0.8186783790588379,0.819667637348175,-5.696093694496085e-07,-0.03680095076560974,-0.0524739995598793,-0.06220786273479462,-0.06700337678194046,-0.04293270409107208,-0.06981541216373444,-0.0872875228524208,-0.10030219703912735,-0.03957807272672653,-0.06164514645934105,-0.06726325303316116,-0.07439973950386047,-0.040561072528362274,-0.06577194482088089,-0.061043836176395416,-0.05703549087047577,-0.045648328959941864,-0.0645761787891388,-0.06459066271781921,-0.06374821811914444,takeoff
0.8161510825157166,0.7987571358680725,0.7894747853279114,0.7984867691993713,0.8076031804084778,0.7722906470298767,0.7650983333587646,0.7659178972244263,0.7660233378410339,0.7970986366271973,0.803888201713562,0.8092979192733765,0.8066633343696594,0.8195856213569641,0.8251358270645142,0.825879693031311,0.8187583088874817,0.8362864851951599,0.8395906090736389,0.8396454453468323,0.8326649069786072,0.67396479845047,0.6444831490516663,0.6074110269546509,0.5717270970344543,0.5412439107894897,0.556703507900238,0.5084132552146912,0.47963961958885193,0.45339834690093994,0.557111382484436,0.5157684087753296,0.5441235899925232,0.5650416016578674,0.5638646483421326,0.5309810638427734,0.5571099519729614,0.5742412209510803,0.5746108889579773,0.5420364141464233,0.5582918524742126,0.5740827918052673,-2.957400013769984e-08,-0.02243611216545105,-0.02864249236881733,-0.03315367549657822,-0.03599864989519119,-0.005031036678701639,-0.013799157924950123,-0.020881250500679016,-0.02668800577521324,-0.00032481137895956635,-0.017801545560359955,-0.02646179310977459,-0.026901962235569954,0.001824897830374539,-0.016417985782027245,-0.018116598948836327,-0.013481266796588898,0.0022580469958484173,-0.010879045352339745,-0.009633972309529781,-0.0047857994213700294,ascend
0.1809590756893158,0.20257948338985443,0.21206095814704895,0.20008790493011475,0.1856812834739685,0.22760935127735138,0.2320507913827896,0.2331783026456833,0.23286932706832886,0.20424552261829376,0.19858409464359283,0.1940930187702179,0.19689658284187317,0.1835164874792099,0.1770026683807373,0.17738677561283112,0.1803913414478302,0.16476848721504211,0.15889152884483337,0.16013523936271667,0.16432729363441467,0.6606572866439819,0.641208827495575,0.6056102514266968,0.5685886740684509,0.540850818157196,0.5560640096664429,0.5117737054824829,0.4803486764431,0.45623719692230225,0.5532668232917786,0.5169931054115295,0.5422657132148743,0.5600353479385376,0.5581498146057129,0.5269391536712646,0.5505992770195007,0.5673041939735413,0.5686370730400085,0.5410618185997009,0.5564554333686829,0.5721866488456726,4.118020768828501e-08,-0.023373819887638092,-0.03400016203522682,-0.04279816523194313,-0.05001132935285568,-0.00900715310126543,-0.01841948740184307,-0.02594803273677826,-0.032316021621227264,-0.004829187877476215,-0.01982821896672249,-0.02462957240641117,-0.02382710389792919,-0.0035999040119349957,-0.02065274864435196,-0.01959187164902687,-0.014332529157400131,-0.004660384729504585,-0.018250413239002228,-0.017194554209709167,-0.013127980753779411,ascend
0.7364521026611328,0.7060047388076782,0.6923193335533142,0.6762630343437195,0.6646747589111328,0.7353604435920715,0.7225253582000732,0.7147452235221863,0.7096336483955383,0.7375621199607849,0.689155638217926,0.6808226108551025,0.6945359110832214,0.7298394441604614,0.6828208565711975,0.676623523235321,0.6914781928062439,0.716403603553772,0.6791622042655945,0.6733651757240295,0.6847866177558899,0.6133112907409668,0.5786436796188354,0.5475395321846008,0.5266227126121521,0.5152819156646729,0.5034234523773193,0.4570571482181549,0.42559242248535156,0.39899078011512756,0.5120044350624084,0.48467373847961426,0.5098482966423035,0.5224459767341614,0.5255729556083679,0.496098130941391,0.519027590751648,0.5308740139007568,0.5420311689376831,0.5154103636741638,0.5337957739830017,0.546919584274292,-1.724956320003912e-07,0.011157791130244732,0.0059609366580843925,-0.002846198622137308,-0.012332437559962273,-0.004262251779437065,-0.02003074251115322,-0.03420142084360123,-0.045098818838596344,-0.015117825008928776,-0.021802153438329697,-0.016658106818795204,-0.014844446443021297,-0.026073630899190903,-0.03003564476966858,-0.016163483262062073,-0.00892922468483448,-0.03682692348957062,-0.039216913282871246,-0.028232624754309654,-0.020688489079475403,ascend
0.2617509663105011,0.28804078698158264,0.30507010221481323,0.3218993544578552,0.32862311601638794,0.2648405432701111,0.2736091613769531,0.28270530700683594,0.2877874970436096,0.2626696825027466,0.3100728988647461,0.31525135040283203,0.30379655957221985,0.2698632776737213,0.316659152507782,0.319596529006958,0.30768027901649475,0.2836838960647583,0.31999048590660095,0.31976109743118286,0.3087802231311798,0.6171374917030334,0.584006667137146,0.5495054721832275,0.5287123918533325,0.5149771571159363,0.5059627890586853,0.4549140930175781,0.42282402515411377,0.39576590061187744,0.5103541612625122,0.48797014355659485,0.5096458792686462,0.5210214257240295,0.5241738557815552,0.501254677772522,0.5224332213401794,0.5332331657409668,0.5407026410102844,0.5203438401222229,0.5376494526863098,0.5483686923980713,8.059637401913733e-09,0.009540927596390247,0.007279038894921541,0.0001955477928277105,-0.006642090156674385,0.0013603109400719404,-0.009461984038352966,-0.018372824415564537,-0.025183621793985367,-0.01213007140904665,-0.026532473042607307,-0.030549069866538048,-0.03080839291214943,-0.024941427633166313,-0.03461090847849846,-0.02627243474125862,-0.018908381462097168,-0.03764063119888306,-0.03993279114365578,-0.028904369100928307,-0.020384415984153748,ascend
0.7477837800979614,0.7544008493423462,0.7434608340263367,0.7205987572669983,0.6977593898773193,0.7422460913658142,0.7229548096656799,0.7126259207725525,0.7049548029899597,0.7283458113670349,0.6857836246490479,0.6873266100883484,0.7017880082130432,0.7119921445846558,0.6741414666175842,0.6796237230300903,0.6943723559379578,0.6954219341278076,0.667182207107544,0.6734402179718018,0.6866037845611572,0.6042417883872986,0.5607188940048218,0.5205163359642029,0.5020456314086914,0.49652406573295593,0.49004802107810974,0.4384215176105499,0.4056805372238159,0.37896376848220825,0.4999929368495941,0.4770740270614624,0.49890363216400146,0.5113261342048645,0.5162887573242188,0.4976281225681305,0.5148453116416931,0.5229933261871338,0.5359185338020325,0.5173372030258179,0.5323209762573242,0.5418169498443604,-4.585452728633754e-08,0.011418728157877922,0.009138463996350765,0.0038994201458990574,-0.0031365323811769485,-0.009835203178226948,-0.020868802443146706,-0.02925824373960495,-0.03634636104106903,-0.020630331709980965,-0.02786264568567276,-0.0237586610019207,-0.02230909653007984,-0.03002079203724861,-0.032581645995378494,-0.021579502150416374,-0.016381775960326195,-0.03895197808742523,-0.04002372547984123,-0.03015194647014141,-0.023342950269579887,ascend
0.25215932726860046,0.24831247329711914,0.26305750012397766,0.2893044352531433,0.30760642886161804,0.25939542055130005,0.27665799856185913,0.28755271434783936,0.29372990131378174,0.27120548486709595,0.31396013498306274,0.31056106090545654,0.29633182287216187,0.2861386835575104,0.32525181770324707,0.3195076584815979,0.3065429627895355,0.30334433913230896,0.3339605927467346,0.3263804614543915,0.31504297256469727,0.6040918231010437,0.5598806738853455,0.5205510854721069,0.5024629831314087,0.49607521295547485,0.4867170751094818,0.4349275827407837,0.4013897180557251,0.37536123394966125,0.49652525782585144,0.47839322686195374,0.49978092312812805,0.5113726258277893,0.5141672492027283,0.49843281507492065,0.5168401598930359,0.5272183418273926,0.5339311957359314,0.5195552706718445,0.5354722142219543,0.5450454354286194,-9.577323822895778e-08,0.010024934075772762,0.0060226344503462315,-0.0008890100289136171,-0.007415370550006628,-0.012417147867381573,-0.02658674865961075,-0.036440227180719376,-0.04304135590791702,-0.02329249493777752,-0.03423827141523361,-0.032659195363521576,-0.030593182891607285,-0.032723940908908844,-0.03888006508350372,-0.028236007317900658,-0.0209952499717474,-0.04147166758775711,-0.04054703190922737,-0.02791004069149494,-0.01898731105029583,ascend
0.18876685202121735,0.20929323136806488,0.2220739871263504,0.2153002917766571,0.20575064420700073,0.24123860895633698,0.2496245950460434,0.2525397539138794,0.2550731301307678,0.2206280678510666,0.21455557644367218,0.20654988288879395,0.20539948344230652,0.20168891549110413,0.19487056136131287,0.1905335634946823,0.19124512374401093,0.18555812537670135,0.17865264415740967,0.1761709302663803,0.17807278037071228,0.522867739200592,0.5062494874000549,0.47484254837036133,0.4402252733707428,0.4128928780555725,0.43223246932029724,0.3896101713180542,0.36137276887893677,0.3388127088546753,0.4274389445781708,0.3935816287994385,0.4142095446586609,0.4337621033191681,0.4287715554237366,0.4000515937805176,0.41953951120376587,0.4357542097568512,0.43459033966064453,0.4079604744911194,0.42066100239753723,0.4354117810726166,-6.66332145016213e-09,-0.024270763620734215,-0.033295486122369766,-0.03982377424836159,-0.04464214667677879,-0.009603668935596943,-0.019467826932668686,-0.027363978326320648,-0.033517222851514816,-0.004363297019153833,-0.022595170885324478,-0.03082996979355812,-0.03164488077163696,-0.00203632446937263,-0.021433649584650993,-0.02413081005215645,-0.020401224493980408,-0.001815020921640098,-0.01629975438117981,-0.017217367887496948,-0.013949829153716564,ascend
0.14648064970970154,0.1684943437576294,0.18223342299461365,0.17395427823066711,0.16209296882152557,0.19780699908733368,0.20623058080673218,0.20872507989406586,0.20993058383464813,0.17485353350639343,0.1646420955657959,0.15959760546684265,0.16558299958705902,0.15477308630943298,0.14139749109745026,0.1426285058259964,0.151658833026886,0.1374269723892212,0.12845870852470398,0.12953342497348785,0.1358450949192047,0.48949989676475525,0.4744623899459839,0.4433494210243225,0.40887710452079773,0.3806610107421875,0.39445990324020386,0.3466815650463104,0.3151037395000458,0.28871193528175354,0.3917267620563507,0.36279600858688354,0.39676183462142944,0.4163154065608978,0.39395010471343994,0.37284770607948303,0.4045269787311554,0.4193548858165741,0.3992040753364563,0.3773636221885681,0.39952608942985535,0.41449347138404846,-2.760492101572254e-08,-0.027454238384962082,-0.03964811936020851,-0.04877426475286484,-0.05575753003358841,-0.02030038647353649,-0.034783877432346344,-0.04280461370944977,-0.04849611967802048,-0.014825225807726383,-0.0370006263256073,-0.04069993644952774,-0.03735323250293732,-0.01248873770236969,-0.03659269958734512,-0.033163994550704956,-0.024282759055495262,-0.012560037896037102,-0.029793310910463333,-0.02662006951868534,-0.019726142287254333,ascend
0.7087668180465698,0.6819856762886047,0.6707278490066528,0.6751691102981567,0.6855112910270691,0.6876268982887268,0.689022958278656,0.6909496188163757,0.694333016872406,0.707895040512085,0.7052672505378723,0.6965984106063843,0.6953712701797485,0.7289778590202332,0.7248790264129639,0.7141706943511963,0.7129555344581604,0.7476170659065247,0.7444701790809631,0.7325937151908875,0.7302466034889221,0.833069920539856,0.801579475402832,0.7663741707801819,0.7362258434295654,0.7102940678596497,0.7070600986480713,0.6438683867454529,0.6105365753173828,0.5817208886146545,0.7151130437850952,0.6792911887168884,0.7190293669700623,0.7418942451477051,0.726485550403595,0.6923703551292419,0.7280027270317078,0.748697817325592,0.7421085834503174,0.709305465221405,0.7293691635131836,0.745911717414856,-3.101359595802933e-07,-0.008049468509852886,-0.014878595247864723,-0.02405986189842224,-0.03194553405046463,-0.007419317029416561,-0.0274522565305233,-0.04158702865242958,-0.05164795741438866,-0.012563363648951054,-0.037569545209407806,-0.043300267308950424,-0.04235512763261795,-0.019866598770022392,-0.03974718973040581,-0.030538804829120636,-0.019729916006326675,-0.02871798537671566,-0.0401887409389019,-0.03152139112353325,-0.022122055292129517,ascend
0.8010451793670654,0.7744550704956055,0.7620448470115662,0.7695873975753784,0.7816333770751953,0.7677096724510193,0.7695677876472473,0.7738919854164124,0.77769935131073,0.791841447353363,0.7966451048851013,0.7931241989135742,0.7881659865379333,0.8142560720443726,0.8164792656898499,0.8093240261077881,0.802902102470398,0.834043562412262,0.8364943265914917,0.8291611075401306,0.8222130537033081,0.7502477169036865,0.7210380434989929,0.683488130569458,0.646080493927002,0.6176230311393738,0.6245490908622742,0.5657671093940735,0.5351588726043701,0.5064363479614258,0.6269869208335876,0.593052327632904,0.6338174939155579,0.6572978496551514,0.6352609992027283,0.6079805493354797,0.6437853574752808,0.6647697687149048,0.6485702991485596,0.6158199310302734,0.6364477276802063,0.655890941619873,-1.7379217354118737e-07,-0.016606492921710014,-0.02496068738400936,-0.03372475877404213,-0.040827665477991104,-0.007928011007606983,-0.023204319179058075,-0.03310099244117737,-0.040384870022535324,-0.00840334314852953,-0.030951660126447678,-0.03624908998608589,-0.0339188277721405,-0.011535417288541794,-0.03297072649002075,-0.02712424285709858,-0.01676204614341259,-0.016408879309892654,-0.03101261518895626,-0.024845127016305923,-0.015847500413656235,ascend
0.8456853032112122,0.8162240982055664,0.8023236989974976,0.8078052401542664,0.8178763389587402,0.8066086173057556,0.8060650825500488,0.8062620759010315,0.8093929290771484,0.8331060409545898,0.837226927280426,0.8359310626983643,0.8325586318969727,0.8580071330070496,0.8627718091011047,0.8549226522445679,0.847927987575531,0.8806162476539612,0.8826350569725037,0.8739517331123352,0.8675775527954102,0.7279000878334045,0.6967569589614868,0.6555526256561279,0.615221381187439,0.582909107208252,0.5954420566558838,0.5333354473114014,0.49901676177978516,0.46773627400398254,0.5994774103164673,0.5626915097236633,0.6061390042304993,0.6329988837242126,0.6079124212265015,0.5718510150909424,0.6117033958435059,0.6362560987472534,0.6198204159736633,0.5910435914993286,0.6154611110687256,0.634467601776123,-1.0421269536209365e-07,-0.017623726278543472,-0.024735210463404655,-0.03149759769439697,-0.036085598170757294,-0.005108456593006849,-0.020461317151784897,-0.031878236681222916,-0.0405346117913723,-0.0035952047910541296,-0.027439255267381668,-0.034648194909095764,-0.03332161158323288,-0.004823848605155945,-0.026447758078575134,-0.02083284966647625,-0.010611822828650475,-0.007915006950497627,-0.02319556288421154,-0.0178715568035841,-0.009236998856067657,ascend
0.08520114421844482,0.15321382880210876,0.1704709380865097,0.16013513505458832,0.15109959244728088,0.14172810316085815,0.13202892243862152,0.12753577530384064,0.12072626501321793,0.07747726142406464,0.08998563885688782,0.11874229460954666,0.12554240226745605,0.033136844635009766,0.05345093458890915,0.07820300757884979,0.08336842060089111,0.0018752515316009521,0.01329253613948822,0.034200169146060944,0.04420227184891701,0.3183102309703827,0.37888985872268677,0.4603636562824249,0.5357791781425476,0.5890367031097412,0.5268940329551697,0.6645606756210327,0.7355093955993652,0.7887378931045532,0.5258136987686157,0.6463372111320496,0.6215630769729614,0.5835126042366028,0.5129908919334412,0.6198364496231079,0.598979115486145,0.5640528798103333,0.49791741371154785,0.583366870880127,0.5782830715179443,0.5520577430725098,-4.6624728611277533e-07,-0.013015534728765488,-0.019342677667737007,-0.020717982202768326,-0.020913340151309967,-0.0535082146525383,-0.07706751674413681,-0.08297953754663467,-0.08485114574432373,-0.04543905332684517,-0.06144348159432411,-0.04294901713728905,-0.02593558095395565,-0.0369497686624527,-0.05056134983897209,-0.028262443840503693,-0.00924715306609869,-0.028617996722459793,-0.03832326829433441,-0.026187457144260406,-0.01389388833194971,descend
0.9651430249214172,0.9106131196022034,0.8832934498786926,0.8665066361427307,0.8619382381439209,0.9248377680778503,0.90574049949646,0.8928483724594116,0.8857977390289307,0.9499894976615906,0.9062867164611816,0.8889445066452026,0.8907001614570618,0.9653081297874451,0.9205795526504517,0.9047744870185852,0.9076721668243408,0.9709053039550781,0.9369086027145386,0.9172811508178711,0.9148651361465454,0.5560102462768555,0.5764111280441284,0.6306809186935425,0.6784964799880981,0.7156797051429749,0.6900196075439453,0.7705608010292053,0.8195315003395081,0.8591666221618652,0.6971299648284912,0.7400825619697571,0.7164276242256165,0.6913609504699707,0.6958235502243042,0.7352136373519897,0.7147946357727051,0.6934996843338013,0.6912205815315247,0.7219179272651672,0.7100822925567627,0.6939765810966492,1.718401421157978e-07,-0.02586544305086136,-0.03209375590085983,-0.03193559870123863,-0.028677362948656082,-0.034496575593948364,-0.04249138757586479,-0.04650159925222397,-0.04913463443517685,-0.020719483494758606,-0.030425049364566803,-0.0308923851698637,-0.02903580479323864,-0.007113289088010788,-0.01321323961019516,-0.010120939463376999,-0.006331856362521648,0.004460117779672146,-4.6889501390978694e-05,0.001141278655268252,0.003823618870228529,descend
0.031072868034243584,0.09257535636425018,0.12128999084234238,0.12939797341823578,0.13798490166664124,0.07564954459667206,0.0942506194114685,0.10723517835140228,0.11361236870288849,0.04002425819635391,0.09245231747627258,0.11193142086267471,0.10667973756790161,0.022762658074498177,0.07318811118602753,0.0913706123828888,0.08902191370725632,0.01511644572019577,0.05407041311264038,0.07323233783245087,0.07703286409378052,0.5415278077125549,0.5691614151000977,0.6251333951950073,0.6803131103515625,0.7209631204605103,0.690632700920105,0.7789131999015808,0.8307818174362183,0.8704509139060974,0.6923345327377319,0.7417120933532715,0.7188152074813843,0.6943041682243347,0.687358558177948,0.732612669467926,0.7142763733863831,0.6926114559173584,0.6818442940711975,0.7219922542572021,0.7104942798614502,0.6911056637763977,-3.3344326766382437e-07,-0.026875166222453117,-0.03861645609140396,-0.04460363835096359,-0.048351436853408813,-0.0413079671561718,-0.058911629021167755,-0.06665957719087601,-0.07048280537128448,-0.029842983931303024,-0.046835001558065414,-0.04167766124010086,-0.034418851137161255,-0.01984485611319542,-0.040094658732414246,-0.03243424370884895,-0.02187211811542511,-0.011208752170205116,-0.02398841641843319,-0.017835577949881554,-0.009051375091075897,descend
0.819495439529419,0.765166163444519,0.7407999038696289,0.7249833345413208,0.7123019695281982,0.786014974117279,0.770308792591095,0.7584061622619629,0.7549886703491211,0.7995268702507019,0.7524363994598389,0.7367864847183228,0.746792733669281,0.8027562499046326,0.755662739276886,0.7432836294174194,0.7526009678840637,0.7983871698379517,0.7641249895095825,0.748395562171936,0.7539904117584229,0.43239733576774597,0.43939533829689026,0.4913433790206909,0.5440290570259094,0.5875892043113708,0.5519936084747314,0.6363000869750977,0.6841509938240051,0.7219329476356506,0.5631454586982727,0.6119740605354309,0.5862858891487122,0.5619571208953857,0.5645451545715332,0.6066914796829224,0.5785874128341675,0.5596805810928345,0.5630831122398376,0.5921720266342163,0.5740376114845276,0.5581437349319458,2.168406609825979e-07,-0.04618968814611435,-0.05559046193957329,-0.05246809870004654,-0.04438502714037895,-0.05088302865624428,-0.05635751783847809,-0.056728146970272064,-0.05600482225418091,-0.02323312871158123,-0.03262946754693985,-0.03274102881550789,-0.028107279911637306,0.0031868701335042715,-0.0048708803951740265,-0.005645493511110544,-0.0017510858597233891,0.026768265292048454,0.02097966894507408,0.01904587633907795,0.02088243141770363,descend
0.18369795382022858,0.2405293732881546,0.2675963342189789,0.2780981659889221,0.2880030870437622,0.21385198831558228,0.22895382344722748,0.23951217532157898,0.24427074193954468,0.19028285145759583,0.24260859191417694,0.2636678218841553,0.2579275667667389,0.18540963530540466,0.23456349968910217,0.25056973099708557,0.2450578808784485,0.187642902135849,0.22493036091327667,0.23719532787799835,0.2358715832233429,0.42288631200790405,0.44093382358551025,0.49343618750572205,0.5496556162834167,0.5912262797355652,0.5431233048439026,0.6385443806648254,0.689060389995575,0.7280930280685425,0.5502344369888306,0.6159912347793579,0.5888539552688599,0.5587935447692871,0.5520573854446411,0.6061092019081116,0.5801665186882019,0.5552329421043396,0.5525204539299011,0.5918459892272949,0.574104368686676,0.551188051700592,-2.0281571266878018e-07,-0.03981022164225578,-0.052306775003671646,-0.05322492495179176,-0.05083666369318962,-0.060261037200689316,-0.07437372207641602,-0.07644636929035187,-0.07630138099193573,-0.03901370242238045,-0.055213358253240585,-0.046554163098335266,-0.035436276346445084,-0.018990380689501762,-0.040698643773794174,-0.03397321328520775,-0.02272334322333336,-0.0005134773091413081,-0.017775578424334526,-0.01541082002222538,-0.0084964195266366,descend
0.7679358720779419,0.7155923843383789,0.6939825415611267,0.6995348930358887,0.7132349014282227,0.7056958675384521,0.684025764465332,0.6714267730712891,0.664035975933075,0.734897255897522,0.7122337818145752,0.7050380706787109,0.7083539962768555,0.7606197595596313,0.7334741353988647,0.7270439863204956,0.7316504120826721,0.7801339626312256,0.7563185095787048,0.7499353289604187,0.754420816898346,0.6775712966918945,0.6931886076927185,0.7376606464385986,0.7784304618835449,0.8052429556846619,0.7585684061050415,0.824509859085083,0.8626003265380859,0.8940861821174622,0.7746451497077942,0.8356117606163025,0.8217863440513611,0.800054132938385,0.7840487360954285,0.8413662314414978,0.8253228664398193,0.8059195280075073,0.7870844006538391,0.8351683616638184,0.8230370283126831,0.8066073060035706,2.045204325895611e-07,-0.006457378622144461,-0.011166545562446117,-0.013063297607004642,-0.015887463465332985,-0.026623327285051346,-0.032259952276945114,-0.03489904850721359,-0.03741326183080673,-0.025411123409867287,-0.03175225108861923,-0.029388204216957092,-0.02711946703493595,-0.022672239691019058,-0.024208931252360344,-0.017481520771980286,-0.013173931278288364,-0.020207982510328293,-0.021853962913155556,-0.015999402850866318,-0.01157190278172493,descend
0.746844470500946,0.707103431224823,0.6888245940208435,0.6865256428718567,0.691127598285675,0.7021445631980896,0.693552553653717,0.6858530640602112,0.6817334890365601,0.727504551410675,0.7232409715652466,0.7171054482460022,0.7134112119674683,0.750755250453949,0.74368816614151,0.7370325326919556,0.7321915626525879,0.7705234885215759,0.7653658390045166,0.7620219588279724,0.7597300410270691,0.7354766726493835,0.7459273934364319,0.7740062475204468,0.8040876388549805,0.826149582862854,0.8086006045341492,0.8632566332817078,0.8998832702636719,0.9277135133743286,0.8182845711708069,0.8673262596130371,0.879357099533081,0.8778932690620422,0.820162832736969,0.8645883202552795,0.8749380111694336,0.8742254972457886,0.815988302230835,0.8522480726242065,0.8645321130752563,0.8682681918144226,1.9692558339556854e-07,-0.00553646357730031,-0.0090946601703763,-0.01112673431634903,-0.01337852980941534,-0.015344412997364998,-0.022293632850050926,-0.02753436379134655,-0.031306635588407516,-0.014409947209060192,-0.018285982310771942,-0.01777028664946556,-0.017443977296352386,-0.013225342147052288,-0.015319873578846455,-0.010929826647043228,-0.007799123879522085,-0.012534527108073235,-0.014595984481275082,-0.01079047191888094,-0.007077242247760296,descend
0.2504798471927643,0.28779691457748413,0.304546058177948,0.3058931529521942,0.3055237829685211,0.2942782938480377,0.3009774386882782,0.30473828315734863,0.30704593658447266,0.2688570022583008,0.27596816420555115,0.2796975374221802,0.2819555401802063,0.24766936898231506,0.25457754731178284,0.25952208042144775,0.26290684938430786,0.23010766506195068,0.23315005004405975,0.2368374615907669,0.23995813727378845,0.7295598387718201,0.7454482913017273,0.7765189409255981,0.8064683675765991,0.8275524973869324,0.810626745223999,0.85059654712677,0.8716347217559814,0.8867232799530029,0.8185517191886902,0.8588046431541443,0.8756489753723145,0.8844221234321594,0.8194918632507324,0.8560326099395752,0.8715631365776062,0.8805661201477051,0.8173357844352722,0.8472115993499756,0.8607403039932251,0.8686259984970093,-3.3636460727848316e-08,-0.001746287103742361,-0.00013230250624474138,0.0021476438269019127,0.005211744923144579,-0.0009443173184990883,-0.002076564123854041,-0.0005747821996919811,0.0014842586824670434,-0.00015475356485694647,-0.00026028204592876136,0.003954101353883743,0.00895956251770258,0.00010887007374549285,-0.0011540254345163703,0.003662226954475045,0.009476480074226856,0.00026103449636138976,0.0011385175166651607,0.006284383591264486,0.01232584472745657,descend
0.18845808506011963,0.22534282505512238,0.23347607254981995,0.22524568438529968,0.2182786762714386,0.2352021038532257,0.2451094686985016,0.25394606590270996,0.25992149114608765,0.20530715584754944,0.21659693121910095,0.21912065148353577,0.21422316133975983,0.18115802109241486,0.19199341535568237,0.19497862458229065,0.1892472505569458,0.1591559797525406,0.16819660365581512,0.17345905303955078,0.1723678559064865,0.7123458981513977,0.7428725957870483,0.7804235219955444,0.8135890364646912,0.838032066822052,0.8132805824279785,0.8768703937530518,0.9147263765335083,0.9414156675338745,0.8172139525413513,0.8711685538291931,0.8529515266418457,0.8330488801002502,0.8162932395935059,0.8675528168678284,0.8512606620788574,0.8357146382331848,0.8140901327133179,0.8580130338668823,0.8473593592643738,0.8335157036781311,-2.5853722718238714e-07,0.007958820089697838,0.012183785438537598,0.01686893217265606,0.021574262529611588,-0.010540883056819439,-0.021877538412809372,-0.027471531182527542,-0.029356515035033226,-0.012572885490953922,-0.015466209501028061,-0.006616759579628706,0.0008554587257094681,-0.013897811993956566,-0.01769883744418621,-0.008580382913351059,-0.0008104360895231366,-0.013594182208180428,-0.013994982466101646,-0.004326528403908014,0.0040326532907783985,descend
0.8024665117263794,0.7680050730705261,0.7565135955810547,0.7647787928581238,0.7801311016082764,0.7624236941337585,0.7534449696540833,0.7458693981170654,0.7418664693832397,0.78831547498703,0.7841370701789856,0.7833467125892639,0.7841640710830688,0.8144159317016602,0.808441698551178,0.8059994578361511,0.8066441416740417,0.8378866314888,0.8309277892112732,0.8280166387557983,0.8279392123222351,0.7205910682678223,0.7418921589851379,0.7804609537124634,0.8114511966705322,0.8326273560523987,0.811553418636322,0.8631938695907593,0.8948519229888916,0.9212847352027893,0.8189326524734497,0.8676468133926392,0.8539149761199951,0.8341960906982422,0.8180942535400391,0.867123544216156,0.8537141680717468,0.8360339403152466,0.8114154934883118,0.8552014827728271,0.8464528918266296,0.8317415118217468,1.8438264248743508e-07,0.00212261569686234,0.0025202648248523474,0.002769073937088251,0.0013949305284768343,-0.0066197775304317474,-0.008940883912146091,-0.012654737569391727,-0.01652536541223526,-0.009186324663460255,-0.010514489375054836,-0.008548776619136333,-0.006894165184348822,-0.010542226023972034,-0.011826736852526665,-0.005597775802016258,-0.000958455610089004,-0.011370852589607239,-0.013550546951591969,-0.006882978603243828,-0.0009445033501833677,descend
0.8319402933120728,0.8051024675369263,0.7911440134048462,0.7859662771224976,0.7989901304244995,0.835814356803894,0.8417457342147827,0.840479850769043,0.8452262282371521,0.862758457660675,0.8428407311439514,0.8115383982658386,0.8125180006027222,0.8830373287200928,0.8534245491027832,0.8240575790405273,0.829397439956665,0.8950335383415222,0.8728375434875488,0.8464177846908569,0.8464903235435486,0.8682924509048462,0.8251920938491821,0.7821575999259949,0.7474044561386108,0.7365776896476746,0.7259128093719482,0.6575308442115784,0.6194710731506348,0.5882952213287354,0.7434912919998169,0.7060118913650513,0.7464219927787781,0.7711102366447449,0.7708037495613098,0.7469632625579834,0.7800124883651733,0.7992292046546936,0.8031236529350281,0.7853413224220276,0.800097644329071,0.8124039769172668,-2.7838623850584554e-07,-0.021048137918114662,-0.039699800312519073,-0.0595942884683609,-0.07769206911325455,-0.026460759341716766,-0.06017177551984787,-0.07909725606441498,-0.09141011536121368,-0.030535882338881493,-0.07002054899930954,-0.07300383597612381,-0.06657550483942032,-0.03886961191892624,-0.07213059067726135,-0.056409627199172974,-0.0377027802169323,-0.05020253732800484,-0.06862028688192368,-0.057273197919130325,-0.043843675404787064,ascend
0.15974773466587067,0.19245463609695435,0.2090691328048706,0.21408209204673767,0.2019626647233963,0.1673155277967453,0.16334347426891327,0.16467948257923126,0.15962843596935272,0.13963836431503296,0.15695977210998535,0.18283411860466003,0.18797841668128967,0.11989514529705048,0.1474303901195526,0.17458853125572205,0.17666444182395935,0.10610906034708023,0.1321781873703003,0.15352243185043335,0.15341347455978394,0.8618770241737366,0.8266940116882324,0.784039318561554,0.7527389526367188,0.7369852662086487,0.7264575362205505,0.6633293032646179,0.6237292289733887,0.5887376070022583,0.7405058145523071,0.7106971740722656,0.750704824924469,0.7744773030281067,0.7666724324226379,0.7490309476852417,0.7845777273178101,0.8027955889701843,0.7990365028381348,0.7864491939544678,0.8006419539451599,0.808603823184967,1.5375957218566327e-07,-0.018297038972377777,-0.03633798658847809,-0.05487130582332611,-0.07214247435331345,-0.0385807603597641,-0.06487982720136642,-0.0814877450466156,-0.0940902978181839,-0.0467316173017025,-0.08131784200668335,-0.08706803619861603,-0.08567823469638824,-0.0562467947602272,-0.08619637787342072,-0.07551892101764679,-0.06264512240886688,-0.0681850016117096,-0.08731678873300552,-0.07960347086191177,-0.07053109258413315,ascend
0.22097165882587433,0.2622148096561432,0.2744237780570984,0.2666383385658264,0.25380009412765503,0.2753392457962036,0.28274214267730713,0.28667351603507996,0.2914883494377136,0.2433020919561386,0.246501624584198,0.24388165771961212,0.24252089858055115,0.2149222195148468,0.2192535549402237,0.22005581855773926,0.22040259838104248,0.1918507218360901,0.1924957036972046,0.1972975879907608,0.20104508101940155,0.5686162114143372,0.6000831723213196,0.6450076699256897,0.683158814907074,0.7060346007347107,0.6691834926605225,0.738777220249176,0.7799299955368042,0.8116163611412048,0.6729998588562012,0.7335448265075684,0.7146738171577454,0.6947028636932373,0.6697133183479309,0.7315140962600708,0.7175689935684204,0.6977657675743103,0.6645357012748718,0.7147643566131592,0.710480272769928,0.6981647610664368,-1.841783188183399e-07,0.010189331136643887,0.011443455703556538,0.012381483800709248,0.012683599255979061,-0.02072836458683014,-0.034674935042858124,-0.043600913137197495,-0.049335822463035583,-0.024363208562135696,-0.027694880962371826,-0.018823374062776566,-0.013306696899235249,-0.025982661172747612,-0.025301417335867882,-0.01075728889554739,-0.0020923421252518892,-0.026400862261652946,-0.025450414046645164,-0.015218625776469707,-0.007853654213249683,descend
0.7775830626487732,0.7383436560630798,0.7266939878463745,0.7358510494232178,0.7522904872894287,0.7241726517677307,0.7167789936065674,0.7110407948493958,0.7068962454795837,0.7520498633384705,0.7549817562103271,0.758673906326294,0.7561395764350891,0.7806157469749451,0.778755784034729,0.7803858518600464,0.7788113951683044,0.808586061000824,0.8037123084068298,0.8035234808921814,0.8016777634620667,0.5611472129821777,0.5918567180633545,0.6381922364234924,0.6767092347145081,0.700729250907898,0.6645419001579285,0.732869029045105,0.7737861275672913,0.8067826628684998,0.6704071760177612,0.7315097451210022,0.7148228287696838,0.6939842104911804,0.6675958633422852,0.7258097529411316,0.7141826152801514,0.6970646977424622,0.6588386297225952,0.7056368589401245,0.7043588161468506,0.6971840858459473,2.6566699062868793e-08,0.00819577556103468,0.007293746341019869,0.0054213558323681355,0.0016991505399346352,-0.014818827621638775,-0.025606289505958557,-0.03456168249249458,-0.04210352152585983,-0.021472305059432983,-0.02782815881073475,-0.02427944727241993,-0.022421883419156075,-0.02627812884747982,-0.026963403448462486,-0.015334587544202805,-0.00872277282178402,-0.030646301805973053,-0.03273767605423927,-0.025164203718304634,-0.01932578906416893,descend
0.5504359602928162,0.544948399066925,0.5810774564743042,0.6310328841209412,0.6620257496833801,0.6375259160995483,0.7039026618003845,0.7402957081794739,0.7670779228210449,0.6695072650909424,0.6914492845535278,0.670988917350769,0.6482704281806946,0.6830682754516602,0.6785778999328613,0.6596873998641968,0.6379256248474121,0.6873018145561218,0.6758489608764648,0.6582011580467224,0.6391175389289856,0.7500232458114624,0.6661399006843567,0.6131500601768494,0.6010563373565674,0.6195011138916016,0.5912627577781677,0.563913106918335,0.5578204393386841,0.5567905306816101,0.6330952644348145,0.6334521770477295,0.6453660130500793,0.6536797285079956,0.6830029487609863,0.6827495098114014,0.6940982937812805,0.7037913799285889,0.7287282347679138,0.7289531826972961,0.7375696897506714,0.7449522018432617,-2.2162362256494816e-07,0.0036306767724454403,0.000909028691239655,-0.003112643025815487,-0.007456451188772917,-0.018435606732964516,-0.021540042012929916,-0.020226500928401947,-0.020575981587171555,-0.022772913798689842,-0.021437129005789757,-0.014959965832531452,-0.012081971392035484,-0.02496606856584549,-0.02312977984547615,-0.016171293333172798,-0.01361063588410616,-0.026966383680701256,-0.021554337814450264,-0.013821826316416264,-0.008184868842363358,strafe_right
0.44740960001945496,0.45386484265327454,0.4145128130912781,0.35475966334342957,0.31106048822402954,0.38106393814086914,0.31684502959251404,0.27295348048210144,0.23822768032550812,0.35299867391586304,0.31319698691368103,0.3341383934020996,0.3574426472187042,0.3342507779598236,0.31568610668182373,0.341948926448822,0.3626931309700012,0.32143113017082214,0.31876546144485474,0.34304478764533997,0.359722763299942,0.7663009166717529,0.6798004508018494,0.6167733669281006,0.605064868927002,0.6198298335075378,0.5854997038841248,0.5619723200798035,0.5577445030212402,0.5570193529129028,0.6274473667144775,0.6421689391136169,0.6628713011741638,0.6676450967788696,0.6791181564331055,0.6919922828674316,0.7030288577079773,0.6995716691017151,0.7294129729270935,0.73300701379776,0.7413596510887146,0.7435629367828369,-1.0831470831362822e-07,-0.002505684271454811,-0.01114614587277174,-0.020444413647055626,-0.030802667140960693,-0.025568939745426178,-0.043399062007665634,-0.0585954375565052,-0.06896595656871796,-0.0345575250685215,-0.039158452302217484,-0.038911085575819016,-0.04225083813071251,-0.04263785481452942,-0.045375071465969086,-0.037877410650253296,-0.03573230281472206,-0.051781993359327316,-0.0507596954703331,-0.03774251416325569,-0.02892286516726017,strafe_right
0.6647018194198608,0.6817092895507812,0.7080828547477722,0.7333430051803589,0.7464284896850586,0.7394394278526306,0.7737842798233032,0.7914687395095825,0.8076875805854797,0.739130973815918,0.7575387954711914,0.7329559326171875,0.7165855169296265,0.7360897064208984,0.756629467010498,0.7324151396751404,0.7145693898200989,0.7299299836158752,0.7530599236488342,0.7405791878700256,0.7267032861709595,0.7677086591720581,0.7379171848297119,0.7144560217857361,0.7180169820785522,0.7381422519683838,0.7320454120635986,0.7255836725234985,0.7225359678268433,0.722800612449646,0.7546011209487915,0.7478466033935547,0.7451497316360474,0.748306930065155,0.7766775488853455,0.7704598307609558,0.7646859884262085,0.7674299478530884,0.799476146697998,0.7971943616867065,0.7872322797775269,0.7841556668281555,-1.8476380603260623e-07,-0.00786546804010868,-0.01336685474961996,-0.020759791135787964,-0.02760225161910057,-0.0040356977842748165,-0.01537102647125721,-0.022442061454057693,-0.027634242549538612,-0.007503593806177378,-0.025214731693267822,-0.02898366004228592,-0.027669783681631088,-0.012809282168745995,-0.029477249830961227,-0.024195732548832893,-0.01609233394265175,-0.01921001821756363,-0.028177468106150627,-0.022694503888487816,-0.0162705946713686,strafe_left
0.33491629362106323,0.32061395049095154,0.2913592755794525,0.25776344537734985,0.2476922571659088,0.26164624094963074,0.2269323170185089,0.20818912982940674,0.189759761095047,0.25948458909988403,0.2430679053068161,0.2667943835258484,0.28009772300720215,0.2613477110862732,0.2444930076599121,0.26846516132354736,0.2810080349445343,0.2663460373878479,0.24817734956741333,0.26257431507110596,0.2734353244304657,0.7846867442131042,0.7401959300041199,0.7163681387901306,0.7229668498039246,0.7489206790924072,0.7266099452972412,0.7203030586242676,0.7213946580886841,0.7227804064750671,0.7499816417694092,0.7477418184280396,0.7495521306991577,0.7484403252601624,0.7727480530738831,0.7711483240127563,0.7698942422866821,0.7665665149688721,0.796390175819397,0.7949548363685608,0.7903499603271484,0.787286639213562,5.156985949383852e-08,-0.005523300729691982,-0.006595779210329056,-0.008881163783371449,-0.011260091327130795,0.002621876075863838,-0.004228085279464722,-0.011362816207110882,-0.01730378344655037,-0.0014047357253730297,-0.00983678363263607,-0.015524614602327347,-0.018777241930365562,-0.006862127687782049,-0.017198141664266586,-0.0187382809817791,-0.01776227355003357,-0.01306623313575983,-0.01784367300570011,-0.015132784843444824,-0.012767093256115913,strafe_left
0.2686888575553894,0.2562262713909149,0.21845616400241852,0.17601270973682404,0.14257778227329254,0.15707729756832123,0.11309021711349487,0.07794307172298431,0.05104246735572815,0.14797469973564148,0.10855425894260406,0.1280338615179062,0.14907380938529968,0.15150019526481628,0.12258866429328918,0.15895777940750122,0.19204850494861603,0.16216014325618744,0.13030824065208435,0.141354039311409,0.156116783618927,0.9475285410881042,0.902267336845398,0.8619333505630493,0.8598523139953613,0.8741398453712463,0.8601113557815552,0.8514187335968018,0.853299081325531,0.8549619913101196,0.8984135389328003,0.8871905207633972,0.8929930925369263,0.8970448970794678,0.9387591481208801,0.937073290348053,0.9342501163482666,0.9301703572273254,0.979691743850708,0.9857988357543945,0.983313262462616,0.977423906326294,1.0879451650680494e-07,-0.01755381189286709,-0.02431127429008484,-0.030993517488241196,-0.03815935179591179,-0.009116684086620808,-0.024659059941768646,-0.0369611494243145,-0.0464923158288002,-0.01459858100861311,-0.04163132980465889,-0.05750531330704689,-0.06288909912109375,-0.02224763110280037,-0.05441846698522568,-0.06164926290512085,-0.058723267167806625,-0.030778877437114716,-0.05510472133755684,-0.058481838554143906,-0.05655955895781517,strafe_left
0.22404694557189941,0.20471668243408203,0.16571034491062164,0.1281258761882782,0.10494682192802429,0.11431749165058136,0.0672360509634018,0.038771554827690125,0.015463538467884064,0.11026667058467865,0.08379852771759033,0.11979292333126068,0.14048925042152405,0.11374746263027191,0.08344433456659317,0.11926360428333282,0.14173583686351776,0.12219484895467758,0.09340953081846237,0.11567143350839615,0.13270612061023712,0.9389065504074097,0.9016491174697876,0.8683785796165466,0.8827773928642273,0.9113508462905884,0.8819635510444641,0.8812021613121033,0.8903769850730896,0.900127649307251,0.9189020395278931,0.915946364402771,0.9176936745643616,0.9172117114067078,0.9526575207710266,0.9565407037734985,0.9521146416664124,0.9485573172569275,0.9866546988487244,0.992063045501709,0.9845138788223267,0.9786210060119629,1.0595029742432871e-08,-0.01710580661892891,-0.025260519236326218,-0.03266467899084091,-0.03954876959323883,-0.013146779499948025,-0.02973100356757641,-0.0416661836206913,-0.05021099001169205,-0.014582467265427113,-0.03872816264629364,-0.047704946249723434,-0.04931878298521042,-0.017864789813756943,-0.04240110516548157,-0.03946412727236748,-0.03213512897491455,-0.022462373599410057,-0.039320576936006546,-0.034493014216423035,-0.02734357863664627,strafe_left
0.32244089245796204,0.2782991826534271,0.20534206926822662,0.18127478659152985,0.21243879199028015,0.17962154746055603,0.141363725066185,0.13210707902908325,0.12241680920124054,0.19948022067546844,0.16460058093070984,0.19449959695339203,0.21914023160934448,0.2253514975309372,0.18973740935325623,0.21320052444934845,0.23282617330551147,0.2573528587818146,0.21975606679916382,0.21793639659881592,0.21855273842811584,0.8716832399368286,0.8941158652305603,0.8850823044776917,0.8537675142288208,0.8300440311431885,0.790618896484375,0.7570522427558899,0.7547640204429626,0.7454016804695129,0.7616174221038818,0.7518059015274048,0.7850354313850403,0.8061366677284241,0.7420374155044556,0.7545441389083862,0.7888857126235962,0.8076274394989014,0.7269386053085327,0.7464395761489868,0.7782520055770874,0.7958986163139343,-3.939348687254096e-07,-0.027714256197214127,-0.042600635439157486,-0.05724670737981796,-0.06996168941259384,-0.017209356650710106,-0.035015106201171875,-0.046575140208005905,-0.057401832193136215,-0.018164733424782753,-0.051888272166252136,-0.06380768865346909,-0.06389816105365753,-0.023075047880411148,-0.059633370488882065,-0.06503089517354965,-0.05999771133065224,-0.030231669545173645,-0.05600318685173988,-0.05993278697133064,-0.057905688881874084,strafe_right
0.6692074537277222,0.6814534068107605,0.7341899871826172,0.7803539633750916,0.7964744567871094,0.8135989904403687,0.8757359385490417,0.9098796844482422,0.9455322027206421,0.8213628530502319,0.8371440768241882,0.7776234149932861,0.7610154747962952,0.8136435747146606,0.8219294548034668,0.7666980624198914,0.7544878125190735,0.7964872121810913,0.8106666207313538,0.7696847915649414,0.7537800669670105,0.8267121315002441,0.7720126509666443,0.7155001759529114,0.7325003147125244,0.7840757966041565,0.7473194599151611,0.7222941517829895,0.7074013948440552,0.6965029835700989,0.79668790102005,0.7473951578140259,0.7542826533317566,0.7805516123771667,0.8431271314620972,0.8022443056106567,0.7973134517669678,0.8162733912467957,0.8904950022697449,0.8527150750160217,0.8346832394599915,0.8415111899375916,-4.0037193116404524e-07,-0.019287925213575363,-0.031645599752664566,-0.045272424817085266,-0.05837806314229965,-0.02263006754219532,-0.051166269928216934,-0.0682569071650505,-0.08330024033784866,-0.03001311793923378,-0.06798362731933594,-0.06977761536836624,-0.0648178830742836,-0.041817788034677505,-0.07798679918050766,-0.05989252030849457,-0.04101356863975525,-0.05657152831554413,-0.08049899339675903,-0.06858178228139877,-0.055800020694732666,strafe_right
0.5301064252853394,0.551969587802887,0.5999880433082581,0.6506866812705994,0.6788129806518555,0.6381995677947998,0.7030399441719055,0.738605797290802,0.7644153833389282,0.6587436199188232,0.7139173150062561,0.6873795390129089,0.6572350263595581,0.666209876537323,0.6970056891441345,0.6725664138793945,0.6496416330337524,0.6674640774726868,0.6885579228401184,0.6673740148544312,0.6471703052520752,0.8076803684234619,0.7284142971038818,0.6858851909637451,0.6845049858093262,0.7059711813926697,0.6789327263832092,0.632936954498291,0.6074142456054688,0.5917316675186157,0.7261374592781067,0.7113955616950989,0.7156397104263306,0.7233092784881592,0.7745470404624939,0.7563551664352417,0.7594126462936401,0.7668201327323914,0.8170793652534485,0.7965033054351807,0.7992346286773682,0.8064574003219604,-4.043891124183574e-07,0.0030441300477832556,-0.0031446891371160746,-0.010464564897119999,-0.018546046689152718,-0.025265343487262726,-0.03622520714998245,-0.037639547139406204,-0.038408637046813965,-0.03156675025820732,-0.04145245626568794,-0.035952359437942505,-0.03002275340259075,-0.03547099232673645,-0.040324002504348755,-0.03009045124053955,-0.023087631911039352,-0.038878925144672394,-0.03755483403801918,-0.026418600231409073,-0.017678966745734215,strafe_right
0.45887982845306396,0.44503676891326904,0.3972889184951782,0.3518187403678894,0.3185095489025116,0.36312320828437805,0.2995346486568451,0.2616748511791229,0.23333626985549927,0.33678561449050903,0.28845107555389404,0.31255805492401123,0.34138259291648865,0.3286287784576416,0.3000704050064087,0.32479625940322876,0.3444972336292267,0.3256723880767822,0.30929070711135864,0.32984527945518494,0.34693530201911926,0.8027223348617554,0.7287470102310181,0.686715304851532,0.6872377395629883,0.7017982006072998,0.6770400404930115,0.6317164897918701,0.6088598370552063,0.5911417007446289,0.7219976186752319,0.7075986266136169,0.7179190516471863,0.7249122262001038,0.7672867178916931,0.7555294632911682,0.7610097527503967,0.7654074430465698,0.8104955554008484,0.7973257899284363,0.8014562129974365,0.8032798171043396,8.983769816950371e-08,0.0061348979361355305,0.002818053588271141,-0.0017561184940859675,-0.008353183045983315,-0.026345137506723404,-0.03295287862420082,-0.032797910273075104,-0.03371124714612961,-0.03337647020816803,-0.03422475978732109,-0.023041484877467155,-0.01775175705552101,-0.03770982846617699,-0.03421071544289589,-0.020228836685419083,-0.014699925668537617,-0.041755352169275284,-0.03530465066432953,-0.02218756452202797,-0.014600635506212711,strafe_right
0.20446351170539856,0.22133931517601013,0.21052521467208862,0.17989766597747803,0.15114231407642365,0.15686668455600739,0.11060487478971481,0.0767224133014679,0.04334220290184021,0.13617900013923645,0.11619541049003601,0.1442745327949524,0.16064907610416412,0.12352962791919708,0.11156543344259262,0.1446916162967682,0.16327637434005737,0.11735542118549347,0.10748698562383652,0.13458138704299927,0.15249451994895935,0.8327100276947021,0.7796096205711365,0.7263756990432739,0.7044668197631836,0.7184606790542603,0.698663055896759,0.6658958792686462,0.6517882943153381,0.6432307362556458,0.7228984236717224,0.6929457187652588,0.720110297203064,0.7435087561607361,0.7530167698860168,0.7342066764831543,0.7569847702980042,0.7734885215759277,0.7867486476898193,0.7688896059989929,0.7803472280502319,0.7907924056053162,1.7349529812804576e-08,-0.005902247037738562,-0.010641738772392273,-0.01828460767865181,-0.026480546221137047,-0.0018589455867186189,-0.02134564332664013,-0.03911510482430458,-0.05151953175663948,-0.010537262074649334,-0.03380896523594856,-0.045779116451740265,-0.04945572093129158,-0.0207196231931448,-0.04389094188809395,-0.04302198439836502,-0.036469146609306335,-0.03171764686703682,-0.04561026766896248,-0.03982717916369438,-0.03249228373169899,strafe_left
0.7853620648384094,0.7755106091499329,0.7869740724563599,0.8184231519699097,0.8478637933731079,0.8535755276679993,0.9027114510536194,0.9345998167991638,0.9656827449798584,0.86705082654953,0.8802727460861206,0.8388087153434753,0.8267732262611389,0.875394880771637,0.8836535215377808,0.8441683053970337,0.8348212838172913,0.8782997131347656,0.8876463770866394,0.8570691347122192,0.8480281829833984,0.8105525970458984,0.7678388357162476,0.7166302800178528,0.7011897563934326,0.722053050994873,0.6928635835647583,0.6666384339332581,0.6579452157020569,0.6503973007202148,0.7235180735588074,0.6990197896957397,0.725136935710907,0.7426422834396362,0.757146954536438,0.7375184297561646,0.7582342624664307,0.7726203799247742,0.7938917279243469,0.7717735171318054,0.7813444137573242,0.7915234565734863,-9.642573672863364e-08,-0.018746864050626755,-0.033337268978357315,-0.04849252849817276,-0.06253950297832489,-0.019790267571806908,-0.04764651879668236,-0.06535901874303818,-0.07792120426893234,-0.02379552461206913,-0.058642368763685226,-0.06201056391000748,-0.0566171258687973,-0.03160999342799187,-0.0626675933599472,-0.0480780266225338,-0.030279671773314476,-0.04184030368924141,-0.06075388193130493,-0.04929020628333092,-0.03575490042567253,strafe_left
0.5920414924621582,0.608320415019989,0.6500556468963623,0.6849778890609741,0.7002718448638916,0.6995521783828735,0.741248607635498,0.7673284411430359,0.7878478765487671,0.7217534780502319,0.7283523678779602,0.70713871717453,0.689890444278717,0.7260278463363647,0.721600353717804,0.7008873820304871,0.684334933757782,0.7251308560371399,0.7208543419837952,0.7022995352745056,0.6854772567749023,0.7768675088882446,0.7095562219619751,0.6697826981544495,0.6723247766494751,0.6944773197174072,0.667456865310669,0.6423965096473694,0.6323883533477783,0.6300827860832214,0.7082875370979309,0.6967509984970093,0.7014629244804382,0.7100138068199158,0.7495157718658447,0.7370022535324097,0.7392706274986267,0.7469342947006226,0.786445140838623,0.7742341756820679,0.7734480500221252,0.7774198055267334,-3.372560684056225e-07,0.0017304482171311975,0.0018565877107903361,-0.0001081637165043503,-0.0029595689848065376,-0.004920064006000757,-0.007169428281486034,-0.007737728767096996,-0.009477046318352222,-0.008366732858121395,-0.007739763706922531,-0.006601462606340647,-0.006918559782207012,-0.010884104296565056,-0.013696728274226189,-0.012995745986700058,-0.012892264872789383,-0.01302413921803236,-0.01297205500304699,-0.008844858966767788,-0.005239249672740698,strafe_right
0.3706377148628235,0.3725680112838745,0.34432992339134216,0.3054187297821045,0.28414830565452576,0.30345234274864197,0.26164036989212036,0.233879953622818,0.21140511333942413,0.2788071632385254,0.2786852717399597,0.29809802770614624,0.31030383706092834,0.27150604128837585,0.28122833371162415,0.29894518852233887,0.30658915638923645,0.2705802917480469,0.2852242887020111,0.29973673820495605,0.30317607522010803,0.7664664387702942,0.701720654964447,0.6560419201850891,0.6548357605934143,0.668163001537323,0.6651953458786011,0.6421350836753845,0.6337674856185913,0.6269113421440125,0.7012974619865417,0.6941553354263306,0.6988149285316467,0.7031192183494568,0.7385398149490356,0.7308264970779419,0.7344172596931458,0.7383782863616943,0.7749918699264526,0.7673115134239197,0.7708017230033875,0.7747079133987427,9.470598172356404e-08,-0.0024286408443003893,-0.003999428357928991,-0.004896941129118204,-0.006375509779900312,-0.019293608143925667,-0.02381802722811699,-0.026173409074544907,-0.03028658591210842,-0.0234700758010149,-0.025626372545957565,-0.0237185787409544,-0.024950815364718437,-0.026386454701423645,-0.027518777176737785,-0.022487042471766472,-0.022259965538978577,-0.02981218509376049,-0.030355092138051987,-0.02517716959118843,-0.022574735805392265,strafe_right
0.6884389519691467,0.7190571427345276,0.7338849306106567,0.7433647513389587,0.7587183117866516,0.7083302736282349,0.71360182762146,0.7164720296859741,0.7176924347877502,0.6866549253463745,0.6858813166618347,0.6851081252098083,0.6836364269256592,0.6670326590538025,0.6588854789733887,0.6516451835632324,0.645520806312561,0.6495143175125122,0.6381101608276367,0.6322005987167358,0.62811678647995,0.7600785493850708,0.739967942237854,0.710545539855957,0.6806778907775879,0.6658326983451843,0.6587576270103455,0.6055203080177307,0.5726383328437805,0.5463486909866333,0.6583677530288696,0.6000813841819763,0.5620790719985962,0.5332375764846802,0.6674681901931763,0.6179256439208984,0.584668755531311,0.5597994327545166,0.6839428544044495,0.6497381329536438,0.6281552910804749,0.608686625957489,2.4335241732842405e-07,-0.002939595840871334,-0.006537712179124355,-0.009929899126291275,-0.013847577385604382,-0.015758845955133438,-0.025118226185441017,-0.030003203079104424,-0.03337094932794571,-0.019659044221043587,-0.03304583579301834,-0.04155191406607628,-0.046511147171258926,-0.02237074263393879,-0.035108692944049835,-0.0425204336643219,-0.04591263830661774,-0.02435058355331421,-0.035078756511211395,-0.039424795657396317,-0.04067527875304222,hover
0.31116241216659546,0.2771674394607544,0.26363494992256165,0.25738129019737244,0.2417943924665451,0.2909126281738281,0.28618618845939636,0.28361836075782776,0.2826797366142273,0.3138611614704132,0.31248652935028076,0.31416675448417664,0.3166603446006775,0.3327414095401764,0.34163469076156616,0.3487885892391205,0.35380783677101135,0.3494117259979248,0.3613848388195038,0.3682461977005005,0.37301912903785706,0.7614250779151917,0.7372056245803833,0.7073430418968201,0.6802256107330322,0.6652273535728455,0.6559405326843262,0.603358268737793,0.5712027549743652,0.5480016469955444,0.6588877439498901,0.5994571447372437,0.5629390478134155,0.5349708795547485,0.6695579290390015,0.6173929572105408,0.5851646065711975,0.5603482127189636,0.6856487393379211,0.651886522769928,0.6315833926200867,0.6136760711669922,6.767718474520734e-08,-0.0007479332271032035,-0.004348129965364933,-0.008122909814119339,-0.012841853313148022,-0.012248759157955647,-0.020845551043748856,-0.025232486426830292,-0.027872322127223015,-0.016547100618481636,-0.027331797406077385,-0.032988082617521286,-0.035951584577560425,-0.02049296721816063,-0.03205321729183197,-0.04024449735879898,-0.04420958831906319,-0.023485079407691956,-0.03126540780067444,-0.03509620577096939,-0.036935195326805115,hover
0.2502221465110779,0.2871399521827698,0.31210166215896606,0.32640960812568665,0.3405833840370178,0.2779940664768219,0.2828233242034912,0.28554973006248474,0.2872786819934845,0.2559836506843567,0.24971604347229004,0.24544142186641693,0.24057696759700775,0.23646360635757446,0.22218787670135498,0.213880717754364,0.20666737854480743,0.219704732298851,0.2011343240737915,0.18958550691604614,0.18041419982910156,0.7931262254714966,0.7703871130943298,0.7355573773384094,0.7049778699874878,0.6809338927268982,0.6690559387207031,0.6193915009498596,0.5886704921722412,0.5610576868057251,0.6680988073348999,0.6157816052436829,0.584587037563324,0.5581280589103699,0.6784366965293884,0.6291283965110779,0.5971816778182983,0.5698693990707397,0.6977712512016296,0.6639336347579956,0.6407469511032104,0.6189294457435608,1.3052151359715936e-07,-0.019013788551092148,-0.026589451357722282,-0.03358538821339607,-0.04077897220849991,-0.014389274641871452,-0.026951994746923447,-0.03847522661089897,-0.04811009019613266,-0.016461288556456566,-0.029199572280049324,-0.041844867169857025,-0.05193506181240082,-0.021126391366124153,-0.03496477007865906,-0.04665505886077881,-0.05538994446396828,-0.02785872109234333,-0.042430583387613297,-0.0513283908367157,-0.05753537267446518,hover
0.2739545702934265,0.31954720616340637,0.351976215839386,0.37090444564819336,0.3931429386138916,0.3282618820667267,0.3457642197608948,0.35447779297828674,0.3604810833930969,0.3015609383583069,0.31339526176452637,0.32014620304107666,0.3231797516345978,0.2773268520832062,0.276698499917984,0.27716776728630066,0.27644285559654236,0.2534908056259155,0.25023603439331055,0.24992311000823975,0.2499925196170807,0.516221284866333,0.49838554859161377,0.45766589045524597,0.41332706809043884,0.38751497864723206,0.3670954704284668,0.3065358102321625,0.2692244052886963,0.23628303408622742,0.3569348454475403,0.28761056065559387,0.2440016120672226,0.20766867697238922,0.3618620038032532,0.30385822057724,0.2680036425590515,0.23869778215885162,0.37830060720443726,0.3387093245983124,0.314720094203949,0.2948589026927948,2.243188816919428e-07,-0.023631025105714798,-0.02964775450527668,-0.034258414059877396,-0.03818124160170555,-0.011142480187118053,-0.02312273532152176,-0.03466600179672241,-0.04347077012062073,-0.009475071914494038,-0.019811319187283516,-0.03238915652036667,-0.04172661527991295,-0.010927341878414154,-0.023660529404878616,-0.035397499799728394,-0.04255831986665726,-0.014797861687839031,-0.02635631524026394,-0.032337486743927,-0.03538094460964203,hover
0.725801408290863,0.6808845400810242,0.6490429043769836,0.6297913789749146,0.6089456081390381,0.6731259226799011,0.655271589756012,0.6454629898071289,0.639268159866333,0.6993600726127625,0.6868558526039124,0.6815013289451599,0.6780515909194946,0.7243679761886597,0.72258061170578,0.7235040664672852,0.723296046257019,0.7486241459846497,0.751860499382019,0.7515550851821899,0.7507555484771729,0.5188572406768799,0.5002488493919373,0.45826756954193115,0.41761159896850586,0.3877422511577606,0.3655615448951721,0.30520689487457275,0.26863229274749756,0.23651795089244843,0.3560563623905182,0.2874360978603363,0.24285700917243958,0.20591555535793304,0.36222171783447266,0.3055883049964905,0.2696135640144348,0.23970721662044525,0.37856969237327576,0.33814722299575806,0.31401681900024414,0.2929440140724182,9.330801020723811e-08,-0.02387526072561741,-0.0352352075278759,-0.04520357400178909,-0.05389546602964401,-0.014212364330887794,-0.02884889952838421,-0.04317861795425415,-0.053937748074531555,-0.013478231616318226,-0.023815058171749115,-0.03425010293722153,-0.04247530177235603,-0.016410280019044876,-0.024908239021897316,-0.0333833172917366,-0.04027239605784416,-0.022423576563596725,-0.027852455154061317,-0.030626442283391953,-0.033255435526371,hover
0.7772091627120972,0.7442240118980408,0.7218611240386963,0.7066510915756226,0.6850537657737732,0.7405918836593628,0.7289714813232422,0.7233508229255676,0.7202476263046265,0.7630990743637085,0.761020839214325,0.7613125443458557,0.7629242539405823,0.7839750051498413,0.7923802137374878,0.7990027666091919,0.8046084642410278,0.8040224313735962,0.8193567395210266,0.8291160464286804,0.8364093899726868,0.6570009589195251,0.6438973546028137,0.6207720637321472,0.5972086787223816,0.5833060145378113,0.5449628233909607,0.49754223227500916,0.4668642580509186,0.44039440155029297,0.538607656955719,0.4868552088737488,0.4538523554801941,0.42673927545547485,0.5442484617233276,0.49249112606048584,0.459892600774765,0.4327143728733063,0.5588314533233643,0.5231661200523376,0.4991130828857422,0.4771713316440582,2.0183031779197336e-07,-0.0218188613653183,-0.03708605095744133,-0.05112072825431824,-0.06511908769607544,-0.022699367254972458,-0.038206782191991806,-0.05157243460416794,-0.06187473237514496,-0.02405223250389099,-0.03829675167798996,-0.0498468354344368,-0.058641716837882996,-0.0280419010668993,-0.04190554842352867,-0.053051747381687164,-0.06098917871713638,-0.03400015830993652,-0.045197147876024246,-0.05145225301384926,-0.056145936250686646,hover
0.22109806537628174,0.25557148456573486,0.28043144941329956,0.2970822751522064,0.3149930238723755,0.2592531144618988,0.270755797624588,0.2760450839996338,0.27965211868286133,0.2373427301645279,0.23883455991744995,0.23765289783477783,0.2354491651058197,0.2172432839870453,0.20867520570755005,0.20340809226036072,0.19782158732414246,0.1979007124900818,0.18240834772586823,0.17256811261177063,0.16502822935581207,0.6581143736839294,0.6459981799125671,0.6223039031028748,0.5974088907241821,0.5838326811790466,0.5449030995368958,0.49784207344055176,0.46752801537513733,0.4397469460964203,0.5387458205223083,0.4861474931240082,0.4537394642829895,0.42624449729919434,0.5435383319854736,0.49499449133872986,0.4609404504299164,0.43302685022354126,0.556844174861908,0.5202866792678833,0.4952402114868164,0.47253572940826416,2.1042693276740465e-07,-0.02400759421288967,-0.03457733988761902,-0.04332881048321724,-0.052065249532461166,-0.019747624173760414,-0.03172946721315384,-0.04330631345510483,-0.053132619708776474,-0.018748784437775612,-0.03124322183430195,-0.04456347972154617,-0.05490206554532051,-0.020186902955174446,-0.03391053155064583,-0.04648568108677864,-0.05545540153980255,-0.02390979789197445,-0.03846642002463341,-0.04749942198395729,-0.05331127345561981,hover
0.7549838423728943,0.8057209849357605,0.8277300596237183,0.8347381353378296,0.8595993518829346,0.7742425203323364,0.7663286328315735,0.7587932348251343,0.751796305179596,0.7354963421821594,0.7144511342048645,0.6951861381530762,0.6811617612838745,0.6990693807601929,0.6721910238265991,0.6525413393974304,0.6403653621673584,0.6669144630432129,0.6270666122436523,0.6032237410545349,0.586331307888031,0.5892561078071594,0.5464230179786682,0.48226630687713623,0.4230322539806366,0.3887677788734436,0.4170592427253723,0.31912338733673096,0.2577815651893616,0.2114786058664322,0.4230734407901764,0.3234062194824219,0.2634015679359436,0.22112911939620972,0.44576480984687805,0.35218799114227295,0.2940608561038971,0.24931947886943817,0.4803142547607422,0.42264190316200256,0.3857343792915344,0.3523605465888977,3.1998021654544573e-07,-0.00341389630921185,-0.009523944929242134,-0.015661178156733513,-0.02480463869869709,-0.03123111091554165,-0.04738551750779152,-0.055795181542634964,-0.06354227662086487,-0.04245709255337715,-0.0643238052725792,-0.07787460088729858,-0.08719012886285782,-0.05213254317641258,-0.07623524963855743,-0.09177297353744507,-0.10182522237300873,-0.06010788306593895,-0.0856713280081749,-0.09855993837118149,-0.10559268295764923,hover
0.24573424458503723,0.19099213182926178,0.16974526643753052,0.16558368504047394,0.14075766503810883,0.2250552773475647,0.23192602396011353,0.24160194396972656,0.25009670853614807,0.26407092809677124,0.28172650933265686,0.2986627519130707,0.3123018145561218,0.29990988969802856,0.32676780223846436,0.3458438217639923,0.36011552810668945,0.33390453457832336,0.36980992555618286,0.3919839560985565,0.4102742075920105,0.6076745986938477,0.5562326908111572,0.48707616329193115,0.4269021451473236,0.3875442445278168,0.4191656708717346,0.31354454159736633,0.2521156072616577,0.20769451558589935,0.430459588766098,0.321977823972702,0.25983530282974243,0.21569402515888214,0.45427754521369934,0.35625168681144714,0.29515498876571655,0.24966438114643097,0.4855007827281952,0.4287218749523163,0.38918864727020264,0.3542712330818176,2.271628147809679e-07,-0.006559527944773436,-0.016349511221051216,-0.02598145417869091,-0.03706056624650955,-0.0337098129093647,-0.05481657013297081,-0.06509493291378021,-0.07086420804262161,-0.041994672268629074,-0.0631621778011322,-0.0740550085902214,-0.08014154434204102,-0.05031224712729454,-0.07181396335363388,-0.08699385821819305,-0.09550563991069794,-0.057735662907361984,-0.0753072202205658,-0.08576332032680511,-0.0918225571513176,hover
0.8117811679840088,0.779036819934845,0.7547712326049805,0.7580678462982178,0.774141252040863,0.7748597860336304,0.7685422301292419,0.7716153860092163,0.7773962020874023,0.8085623979568481,0.8003707528114319,0.7971031069755554,0.8006724119186401,0.8372808694839478,0.8257499933242798,0.8179489970207214,0.8188962340354919,0.8598725199699402,0.8485996723175049,0.8360677361488342,0.8335614204406738,0.6801034212112427,0.679140031337738,0.6832975149154663,0.6989766359329224,0.7069529891014099,0.5991960167884827,0.6675912141799927,0.6828764081001282,0.6736111640930176,0.6021842956542969,0.683185338973999,0.6986818909645081,0.6874477863311768,0.6166725158691406,0.6976358890533447,0.7079445123672485,0.6914244890213013,0.6379104256629944,0.7000498175621033,0.7131040692329407,0.702915370464325,-1.5594882540881372e-07,-0.031168606132268906,-0.05793482065200806,-0.07890239357948303,-0.09630119055509567,-0.06088797003030777,-0.08468834310770035,-0.09598556160926819,-0.10509080439805984,-0.05762442946434021,-0.07581007480621338,-0.07616094499826431,-0.08010534197092056,-0.05580853298306465,-0.07315577566623688,-0.06676439940929413,-0.06470970064401627,-0.057412102818489075,-0.07107634842395782,-0.07025530934333801,-0.07011339068412781,emergency
0.15023526549339294,0.19104312360286713,0.2182893007993698,0.2278279960155487,0.21506071090698242,0.15689575672149658,0.2095598578453064,0.21239931881427765,0.19467058777809143,0.12970954179763794,0.1904311329126358,0.19084620475769043,0.1730162650346756,0.11580605804920197,0.17447733879089355,0.17534443736076355,0.15869204699993134,0.10980290919542313,0.15785656869411469,0.1614251583814621,0.1481788456439972,0.8191442489624023,0.7752269506454468,0.7416548728942871,0.7452326416969299,0.7716494798660278,0.6866691708564758,0.7323233485221863,0.7571858167648315,0.7567903399467468,0.718635082244873,0.7744123339653015,0.7886592745780945,0.7788842916488647,0.7618892788887024,0.8088315725326538,0.8159273266792297,0.8033958077430725,0.8041189908981323,0.8392370343208313,0.8425958752632141,0.8346319794654846,-7.606085716815869e-08,-0.019543249160051346,-0.035652045160532,-0.04887095093727112,-0.05975659191608429,-0.0469188429415226,-0.06594983488321304,-0.07361900806427002,-0.07946020364761353,-0.04991687089204788,-0.0651337131857872,-0.06644418090581894,-0.07051389664411545,-0.05325011536478996,-0.06699132919311523,-0.06355123966932297,-0.06244416907429695,-0.05862876772880554,-0.07002940028905869,-0.0690690353512764,-0.06817181408405304,emergency
0.15198075771331787,0.19989588856697083,0.2342205047607422,0.24924620985984802,0.2364681363105774,0.17576485872268677,0.2196235954761505,0.22278697788715363,0.21086156368255615,0.13909509778022766,0.19536715745925903,0.1962842494249344,0.18254052102565765,0.11618996411561966,0.1743531972169876,0.17843084037303925,0.1688525229692459,0.10307642072439194,0.15441547334194183,0.1629420816898346,0.1568533331155777,0.7791855931282043,0.7513671517372131,0.7250434160232544,0.716244637966156,0.7250163555145264,0.6587597727775574,0.7118958234786987,0.7398673892021179,0.7399702072143555,0.6836116909980774,0.7534209489822388,0.7673904299736023,0.7577319741249084,0.7218279838562012,0.7837806344032288,0.791182816028595,0.7786897420883179,0.7614758014678955,0.8060190081596375,0.8098064661026001,0.8014098405838013,-1.1606810090825093e-07,-0.02434847503900528,-0.04347042739391327,-0.059667278081178665,-0.07313944399356842,-0.05213700979948044,-0.07941561192274094,-0.0927642360329628,-0.10070306807756424,-0.05426327884197235,-0.07729016989469528,-0.08003554493188858,-0.083218514919281,-0.05783035606145859,-0.07837727665901184,-0.07311668246984482,-0.06882426142692566,-0.06415269523859024,-0.0784565806388855,-0.07597403973340988,-0.07276725769042969,emergency
0.40857622027397156,0.45666933059692383,0.5116454362869263,0.5496470332145691,0.5655305981636047,0.5469420552253723,0.6132936477661133,0.6526404619216919,0.6836349964141846,0.540315568447113,0.5768809914588928,0.5475358366966248,0.5312116146087646,0.5253612399101257,0.5453919172286987,0.5225536823272705,0.5134778022766113,0.5100259780883789,0.5259192585945129,0.5133591294288635,0.5093456506729126,0.8185898661613464,0.8013954758644104,0.8265461325645447,0.8767976760864258,0.9176288843154907,0.7784745097160339,0.8034040331840515,0.8218556046485901,0.8348585963249207,0.7943159341812134,0.8904924988746643,0.9077187180519104,0.9006770253181458,0.8214981555938721,0.9134047627449036,0.9236403107643127,0.9105073809623718,0.8527964353561401,0.9192115068435669,0.9306482672691345,0.923244833946228,2.0991848259654944e-07,0.003938904497772455,-0.008477642200887203,-0.021442051976919174,-0.03286120668053627,-0.03377023711800575,-0.05027049034833908,-0.056676097214221954,-0.060866646468639374,-0.044752396643161774,-0.06312701106071472,-0.058830905705690384,-0.051877014338970184,-0.053665027022361755,-0.06595350801944733,-0.0539977140724659,-0.04346136376261711,-0.06197183579206467,-0.06360889226198196,-0.05268285050988197,-0.044251952320337296,strafe_left
0.7468575239181519,0.7012860774993896,0.653513491153717,0.6233487725257874,0.6067418456077576,0.6344242095947266,0.5859299898147583,0.5580741167068481,0.5374089479446411,0.6390502452850342,0.5966596007347107,0.6122484803199768,0.6282764077186584,0.649489164352417,0.6146014332771301,0.6298829317092896,0.6420415043830872,0.6640991568565369,0.6303541660308838,0.642804741859436,0.6553589701652527,0.5539522171020508,0.524976372718811,0.5251122117042542,0.5425431132316589,0.563188910484314,0.5208609104156494,0.5362955927848816,0.5469032526016235,0.5567370057106018,0.5473538637161255,0.5890536904335022,0.5931258797645569,0.5845271348953247,0.5769519805908203,0.6127468347549438,0.6122692227363586,0.6015459895133972,0.6068064570426941,0.6330806612968445,0.6318230032920837,0.6228359937667847,-1.2841972818478098e-07,0.00941395852714777,0.006761214230209589,0.0009698540670797229,-0.007442275062203407,-0.006080113351345062,-0.015472724102437496,-0.022187290713191032,-0.027522966265678406,-0.017446311190724373,-0.025015003979206085,-0.024040011689066887,-0.024537164717912674,-0.02761106938123703,-0.03373335674405098,-0.02634746953845024,-0.02255706675350666,-0.03707466647028923,-0.040701597929000854,-0.03223969042301178,-0.026083899661898613,strafe_right
0.22649426758289337,0.22881072759628296,0.2129066288471222,0.1838720142841339,0.15743249654769897,0.1848568618297577,0.14955087006092072,0.12229399383068085,0.0983099490404129,0.17000970244407654,0.14030148088932037,0.1616065353155136,0.1819566786289215,0.16055402159690857,0.14620338380336761,0.1743423193693161,0.19353751838207245,0.15614178776741028,0.14774426817893982,0.16948260366916656,0.1859293431043625,0.5068278908729553,0.46557503938674927,0.4252649247646332,0.4080909192562103,0.4079430103302002,0.40113338828086853,0.3726741373538971,0.3605819344520569,0.3532135486602783,0.423762708902359,0.40899458527565,0.42386025190353394,0.4348328709602356,0.4489041268825531,0.4452226161956787,0.4578382670879364,0.4639994502067566,0.47516709566116333,0.46847182512283325,0.47753265500068665,0.48295387625694275,1.1782996800491219e-08,-0.011693974025547504,-0.015387527644634247,-0.018965888768434525,-0.021562714129686356,-0.005380438175052404,-0.018954072147607803,-0.028976690024137497,-0.035248082131147385,-0.0080263027921319,-0.026682129129767418,-0.03392761945724487,-0.03457610309123993,-0.012634349055588245,-0.033475909382104874,-0.03472629934549332,-0.03002179227769375,-0.01830381155014038,-0.03256651759147644,-0.030769700184464455,-0.026110468432307243,strafe_right
0.7742120027542114,0.7713043689727783,0.786216676235199,0.8153242468833923,0.8396399021148682,0.817913830280304,0.8554049730300903,0.8792276978492737,0.8994588255882263,0.8293979167938232,0.8603523969650269,0.8413398265838623,0.8197879195213318,0.837607741355896,0.8495896458625793,0.8234262466430664,0.8028115630149841,0.8410677909851074,0.8499597311019897,0.8288568258285522,0.810474693775177,0.508478581905365,0.4673319458961487,0.425956130027771,0.40405023097991943,0.4055218994617462,0.4041416049003601,0.3750051259994507,0.36262840032577515,0.3531048595905304,0.42741674184799194,0.41010236740112305,0.42335110902786255,0.43299368023872375,0.4539622366428375,0.44544553756713867,0.4599793255329132,0.4685327708721161,0.48171186447143555,0.47140219807624817,0.47771602869033813,0.48339107632637024,3.764075273693379e-09,-0.011578199453651905,-0.016951799392700195,-0.023062337189912796,-0.02800637111067772,-0.005283331032842398,-0.017381584271788597,-0.024110306054353714,-0.028529124334454536,-0.007998817600309849,-0.031084056943655014,-0.037102892994880676,-0.03401671722531319,-0.012340533547103405,-0.03628780320286751,-0.03326278552412987,-0.023125264793634415,-0.017504030838608742,-0.032211750745773315,-0.027339128777384758,-0.018907111138105392,strafe_right
0.3278409540653229,0.3385588228702545,0.37433674931526184,0.40901097655296326,0.4292307496070862,0.40226420760154724,0.44987839460372925,0.4779430329799652,0.4999716281890869,0.41659948229789734,0.44883719086647034,0.4337492883205414,0.41463202238082886,0.4249390959739685,0.4488348364830017,0.43425965309143066,0.41685518622398376,0.4296458661556244,0.44838201999664307,0.435119092464447,0.4198722541332245,0.9005129337310791,0.8452522158622742,0.8143634796142578,0.8145525455474854,0.8322923183441162,0.796981155872345,0.7904666662216187,0.7932969927787781,0.7983074188232422,0.8290107250213623,0.820504367351532,0.8239617347717285,0.8296769261360168,0.8620891571044922,0.8489450812339783,0.8536738753318787,0.860500156879425,0.8916877508163452,0.8768762946128845,0.8813633918762207,0.8894292116165161,-7.159702875014773e-08,-0.00015697971684858203,-0.003540972713381052,-0.008048037067055702,-0.012395361438393593,-0.006671412847936153,-0.012168468907475471,-0.014923646114766598,-0.017455697059631348,-0.01103472150862217,-0.018221160396933556,-0.017972923815250397,-0.016385341063141823,-0.015005290508270264,-0.02047363854944706,-0.01575220562517643,-0.011370088905096054,-0.019065607339143753,-0.019681664183735847,-0.013222070410847664,-0.0075727240182459354,strafe_right
0.2941463589668274,0.3020854890346527,0.2807653546333313,0.24336545169353485,0.21145059168338776,0.25138822197914124,0.20624470710754395,0.17701977491378784,0.1493116319179535,0.23535087704658508,0.1990506500005722,0.22312912344932556,0.2434946745634079,0.22377334535121918,0.19827839732170105,0.2327795922756195,0.25862690806388855,0.21835270524024963,0.20539343357086182,0.22871625423431396,0.24633364379405975,0.7921156883239746,0.7322697639465332,0.6815596222877502,0.6612001657485962,0.6671955585479736,0.6612893342971802,0.6407912373542786,0.6389455199241638,0.6326043009757996,0.6884735822677612,0.677693784236908,0.6942707896232605,0.6966786980628967,0.7181191444396973,0.7166178226470947,0.728901743888855,0.7241955399513245,0.7478718161582947,0.748120129108429,0.7541261911392212,0.7511429190635681,-3.568139561593853e-08,-0.006938628386706114,-0.00794343464076519,-0.010314317420125008,-0.010987352579832077,0.0006994055001996458,-0.01709023118019104,-0.029061056673526764,-0.036312222480773926,-0.006000347435474396,-0.025180354714393616,-0.03119165077805519,-0.032377246767282486,-0.015635106712579727,-0.039361435920000076,-0.040988124907016754,-0.037099696695804596,-0.025968510657548904,-0.04140342026948929,-0.04114939272403717,-0.03840971738100052,strafe_right
0.35749131441116333,0.36308392882347107,0.34560510516166687,0.3203558921813965,0.29918918013572693,0.3108896017074585,0.27394425868988037,0.2553595006465912,0.23780423402786255,0.3001943826675415,0.2794828414916992,0.30195000767707825,0.3149625360965729,0.29457956552505493,0.27874991297721863,0.30199748277664185,0.3138626217842102,0.2926776111125946,0.2806198000907898,0.29711294174194336,0.30727505683898926,0.6462405920028687,0.5989397168159485,0.5612599849700928,0.540611982345581,0.5406695604324341,0.547469973564148,0.5281016826629639,0.5196915864944458,0.5112954378128052,0.5653056502342224,0.5462504625320435,0.5594534873962402,0.5702643394470215,0.584507167339325,0.5688962936401367,0.579360842704773,0.5888341069221497,0.6046866178512573,0.5892800092697144,0.5939927101135254,0.6009100079536438,4.00253075127921e-09,-0.005976331885904074,-0.008963227272033691,-0.013186213560402393,-0.01721806265413761,0.0022915226873010397,-0.004953484050929546,-0.013208071701228619,-0.019685277715325356,-0.000655416923109442,-0.01130390353500843,-0.01792641542851925,-0.02072683908045292,-0.00458393432199955,-0.015104544349014759,-0.01565898023545742,-0.013510108925402164,-0.009308830834925175,-0.015389814041554928,-0.012893754988908768,-0.009687301702797413,strafe_left
0.487479567527771,0.5101094245910645,0.5498890280723572,0.5817067623138428,0.5987908840179443,0.57963627576828,0.6259902119636536,0.650141716003418,0.6675430536270142,0.5904173254966736,0.6097928881645203,0.5934861302375793,0.5743889212608337,0.591327428817749,0.5941029787063599,0.5769384503364563,0.5584348440170288,0.5879016518592834,0.5866224765777588,0.5725353360176086,0.5566672682762146,0.8303060531616211,0.7731117010116577,0.7437402606010437,0.7415507435798645,0.7558030486106873,0.735884964466095,0.7308385968208313,0.7348504662513733,0.7386500239372253,0.7683170437812805,0.775650680065155,0.7821303606033325,0.7824636101722717,0.8047450184822083,0.8093646764755249,0.8157819509506226,0.817097544670105,0.837172269821167,0.8412700295448303,0.8451843857765198,0.8456236124038696,-1.7129173102148343e-07,0.006270931102335453,0.006407496053725481,0.0037914628628641367,0.000979383010417223,-0.002715756418183446,-0.004335587844252586,-0.0037884691264480352,-0.004156238865107298,-0.008985061198472977,-0.011613613925874233,-0.010775871574878693,-0.009987973608076572,-0.01396001223474741,-0.015643369406461716,-0.012365102767944336,-0.010269496589899063,-0.018496761098504066,-0.014467565342783928,-0.008541003800928593,-0.0042268699035048485,strafe_left
0.3864618241786957,0.38921311497688293,0.3678165078163147,0.3375079929828644,0.314491868019104,0.3289276659488678,0.28763729333877563,0.25813400745391846,0.23611250519752502,0.3126804530620575,0.29878127574920654,0.3153400123119354,0.33219149708747864,0.30842292308807373,0.3080085813999176,0.3220856189727783,0.33304136991500854,0.3072514832019806,0.31311410665512085,0.325721800327301,0.3348924517631531,0.6377196907997131,0.5866963267326355,0.5489034652709961,0.5373132824897766,0.5375404357910156,0.5365610122680664,0.5230819582939148,0.5205970406532288,0.5206412076950073,0.5680190920829773,0.5669041872024536,0.5746973156929016,0.5799452066421509,0.6023871302604675,0.6037344932556152,0.6096428036689758,0.613958477973938,0.635680615901947,0.6357030868530273,0.640701413154602,0.6431318521499634,-1.2697261908556357e-08,-0.0017619536956772208,-0.005929344799369574,-0.010904975235462189,-0.016574768349528313,-0.01849934831261635,-0.031485021114349365,-0.03998259827494621,-0.045655474066734314,-0.02286943979561329,-0.031178902834653854,-0.03086479939520359,-0.031448014080524445,-0.02679627761244774,-0.03441520780324936,-0.02939486876130104,-0.02642226777970791,-0.03106810338795185,-0.034504037350416183,-0.028640974313020706,-0.02414187602698803,strafe_left
0.5988254547119141,0.6120111346244812,0.6582977771759033,0.710776150226593,0.7476670742034912,0.6732696890830994,0.714642345905304,0.7378397583961487,0.75483238697052,0.6852802634239197,0.6970546841621399,0.6835149526596069,0.6689367294311523,0.6895279288291931,0.6931971907615662,0.6789100766181946,0.6637524962425232,0.6913949847221375,0.6899541020393372,0.6768820285797119,0.6636093854904175,0.6349344253540039,0.5743346810340881,0.5369159579277039,0.5217183232307434,0.5194637179374695,0.5353401303291321,0.524283766746521,0.5242466330528259,0.5272132158279419,0.5691475868225098,0.5692982077598572,0.5765838027000427,0.5838837623596191,0.6042676568031311,0.5998814105987549,0.6069443225860596,0.6151129007339478,0.6362255811691284,0.6291593909263611,0.6347678899765015,0.642331063747406,-1.5969816047345375e-07,-0.002915366552770138,-0.0029380028136074543,-0.0033905848395079374,-0.0032964933197945356,0.0024409103207290173,0.003652848768979311,0.00574699928984046,0.0060468935407698154,0.002289474243298173,0.0017600380815565586,0.0014605282340198755,0.0006895248661749065,0.0021231593564152718,-0.0009526191861368716,-0.0003605132515076548,5.218325895839371e-05,0.0020957530941814184,0.0024990260135382414,0.004801828879863024,0.006944380700588226,strafe_left
0.85899418592453,0.83104008436203,0.7820085287094116,0.7427000403404236,0.7174926996231079,0.773501455783844,0.7220836877822876,0.6931753158569336,0.6713221073150635,0.7731524109840393,0.7193526029586792,0.732683002948761,0.7529163360595703,0.7790510654449463,0.7265618443489075,0.7410706877708435,0.7601829767227173,0.7885070443153381,0.7434518933296204,0.7549545764923096,0.7722440958023071,0.7524319887161255,0.7106041312217712,0.694891631603241,0.7019756436347961,0.715932309627533,0.6990807056427002,0.7071787714958191,0.7115517258644104,0.7169702649116516,0.73344486951828,0.7466599345207214,0.7446992993354797,0.74067622423172,0.7669172286987305,0.7743462920188904,0.7712926864624023,0.7677896022796631,0.7970995903015137,0.7999851703643799,0.7950718998908997,0.7916789054870605,3.383874869200554e-08,-0.0011035449570044875,-0.007484744302928448,-0.013448212295770645,-0.021587137132883072,-0.02208469808101654,-0.03147027641534805,-0.037421390414237976,-0.04218101501464844,-0.028326263651251793,-0.035484641790390015,-0.03359474614262581,-0.03353345766663551,-0.033330708742141724,-0.039581313729286194,-0.03107869066298008,-0.026169095188379288,-0.03815103694796562,-0.04279812052845955,-0.0347130224108696,-0.02902139350771904,strafe_right
0.14109529554843903,0.17239555716514587,0.220477893948555,0.25709548592567444,0.2737716734409332,0.2286631464958191,0.27609914541244507,0.3047683835029602,0.3268200159072876,0.22738949954509735,0.28263774514198303,0.26861482858657837,0.2457587569952011,0.221993550658226,0.2727096378803253,0.25973621010780334,0.239431694149971,0.2154913693666458,0.25867965817451477,0.24791908264160156,0.2281481921672821,0.7466251254081726,0.7050226330757141,0.6938062310218811,0.7094185948371887,0.7317470908164978,0.7020685076713562,0.7071301937103271,0.71201092004776,0.7170637249946594,0.737270176410675,0.746132493019104,0.7437273859977722,0.7409955859184265,0.7706885933876038,0.7743063569068909,0.771564245223999,0.7701097726821899,0.7993314862251282,0.8023121953010559,0.7978036999702454,0.7956452369689941,-1.4306230866623082e-07,-0.004252980928868055,-0.008497142232954502,-0.012564565055072308,-0.016522355377674103,-0.014348731376230717,-0.022633573040366173,-0.025192663073539734,-0.027519557625055313,-0.01798233576118946,-0.0315469391644001,-0.03222496435046196,-0.029093123972415924,-0.02120286598801613,-0.03387024998664856,-0.02921197935938835,-0.02257426269352436,-0.02438431605696678,-0.03310398757457733,-0.028925077989697456,-0.023775646463036537,strafe_right
0.5057687163352966,0.4797317683696747,0.43241679668426514,0.38878825306892395,0.36854287981987,0.3942411541938782,0.33086979389190674,0.29779183864593506,0.27409541606903076,0.3878333270549774,0.3606753349304199,0.38319846987724304,0.4067477285861969,0.39422860741615295,0.3884446322917938,0.4088216722011566,0.42424410581588745,0.40252208709716797,0.402664452791214,0.4221576750278473,0.4343966543674469,0.8715813755989075,0.8050114512443542,0.7713326811790466,0.7889119982719421,0.8153919577598572,0.795154333114624,0.8019031882286072,0.814997673034668,0.8260992169380188,0.8454464077949524,0.8453983068466187,0.8434418439865112,0.8419284224510193,0.8872939348220825,0.8820696473121643,0.878371000289917,0.8778012990951538,0.9255516529083252,0.9152989387512207,0.9114781022071838,0.9101312756538391,4.390830810052648e-08,0.0017247904324904084,0.0013221570989117026,0.0019864526111632586,0.0018331329338252544,-0.023105597123503685,-0.02670760080218315,-0.026293203234672546,-0.027249738574028015,-0.027069546282291412,-0.024644317105412483,-0.01736869476735592,-0.015616060234606266,-0.029002664610743523,-0.02674020640552044,-0.019261697307229042,-0.01787743717432022,-0.03079555369913578,-0.028499295935034752,-0.021258927881717682,-0.017691634595394135,strafe_left
0.4788297116756439,0.5151551365852356,0.5652391910552979,0.6076169013977051,0.6237607598304749,0.6045699715614319,0.6708238124847412,0.7026512622833252,0.7251260280609131,0.6106295585632324,0.6429069638252258,0.6252478361129761,0.6030954718589783,0.6050887703895569,0.6161859035491943,0.5973535180091858,0.5760894417762756,0.5968324542045593,0.6035930514335632,0.5851792097091675,0.5659430623054504,0.864706814289093,0.799735426902771,0.7768288850784302,0.792594850063324,0.8211137652397156,0.7915471196174622,0.8043602108955383,0.8157625794410706,0.8264572620391846,0.8403856754302979,0.8437404632568359,0.8394808769226074,0.8368172645568848,0.8855810761451721,0.8807958960533142,0.8773244619369507,0.875322699546814,0.924822211265564,0.9194484353065491,0.9147166609764099,0.9114971160888672,-2.1027163654707692e-07,-0.001537349191494286,-0.005931318737566471,-0.009474444203078747,-0.013026107102632523,-0.026455936953425407,-0.029110636562108994,-0.02418762445449829,-0.021456565707921982,-0.02612801268696785,-0.023405902087688446,-0.013751045800745487,-0.00925886258482933,-0.023932350799441338,-0.021367231383919716,-0.013639592565596104,-0.011017239652574062,-0.02162887342274189,-0.016253260895609856,-0.009591706097126007,-0.005655881017446518,strafe_left
0.6428710222244263,0.6689668893814087,0.7023699283599854,0.7299006581306458,0.7470230460166931,0.7399386763572693,0.7755013704299927,0.7967637777328491,0.8179670572280884,0.7441882491111755,0.7624593377113342,0.7323489189147949,0.7131168842315674,0.7421708106994629,0.7572034597396851,0.7268913388252258,0.711249589920044,0.734212338924408,0.7528054118156433,0.7300154566764832,0.7154234647750854,0.8666335940361023,0.8395989537239075,0.827063798904419,0.8516173362731934,0.8796635270118713,0.8211787343025208,0.8164371848106384,0.8185937404632568,0.8240817785263062,0.8507415056228638,0.8552113175392151,0.85503751039505,0.8538526892662048,0.8784177303314209,0.8861352801322937,0.8784562349319458,0.8731014132499695,0.9025570750236511,0.9098575115203857,0.9019538760185242,0.8955568671226501,-1.5650844886749837e-07,-0.018005888909101486,-0.025876885280013084,-0.03360139951109886,-0.03980368375778198,-0.005975400097668171,-0.020703082904219627,-0.029642915353178978,-0.036029014736413956,-0.005986014846712351,-0.02944522723555565,-0.036570169031620026,-0.03561720624566078,-0.009113753214478493,-0.034645095467567444,-0.031687282025814056,-0.022369936108589172,-0.013782234862446785,-0.03020080178976059,-0.025954008102416992,-0.018347278237342834,strafe_left
0.5552841424942017,0.5729434490203857,0.6099141836166382,0.6372853517532349,0.6476125717163086,0.6432405710220337,0.685867190361023,0.7131873965263367,0.7325098514556885,0.6534669399261475,0.6577677130699158,0.6391863822937012,0.6217910647392273,0.6510094404220581,0.6463474035263062,0.6304560303688049,0.6152550578117371,0.6443554759025574,0.6407765746116638,0.6267445683479309,0.6145759224891663,0.7548567056655884,0.7002733945846558,0.6789942979812622,0.6911193132400513,0.7158634662628174,0.6785436868667603,0.677941620349884,0.6853138208389282,0.6927731037139893,0.7140578031539917,0.7277264595031738,0.730711817741394,0.7284179925918579,0.7507322430610657,0.7581034302711487,0.7600505352020264,0.7590147256851196,0.7837381958961487,0.7881534099578857,0.7872677445411682,0.7854782342910767,-5.1671051437551796e-08,-0.002612870652228594,-0.007857132703065872,-0.013480830006301403,-0.019371943548321724,-0.01631920598447323,-0.023632170632481575,-0.029032494872808456,-0.033951569348573685,-0.019987616688013077,-0.02805996872484684,-0.02906963601708412,-0.02910180762410164,-0.02279345504939556,-0.02791365049779415,-0.022721832618117332,-0.01892615668475628,-0.026102637872099876,-0.026652902364730835,-0.01953262835741043,-0.013345926068723202,strafe_left
0.7164295315742493,0.6757029294967651,0.6442961096763611,0.6207587718963623,0.5988205075263977,0.6786266565322876,0.6680341362953186,0.6625189781188965,0.6594362258911133,0.710388720035553,0.715328574180603,0.7192833423614502,0.7234041690826416,0.7392836809158325,0.7589753270149231,0.7716256380081177,0.7815514206886292,0.7650543451309204,0.792607307434082,0.8086457252502441,0.8200056552886963,0.7830413579940796,0.7597900032997131,0.7194319367408752,0.6844152808189392,0.658836841583252,0.6372638940811157,0.5782666802406311,0.5387539267539978,0.5050309300422668,0.6327525973320007,0.5657991766929626,0.523405909538269,0.4885717034339905,0.6441403031349182,0.5820425152778625,0.5426428914070129,0.5087502002716064,0.667075514793396,0.6246600151062012,0.5953370332717896,0.5668103098869324,2.293946721465545e-07,-0.024101292714476585,-0.04005513712763786,-0.05449898913502693,-0.06893783807754517,-0.026321522891521454,-0.0463608019053936,-0.06286296248435974,-0.07504807412624359,-0.029143355786800385,-0.04727596417069435,-0.06056227162480354,-0.06976655125617981,-0.035134490579366684,-0.053524356335401535,-0.0664503201842308,-0.07471489161252975,-0.04312790557742119,-0.058589767664670944,-0.06580940634012222,-0.07032211124897003,hover
0.2791292667388916,0.3239809572696686,0.3572026193141937,0.38013219833374023,0.4037944972515106,0.31844326853752136,0.33073538541793823,0.33729737997055054,0.3405361771583557,0.28759124875068665,0.2821013331413269,0.279247909784317,0.274080753326416,0.26098379492759705,0.24250373244285583,0.22997687757015228,0.2177579402923584,0.23749548196792603,0.21144263446331024,0.1941923201084137,0.17966312170028687,0.7857051491737366,0.7672139406204224,0.7239730358123779,0.6828504204750061,0.6567561030387878,0.6378384232521057,0.5790173411369324,0.5393524169921875,0.502816379070282,0.6347681283950806,0.5697961449623108,0.5286524295806885,0.493507981300354,0.6476064324378967,0.5912303924560547,0.5509575605392456,0.517569899559021,0.6730260848999023,0.6321993470191956,0.6024096608161926,0.5750142335891724,2.7764409082919883e-07,-0.02976594679057598,-0.04103289544582367,-0.04949371516704559,-0.058605339378118515,-0.029082253575325012,-0.044529806822538376,-0.05887635052204132,-0.07127858698368073,-0.028561802580952644,-0.04355105012655258,-0.060541197657585144,-0.07443270832300186,-0.030648790299892426,-0.04919116944074631,-0.06647246330976486,-0.07871509343385696,-0.035261932760477066,-0.05641026422381401,-0.06946221739053726,-0.0776679590344429,hover
0.7226881384849548,0.6759628057479858,0.6448158025741577,0.6260339021682739,0.6018714904785156,0.6937592029571533,0.6787705421447754,0.6707481145858765,0.6655973792076111,0.729137659072876,0.7259817123413086,0.7256101369857788,0.7253018617630005,0.7607316970825195,0.7772102952003479,0.7869210839271545,0.7928986549377441,0.787868857383728,0.8102010488510132,0.8183700442314148,0.8209534287452698,0.7446512579917908,0.7074621915817261,0.6523270606994629,0.6096014380455017,0.5775425434112549,0.5561811327934265,0.4803299307823181,0.43264272809028625,0.3928391933441162,0.554607629776001,0.46978044509887695,0.4134383797645569,0.36708852648735046,0.5734123587608337,0.5006681084632874,0.4531148672103882,0.4110455811023712,0.6071224212646484,0.5686193704605103,0.5396971106529236,0.510470986366272,1.4639005030403496e-07,-0.020012574270367622,-0.03344089910387993,-0.04695003107190132,-0.06128086894750595,-0.020616287365555763,-0.041124675422906876,-0.059608638286590576,-0.0738898366689682,-0.027403058484196663,-0.044422369450330734,-0.060908570885658264,-0.07363378256559372,-0.037290360778570175,-0.054862089455127716,-0.0714811310172081,-0.08418748527765274,-0.049103833734989166,-0.06540153175592422,-0.07438437640666962,-0.08113782852888107,hover
0.2766745090484619,0.32938212156295776,0.3567071259021759,0.37378913164138794,0.3995141386985779,0.30481767654418945,0.3180060088634491,0.3271893858909607,0.33360835909843445,0.2694348096847534,0.27124854922294617,0.27471500635147095,0.2753865122795105,0.2379569709300995,0.21850141882896423,0.20780155062675476,0.20009446144104004,0.20993226766586304,0.1914394646883011,0.18498355150222778,0.1812923103570938,0.7403637170791626,0.710210919380188,0.6531186699867249,0.6069360971450806,0.5747669339179993,0.5613204836845398,0.486285001039505,0.4381839632987976,0.3965476155281067,0.5559917688369751,0.4710296094417572,0.4138769507408142,0.3660046458244324,0.5730558633804321,0.5000145435333252,0.45165830850601196,0.41029876470565796,0.6064531803131104,0.5651899576187134,0.5367686152458191,0.5093225240707397,4.988721116205852e-07,-0.02571563981473446,-0.03566083684563637,-0.044741131365299225,-0.053917158395051956,-0.028574170544743538,-0.04997736215591431,-0.06428162008523941,-0.07501498609781265,-0.032937273383140564,-0.054648589342832565,-0.07270339876413345,-0.08498133718967438,-0.039947573095560074,-0.06422030925750732,-0.08167634904384613,-0.09256129711866379,-0.0489831268787384,-0.07255081087350845,-0.0845368430018425,-0.09142403304576874,hover
0.3026488423347473,0.2626658082008362,0.24461747705936432,0.23606494069099426,0.21664360165596008,0.2720987796783447,0.2735031843185425,0.274508535861969,0.2754552960395813,0.30321142077445984,0.31145787239074707,0.31724417209625244,0.3229385018348694,0.33208125829696655,0.35430189967155457,0.3690919876098633,0.38083741068840027,0.3573572635650635,0.38330763578414917,0.39924660325050354,0.41118496656417847,0.8403297662734985,0.8028729557991028,0.7487329840660095,0.7043070197105408,0.674001932144165,0.7208045721054077,0.6427536010742188,0.5932440757751465,0.5575603246688843,0.7275822162628174,0.6455471515655518,0.5944764018058777,0.5578153133392334,0.7406873106956482,0.6648393273353577,0.6157885789871216,0.5788570642471313,0.7567930817604065,0.7038074731826782,0.6707628965377808,0.642879068851471,1.4397726033621439e-07,-0.006155053153634071,-0.01516488566994667,-0.023302016779780388,-0.03309597447514534,-0.03689321503043175,-0.05631912872195244,-0.06429270654916763,-0.06792031973600388,-0.04416011646389961,-0.06420756131410599,-0.07278911769390106,-0.07710239291191101,-0.050783123821020126,-0.07117504626512527,-0.08333908021450043,-0.08930078148841858,-0.05611586198210716,-0.07244694232940674,-0.07916124165058136,-0.08213458210229874,hover
0.24634653329849243,0.21480682492256165,0.2023322582244873,0.1907830834388733,0.17061418294906616,0.24189729988574982,0.24838213622570038,0.25288471579551697,0.25517937541007996,0.26928970217704773,0.285208523273468,0.2970413863658905,0.30508750677108765,0.2945878803730011,0.32410478591918945,0.3435839116573334,0.354748398065567,0.31779852509498596,0.3466644883155823,0.35961371660232544,0.36490148305892944,0.8934563994407654,0.8421217203140259,0.7758066058158875,0.7240127921104431,0.6911183595657349,0.7479771375656128,0.6644296050071716,0.6145853996276855,0.5771273970603943,0.7571780681610107,0.6700740456581116,0.6172155141830444,0.5776223540306091,0.7765512466430664,0.707834780216217,0.6664935946464539,0.6341485381126404,0.8017680048942566,0.7533506751060486,0.7230892181396484,0.6967681050300598,7.369594356987363e-08,-0.0045851729810237885,-0.011814991943538189,-0.01922706887125969,-0.02747868001461029,-0.028046179562807083,-0.04618694260716438,-0.054334670305252075,-0.05851924419403076,-0.035840027034282684,-0.05504780635237694,-0.06344379484653473,-0.06762323528528214,-0.04341007396578789,-0.06122519075870514,-0.07072733342647552,-0.07496858388185501,-0.05037659779191017,-0.06345317512750626,-0.06793811172246933,-0.06956882774829865,hover
0.7492539882659912,0.7805320024490356,0.7976251840591431,0.8099720478057861,0.8321921825408936,0.7594851851463318,0.7557726502418518,0.7530766129493713,0.7499528527259827,0.7266111969947815,0.7133458852767944,0.7031879425048828,0.6948354840278625,0.6994879245758057,0.6701448559761047,0.6520973443984985,0.6404157876968384,0.678046703338623,0.6519567370414734,0.640387237071991,0.6316622495651245,0.8813942670822144,0.8339231014251709,0.7744958400726318,0.7246333360671997,0.6967250108718872,0.7527161836624146,0.6674309372901917,0.6166465878486633,0.5761473178863525,0.7613322138786316,0.6750028133392334,0.6207836866378784,0.5807090401649475,0.7768084406852722,0.7104706168174744,0.6671628355979919,0.6368858814239502,0.7961055636405945,0.747353196144104,0.718460202217102,0.693162739276886,3.7124220853002043e-07,-0.008042365312576294,-0.019433435052633286,-0.02897772751748562,-0.03981361165642738,-0.04832872748374939,-0.06826873868703842,-0.07624217867851257,-0.08124125748872757,-0.05345913767814636,-0.07895129919052124,-0.09248625487089157,-0.10111577808856964,-0.05550708621740341,-0.07588401436805725,-0.08386803418397903,-0.08782351762056351,-0.05676833167672157,-0.07153867930173874,-0.07587546855211258,-0.07738486677408218,hover
0.7100316882133484,0.763827383518219,0.7906359434127808,0.8037159442901611,0.8289061188697815,0.7322276830673218,0.7265035510063171,0.7201268672943115,0.7127388715744019,0.6921924352645874,0.6721700429916382,0.6571012139320374,0.6453994512557983,0.658409833908081,0.6343499422073364,0.6179966926574707,0.6071226000785828,0.6318454146385193,0.6016334891319275,0.5848716497421265,0.5734887719154358,0.5890728235244751,0.5470032095909119,0.48995134234428406,0.4301350712776184,0.3910716772079468,0.42302393913269043,0.32981884479522705,0.27225416898727417,0.22729775309562683,0.42809298634529114,0.33758747577667236,0.2808520793914795,0.2392115443944931,0.4480132758617401,0.3674955368041992,0.3162568211555481,0.2769971787929535,0.47713997960090637,0.4234885573387146,0.38978081941604614,0.3585200011730194,3.2633332125442394e-07,-0.01203299779444933,-0.02260642498731613,-0.030947912484407425,-0.040957510471343994,-0.037031639367341995,-0.05306408181786537,-0.062926284968853,-0.0709977000951767,-0.04055784270167351,-0.06046975031495094,-0.07481089234352112,-0.08598300814628601,-0.04251721128821373,-0.06063436344265938,-0.07218566536903381,-0.0809708684682846,-0.0440228208899498,-0.06282184273004532,-0.07170291244983673,-0.0765446200966835,hover
0.2877903878688812,0.23219767212867737,0.20861850678920746,0.19630804657936096,0.17117325961589813,0.2671022117137909,0.2713666558265686,0.27878087759017944,0.28589650988578796,0.3078913986682892,0.32424959540367126,0.33585891127586365,0.3455544710159302,0.3411054015159607,0.36443445086479187,0.3794211447238922,0.3889554440975189,0.3685580790042877,0.3985059857368469,0.41566890478134155,0.42754724621772766,0.5952582955360413,0.5493009686470032,0.488334596157074,0.42916789650917053,0.3918885886669159,0.42143040895462036,0.32384079694747925,0.2661697268486023,0.22496603429317474,0.4325086772441864,0.3354083299636841,0.27933549880981445,0.23890124261379242,0.45420652627944946,0.3681805729866028,0.31842461228370667,0.28131937980651855,0.48055577278137207,0.42454129457473755,0.3916439712047577,0.36318135261535645,2.315873359748366e-07,-0.011084073223173618,-0.023487884551286697,-0.033990684896707535,-0.04539119079709053,-0.038408685475587845,-0.05789068341255188,-0.06672784686088562,-0.07096462696790695,-0.04095349460840225,-0.05912380665540695,-0.06619364768266678,-0.06938391923904419,-0.04329599067568779,-0.062062811106443405,-0.07212403416633606,-0.07630740106105804,-0.04501134902238846,-0.05823817849159241,-0.06321080774068832,-0.06468921154737473,hover
0.11310023069381714,0.18465104699134827,0.2334117889404297,0.2374664545059204,0.2079402655363083,0.2124735563993454,0.2083122283220291,0.19251470267772675,0.17821162939071655,0.15051141381263733,0.14583589136600494,0.14531922340393066,0.14542609453201294,0.09427812695503235,0.1000204011797905,0.10616374760866165,0.1107795462012291,0.04905147850513458,0.060661450028419495,0.072097048163414,0.07653099298477173,0.6780214905738831,0.7043254375457764,0.7414453625679016,0.791105329990387,0.8364390134811401,0.636433482170105,0.7564325928688049,0.797898530960083,0.7983257174491882,0.6250553131103516,0.763283371925354,0.7912542819976807,0.7764856815338135,0.6373515725135803,0.7630261182785034,0.788668155670166,0.7753139138221741,0.6592512726783752,0.7575724124908447,0.7796979546546936,0.7738772630691528,3.6412144410746805e-09,-0.04787544161081314,-0.09110095351934433,-0.12892989814281464,-0.16475810110569,-0.10928033292293549,-0.16217273473739624,-0.18914169073104858,-0.20460684597492218,-0.11123508214950562,-0.15306873619556427,-0.15531980991363525,-0.1596926748752594,-0.11561385542154312,-0.1511707752943039,-0.1381027102470398,-0.1281866431236267,-0.12566375732421875,-0.1491774618625641,-0.1406683325767517,-0.133461594581604,emergency
0.8701670169830322,0.8161363005638123,0.775190532207489,0.7757810354232788,0.7899064421653748,0.7922661900520325,0.7956157922744751,0.8030834794044495,0.8134075403213501,0.847160816192627,0.8480132818222046,0.8443790078163147,0.8504065871238708,0.8976383209228516,0.8986696004867554,0.8838023543357849,0.8801618814468384,0.9412753582000732,0.9419182538986206,0.9236218929290771,0.9146025776863098,0.6743472218513489,0.6941741704940796,0.7147872447967529,0.7523552179336548,0.7826583385467529,0.6254777312278748,0.7269185781478882,0.7781110405921936,0.7882075309753418,0.6213141083717346,0.7435213327407837,0.7925724983215332,0.7959487438201904,0.6332065463066101,0.7532055974006653,0.7919003367424011,0.7863303422927856,0.6521031260490417,0.7475550174713135,0.7865961790084839,0.788094699382782,-5.671394660566875e-07,-0.048008378595113754,-0.0924515575170517,-0.13026922941207886,-0.16653695702552795,-0.1034679189324379,-0.14965702593326569,-0.17581936717033386,-0.19285248219966888,-0.10142779350280762,-0.14047230780124664,-0.14710232615470886,-0.1538935899734497,-0.10037451237440109,-0.1384427696466446,-0.13107532262802124,-0.12550173699855804,-0.10377322882413864,-0.128821462392807,-0.12157230824232101,-0.1150585189461708,emergency
0.8279247283935547,0.7808844447135925,0.7478029131889343,0.7500602006912231,0.7617925405502319,0.7481905817985535,0.7656233310699463,0.7757972478866577,0.780867338180542,0.7955985069274902,0.8122815489768982,0.8106586337089539,0.8093599081039429,0.8412336707115173,0.8552305102348328,0.8426007032394409,0.8356176614761353,0.8819640874862671,0.8906369209289551,0.8756132125854492,0.8670482635498047,0.4176122844219208,0.4305413067340851,0.4382482171058655,0.4542936384677887,0.46669548749923706,0.32168304920196533,0.42262595891952515,0.44910961389541626,0.4382256269454956,0.31198549270629883,0.4245031476020813,0.4495636522769928,0.4407119154930115,0.3181367814540863,0.4262985587120056,0.4455752968788147,0.4279678761959076,0.3343733847141266,0.4155222177505493,0.43571650981903076,0.4213355779647827,-4.014734713564394e-07,-0.04181656613945961,-0.07795419543981552,-0.10779852420091629,-0.1348002701997757,-0.07341493666172028,-0.11305078864097595,-0.14072997868061066,-0.16047468781471252,-0.07057532668113708,-0.09939369559288025,-0.10680989921092987,-0.11538626998662949,-0.07041607052087784,-0.09819260239601135,-0.09208407253026962,-0.08871454000473022,-0.07502381503582001,-0.09476150572299957,-0.09200805425643921,-0.0891532227396965,emergency
0.16315656900405884,0.21492058038711548,0.24582064151763916,0.24134105443954468,0.21444450318813324,0.2573692202568054,0.2387429028749466,0.22557172179222107,0.22324439883232117,0.20048242807388306,0.18792182207107544,0.18978285789489746,0.19710692763328552,0.14797639846801758,0.14383205771446228,0.1529543399810791,0.1636413037776947,0.10672755539417267,0.1118243932723999,0.12517067790031433,0.1375311017036438,0.3801080286502838,0.4057035446166992,0.4418443739414215,0.48247188329696655,0.5107370018959045,0.32530340552330017,0.4159623384475708,0.4542068839073181,0.4614476263523102,0.31181031465530396,0.4128129482269287,0.447025865316391,0.4489131569862366,0.31853556632995605,0.4088923931121826,0.444374680519104,0.44998013973236084,0.3360990881919861,0.4069194793701172,0.4369528293609619,0.44674152135849,9.701393821615056e-08,-0.03662979230284691,-0.07258814573287964,-0.1061670333147049,-0.14017850160598755,-0.07430988550186157,-0.12085570394992828,-0.15303415060043335,-0.17328499257564545,-0.07822275161743164,-0.11340931057929993,-0.12432394921779633,-0.1344170719385147,-0.08487463742494583,-0.11588098853826523,-0.11275378614664078,-0.1091265082359314,-0.0956735759973526,-0.11182595044374466,-0.10519268363714218,-0.09983869642019272,emergency
0.1633036732673645,0.21670690178871155,0.2567818760871887,0.2573320269584656,0.2203737050294876,0.2857140600681305,0.23939232528209686,0.21840353310108185,0.22211459279060364,0.22569705545902252,0.17293018102645874,0.1706305742263794,0.18600498139858246,0.16266313195228577,0.12461268156766891,0.13408614695072174,0.15331332385540009,0.10975904762744904,0.08952438831329346,0.09947355091571808,0.11518016457557678,0.3330167531967163,0.37104278802871704,0.42003196477890015,0.47712934017181396,0.5116194486618042,0.31023576855659485,0.41041725873947144,0.4725009799003601,0.4984409809112549,0.2754251956939697,0.39725255966186523,0.43875813484191895,0.4301116466522217,0.2634253203868866,0.38472694158554077,0.42270225286483765,0.4185662567615509,0.2645282745361328,0.35506418347358704,0.39225879311561584,0.3990851938724518,2.8664713269677122e-08,-0.04067393019795418,-0.0774291381239891,-0.11076519638299942,-0.14224906265735626,-0.07629112899303436,-0.13574330508708954,-0.1742437332868576,-0.19593648612499237,-0.07864797860383987,-0.11940378695726395,-0.1288854479789734,-0.13661308586597443,-0.08559659868478775,-0.1178654134273529,-0.10622071474790573,-0.09613946825265884,-0.09840678423643112,-0.11980362236499786,-0.11090440303087234,-0.10086474567651749,emergency
0.8058142066001892,0.753917396068573,0.7168671488761902,0.7274884581565857,0.7534423470497131,0.7229606509208679,0.7588489651679993,0.7717356085777283,0.7754947543144226,0.7842652797698975,0.8216086030006409,0.8175064325332642,0.812522292137146,0.841915488243103,0.8694285154342651,0.8552993535995483,0.8436738848686218,0.8928429484367371,0.9053235650062561,0.8907997012138367,0.8798298835754395,0.32547757029533386,0.36829477548599243,0.4165894687175751,0.46102175116539,0.497573584318161,0.29846277832984924,0.39962461590766907,0.4517194628715515,0.4656311869621277,0.26101332902908325,0.40216702222824097,0.44494906067848206,0.44010522961616516,0.24951577186584473,0.3905786871910095,0.4258844256401062,0.42096951603889465,0.25092849135398865,0.355619341135025,0.39225324988365173,0.3920953571796417,-2.069068045784661e-07,-0.06886138021945953,-0.12639851868152618,-0.1713307946920395,-0.21093516051769257,-0.13856704533100128,-0.19251030683517456,-0.2163074016571045,-0.23134249448776245,-0.12533406913280487,-0.1693580448627472,-0.16986344754695892,-0.17378970980644226,-0.11480167508125305,-0.15489348769187927,-0.14556516706943512,-0.13991998136043549,-0.1105627566576004,-0.1458759903907776,-0.1483580321073532,-0.1477300524711609,emergency
0.8002403974533081,0.7533090710639954,0.7243504524230957,0.735475480556488,0.7561106085777283,0.6965165138244629,0.7290325164794922,0.7499794960021973,0.7547255158424377,0.7423943877220154,0.7779635190963745,0.787202775478363,0.7851142883300781,0.7927089333534241,0.823815643787384,0.821204662322998,0.8133037686347961,0.8422512412071228,0.860184371471405,0.8518756628036499,0.8431476950645447,0.3513980805873871,0.37976011633872986,0.4053299129009247,0.43147343397140503,0.44931966066360474,0.2774750292301178,0.3813731372356415,0.4172530770301819,0.40988701581954956,0.24820128083229065,0.36980366706848145,0.40842974185943604,0.3959537148475647,0.23952122032642365,0.3554536700248718,0.39082902669906616,0.37637051939964294,0.24403399229049683,0.3349003493785858,0.36775508522987366,0.3561972379684448,-3.9597549061909376e-07,-0.045477721840143204,-0.09081869572401047,-0.12943026423454285,-0.16427892446517944,-0.0984778106212616,-0.14632990956306458,-0.17250680923461914,-0.19011802971363068,-0.09619360417127609,-0.13261540234088898,-0.1378108412027359,-0.1456443965435028,-0.09560059010982513,-0.12996971607208252,-0.12187369912862778,-0.11780308932065964,-0.09944891929626465,-0.12184976041316986,-0.11830747127532959,-0.11584018915891647,emergency
0.1918017566204071,0.23174352943897247,0.2704887390136719,0.26811274886131287,0.2208431214094162,0.3087118864059448,0.26241159439086914,0.24328118562698364,0.24937528371810913,0.25445806980133057,0.21825270354747772,0.2131527066230774,0.22360721230506897,0.1985960602760315,0.17453518509864807,0.1773308515548706,0.19045963883399963,0.14656835794448853,0.13680540025234222,0.14616495370864868,0.15933845937252045,0.34638065099716187,0.38767969608306885,0.4288668632507324,0.45642799139022827,0.4525930881500244,0.2900974452495575,0.40336155891418457,0.4249091148376465,0.4021378755569458,0.256208598613739,0.3863106966018677,0.40162551403045654,0.37098759412765503,0.24642696976661682,0.3630112111568451,0.38113266229629517,0.35519543290138245,0.2514202892780304,0.33828067779541016,0.35971376299858093,0.34878790378570557,-9.520704224996734e-08,-0.04644832760095596,-0.08681177347898483,-0.12066854536533356,-0.15267138183116913,-0.0969458669424057,-0.1470281332731247,-0.17716655135154724,-0.19822469353675842,-0.09775131195783615,-0.13301599025726318,-0.13842977583408356,-0.1481756716966629,-0.10131489485502243,-0.12954947352409363,-0.11763397604227066,-0.11242050677537918,-0.11075462400913239,-0.1302994340658188,-0.12501445412635803,-0.12204007804393768,emergency
0.826062798500061,0.7857496738433838,0.754138708114624,0.7601727843284607,0.7809106111526489,0.7295033931732178,0.7696811556816101,0.7733811736106873,0.7724787592887878,0.7728894352912903,0.8218325972557068,0.8170434832572937,0.8071674704551697,0.8215170502662659,0.8640952110290527,0.8534049987792969,0.8409672975540161,0.8671651482582092,0.8909638524055481,0.8804080486297607,0.8698644638061523,0.30486080050468445,0.3474980890750885,0.39237624406814575,0.4263017773628235,0.4491337835788727,0.3100321292877197,0.4107341766357422,0.40860992670059204,0.38678765296936035,0.2717031240463257,0.39716482162475586,0.3943979740142822,0.37308043241500854,0.24959003925323486,0.3697425127029419,0.3688063621520996,0.34673604369163513,0.2389761507511139,0.3273136615753174,0.3376939296722412,0.3234405517578125,-3.2724628340474737e-07,-0.045598309487104416,-0.08545134216547012,-0.11760594695806503,-0.14855791628360748,-0.09594517201185226,-0.1314609944820404,-0.15556465089321136,-0.17492911219596863,-0.09024950116872787,-0.11601775884628296,-0.12016403675079346,-0.1283293217420578,-0.0852227732539177,-0.11112922430038452,-0.09924524277448654,-0.09224162995815277,-0.08577416837215424,-0.11051273345947266,-0.10755486786365509,-0.1034962460398674,emergency
0.16801369190216064,0.21104995906352997,0.23381474614143372,0.22160230576992035,0.18329069018363953,0.285274863243103,0.22274431586265564,0.21463173627853394,0.23096410930156708,0.2362605333328247,0.1710599958896637,0.1767319142818451,0.1999501734972,0.1813736855983734,0.1279880702495575,0.13863927125930786,0.16271965205669403,0.13029468059539795,0.09837415814399719,0.11180925369262695,0.13362552225589752,0.32536402344703674,0.36931732296943665,0.41787201166152954,0.4623680114746094,0.4763031005859375,0.31683164834976196,0.4054872989654541,0.4297981262207031,0.42472007870674133,0.2772085666656494,0.3920544683933258,0.4057769775390625,0.386874258518219,0.25628426671028137,0.3680686056613922,0.38154369592666626,0.3665601909160614,0.24877780675888062,0.3337728977203369,0.34832602739334106,0.3410487174987793,1.3336752147097286e-07,-0.04579034820199013,-0.08534707874059677,-0.11960878223180771,-0.15301565825939178,-0.0925949439406395,-0.14687398076057434,-0.18304210901260376,-0.2062593400478363,-0.09087249636650085,-0.1279754936695099,-0.13505955040454865,-0.14357002079486847,-0.09274040907621384,-0.12059176713228226,-0.10771852731704712,-0.09880565106868744,-0.10123319923877716,-0.1219724640250206,-0.1172628179192543,-0.11180243641138077,emergency
0.7592524886131287,0.7709630727767944,0.8190696239471436,0.8556172251701355,0.8798410892486572,0.8972821235656738,0.9077901840209961,0.8614781498908997,0.870416522026062,0.9084740281105042,0.9137972593307495,0.8585864305496216,0.8713921904563904,0.907893717288971,0.912338376045227,0.8599610328674316,0.871813178062439,0.9020184874534607,0.9126240015029907,0.8743478059768677,0.8739517331123352,0.8753243684768677,0.7893686890602112,0.703776478767395,0.6408662796020508,0.5950249433517456,0.7510823607444763,0.7310319542884827,0.7529987692832947,0.7610902786254883,0.8065297603607178,0.7862036228179932,0.7983111143112183,0.8049330115318298,0.8612521290779114,0.8441053628921509,0.8456152677536011,0.8490189909934998,0.913232147693634,0.901104748249054,0.8906846046447754,0.8895299434661865,-6.477433203144756e-07,-0.037422195076942444,-0.051356036216020584,-0.06285860389471054,-0.06629668921232224,-0.015927711501717567,-0.04951387271285057,-0.061944760382175446,-0.06946101784706116,-0.014043505303561687,-0.053208157420158386,-0.05586440861225128,-0.0515923947095871,-0.020344531163573265,-0.06112368777394295,-0.04809039831161499,-0.03182242438197136,-0.030224740505218506,-0.05146268010139465,-0.0422026626765728,-0.03215311840176582,takeoff
0.24022571742534637,0.2333255410194397,0.19415012001991272,0.1607525646686554,0.13527639210224152,0.16832023859024048,0.1380169838666916,0.14400677382946014,0.14002294838428497,0.16165785491466522,0.13414815068244934,0.15876808762550354,0.16721148788928986,0.15889978408813477,0.13550344109535217,0.15904021263122559,0.16934335231781006,0.15945957601070404,0.13840940594673157,0.14962869882583618,0.1547403484582901,0.9051446318626404,0.8233518600463867,0.7356958389282227,0.6716586351394653,0.6296505928039551,0.7491603493690491,0.7105273008346558,0.7266680598258972,0.7298561334609985,0.7801191210746765,0.7551538944244385,0.7751575708389282,0.7793163657188416,0.8134958744049072,0.7876368761062622,0.8003785610198975,0.8066306114196777,0.8432361483573914,0.8108840584754944,0.8096899390220642,0.810368537902832,-3.732035054326843e-07,-0.00623665377497673,-0.0042720152996480465,-0.005199818406254053,-0.004128245636820793,0.007827271707355976,-0.010576416738331318,-0.022352853789925575,-0.029659302905201912,0.0015998526941984892,-0.017637956887483597,-0.024812549352645874,-0.02889208309352398,-0.008451596833765507,-0.026577278971672058,-0.021556509658694267,-0.016018051654100418,-0.019336383789777756,-0.02704993076622486,-0.019428521394729614,-0.012847173027694225,takeoff
0.1855112612247467,0.1938742995262146,0.17349648475646973,0.14687296748161316,0.13252763450145721,0.14890722930431366,0.11087255924940109,0.11928833276033401,0.12511709332466125,0.14033283293247223,0.09785941243171692,0.11370997875928879,0.11974485218524933,0.13243767619132996,0.10042360424995422,0.1162930354475975,0.12389189004898071,0.12675893306732178,0.10488218069076538,0.12179268151521683,0.13352996110916138,0.8748834133148193,0.78229820728302,0.6872382164001465,0.6117863059043884,0.5496158599853516,0.7282839417457581,0.7035630345344543,0.7226925492286682,0.7310662269592285,0.781426191329956,0.7554327249526978,0.767058789730072,0.7722479104995728,0.831534743309021,0.806360125541687,0.8121756315231323,0.8167920112609863,0.8780471086502075,0.8586111664772034,0.858278751373291,0.8619271516799927,-3.6605743503059784e-07,-0.030289234593510628,-0.04736579209566116,-0.06041203439235687,-0.07173275947570801,-0.06016678735613823,-0.09595676511526108,-0.11354478448629379,-0.12435848265886307,-0.06215669587254524,-0.0936364009976387,-0.10252603143453598,-0.11217597872018814,-0.06677816063165665,-0.10266648232936859,-0.10225503146648407,-0.10090377926826477,-0.07263193279504776,-0.09894771128892899,-0.0989091694355011,-0.09848972409963608,takeoff
0.22297403216362,0.23627321422100067,0.2107507288455963,0.16356173157691956,0.12052842974662781,0.20583565533161163,0.18945714831352234,0.17452239990234375,0.1611596941947937,0.18133842945098877,0.11539386957883835,0.12452630698680878,0.1510927379131317,0.15904861688613892,0.10719603300094604,0.12323107570409775,0.14792951941490173,0.14055293798446655,0.10556584596633911,0.11943162977695465,0.13949459791183472,0.8778933882713318,0.8062292337417603,0.7344304323196411,0.7043916583061218,0.694254457950592,0.6939218044281006,0.6132106184959412,0.5613518953323364,0.5165373086929321,0.7278928160667419,0.6952359676361084,0.738716185092926,0.7578475475311279,0.7783277034759521,0.7649434804916382,0.797714352607727,0.8043064475059509,0.8344389200210571,0.8354536294937134,0.8529157042503357,0.8541487455368042,8.004950302620273e-08,-0.01754976622760296,-0.03373472020030022,-0.05211673676967621,-0.07197047770023346,-0.038470860570669174,-0.07159657776355743,-0.09081993252038956,-0.10638990253210068,-0.05160645395517349,-0.09548050910234451,-0.10393086820840836,-0.10441505163908005,-0.06675755977630615,-0.10791025310754776,-0.09659009426832199,-0.08280223608016968,-0.08375587314367294,-0.11133014410734177,-0.10188301652669907,-0.09100645780563354,takeoff
0.814277708530426,0.8183925151824951,0.7989712357521057,0.7781098484992981,0.7696370482444763,0.814441442489624,0.7428494691848755,0.7515549063682556,0.7782583832740784,0.8115748167037964,0.7147084474563599,0.741797924041748,0.7831658720970154,0.8010892868041992,0.7158792614936829,0.7430883049964905,0.7818915843963623,0.7890214323997498,0.7250837087631226,0.7424837946891785,0.7705239057540894,0.753476083278656,0.6711885333061218,0.5877410769462585,0.5267441272735596,0.47520244121551514,0.6499714255332947,0.6349203586578369,0.6555439233779907,0.6611093878746033,0.7171053886413574,0.6912651062011719,0.7093851566314697,0.7087770700454712,0.7704721689224243,0.7484588623046875,0.7586356401443481,0.7585659027099609,0.814845085144043,0.8007364273071289,0.8059617280960083,0.8081108331680298,-3.90573319464238e-07,-0.027233049273490906,-0.04005024582147598,-0.04945605248212814,-0.05582110211253166,-0.0438762865960598,-0.07461095601320267,-0.09191334992647171,-0.10249080508947372,-0.046605128794908524,-0.07374962419271469,-0.07894756644964218,-0.08460882306098938,-0.052172090858221054,-0.08043181896209717,-0.07235907018184662,-0.06509986519813538,-0.05970066785812378,-0.07966657727956772,-0.07206851243972778,-0.06449895352125168,takeoff
0.1380760669708252,0.15365400910377502,0.1950322389602661,0.2170582413673401,0.2153252363204956,0.19055941700935364,0.288517028093338,0.258556991815567,0.21948353946208954,0.19800004363059998,0.3006170094013214,0.2684818208217621,0.23089469969272614,0.21131715178489685,0.3019833564758301,0.2715281844139099,0.23791906237602234,0.22782287001609802,0.2966517210006714,0.26934733986854553,0.239143967628479,0.7949015498161316,0.715145468711853,0.6076023578643799,0.5314318537712097,0.47121626138687134,0.6596501469612122,0.6325322389602661,0.6406169533729553,0.6483206748962402,0.7263555526733398,0.689662754535675,0.6938565969467163,0.7078776955604553,0.784516453742981,0.7428812980651855,0.7474249005317688,0.7605065703392029,0.8325833678245544,0.7879887223243713,0.7911771535873413,0.8055678606033325,-6.100513587625755e-07,-0.024792879819869995,-0.04771345481276512,-0.06374242901802063,-0.0749809741973877,-0.09416662156581879,-0.1267479658126831,-0.13244792819023132,-0.1318267285823822,-0.09521957486867905,-0.11771705746650696,-0.1054479256272316,-0.09916970133781433,-0.09490485489368439,-0.11010359227657318,-0.08523298054933548,-0.07070136070251465,-0.09542405605316162,-0.0982353687286377,-0.07626362144947052,-0.06362517923116684,takeoff
0.7824264168739319,0.7846018671989441,0.7838922739028931,0.7797892093658447,0.7772070169448853,0.8066409826278687,0.7409719228744507,0.739721417427063,0.7617010474205017,0.80192631483078,0.7060190439224243,0.7162089943885803,0.7491684556007385,0.7893287539482117,0.6979895234107971,0.7152771353721619,0.7460728287696838,0.7748905420303345,0.7067602276802063,0.7185309529304504,0.7446416020393372,0.8587578535079956,0.7986480593681335,0.7351092100143433,0.6946895122528076,0.6672229170799255,0.7571223974227905,0.7138200998306274,0.7060052156448364,0.6950867176055908,0.805747389793396,0.7689942121505737,0.7795116305351257,0.7817896604537964,0.8476897478103638,0.8159648180007935,0.8257231116294861,0.834283709526062,0.88472580909729,0.8540168404579163,0.8607475161552429,0.8715947270393372,-2.0358639574169501e-07,-0.017053622752428055,-0.03114507347345352,-0.04184817522764206,-0.051749251782894135,-0.046218182891607285,-0.0704125389456749,-0.0874762162566185,-0.10003115981817245,-0.04905565455555916,-0.06681236624717712,-0.06998361647129059,-0.07512334734201431,-0.05226270854473114,-0.06462027132511139,-0.055089522153139114,-0.050544168800115585,-0.057368673384189606,-0.07134709507226944,-0.06636126339435577,-0.06141410768032074,takeoff
0.18868352472782135,0.19202649593353271,0.19006145000457764,0.18735812604427338,0.1885281801223755,0.19884639978408813,0.1935877799987793,0.19024716317653656,0.18833544850349426,0.19211611151695251,0.1557721197605133,0.15752950310707092,0.17130489647388458,0.18211427330970764,0.15210077166557312,0.1557832956314087,0.1696566939353943,0.17147786915302277,0.15101489424705505,0.15729883313179016,0.17144788801670074,0.7036084532737732,0.6548770070075989,0.6015732288360596,0.5610167980194092,0.529508650302887,0.614271342754364,0.5763023495674133,0.548926591873169,0.526165246963501,0.6364762187004089,0.621890127658844,0.630698561668396,0.6340667009353638,0.6627790331840515,0.6509608626365662,0.6559224128723145,0.6569175720214844,0.6891902089118958,0.681382954120636,0.6831459999084473,0.6834326982498169,-8.635582560145849e-08,-0.009009890258312225,-0.01366652362048626,-0.01898208074271679,-0.02488480508327484,-0.01924484223127365,-0.034390535205602646,-0.0427100770175457,-0.049648467451334,-0.024410493671894073,-0.04417341202497482,-0.04679436609148979,-0.04772164672613144,-0.03095732256770134,-0.05154287442564964,-0.04751750826835632,-0.04250252619385719,-0.03826020658016205,-0.05411101505160332,-0.053320758044719696,-0.050944093614816666,takeoff
0.8109470009803772,0.7976239323616028,0.8041142225265503,0.8096296787261963,0.8122255802154541,0.8484157919883728,0.8097939491271973,0.7970477342605591,0.8059923648834229,0.8591209650039673,0.8100510835647583,0.7978904247283936,0.8082820773124695,0.8587784171104431,0.8152433037757874,0.8033970594406128,0.8118476271629333,0.8533952236175537,0.8229144811630249,0.810957133769989,0.8136594891548157,0.6833943724632263,0.6404681205749512,0.5906227827072144,0.5528979301452637,0.5189487338066101,0.609053373336792,0.6119389533996582,0.625105082988739,0.6267353296279907,0.6420303583145142,0.6435557007789612,0.6507419943809509,0.6509838700294495,0.6745383143424988,0.6744126081466675,0.6779022812843323,0.6785348057746887,0.7021239399909973,0.7044730186462402,0.704131543636322,0.7046286463737488,-4.444670480552304e-07,-0.027829019352793694,-0.04054579511284828,-0.04875760152935982,-0.05409061908721924,-0.03641371801495552,-0.05443191900849342,-0.06318115442991257,-0.06943315267562866,-0.032503243535757065,-0.04854561388492584,-0.05127893388271332,-0.054445840418338776,-0.031021930277347565,-0.050714265555143356,-0.04763120040297508,-0.044283077120780945,-0.03184755519032478,-0.04740448296070099,-0.04682284593582153,-0.04506189003586769,takeoff
0.7600239515304565,0.7599254846572876,0.7276127934455872,0.7032861709594727,0.6981917023658752,0.7177696824073792,0.6407443284988403,0.6627923250198364,0.693612277507782,0.705906093120575,0.6384233832359314,0.6620013117790222,0.6882627010345459,0.6958308219909668,0.6442818641662598,0.6641117930412292,0.6877895593643188,0.6875211000442505,0.6460350155830383,0.6642867922782898,0.6865302920341492,0.8204717636108398,0.7573825120925903,0.6798973083496094,0.6234503984451294,0.5801331996917725,0.7164561748504639,0.7098725438117981,0.7168980836868286,0.715761125087738,0.7678086161613464,0.7596333026885986,0.7571961283683777,0.7589802742004395,0.8137928247451782,0.7997521162033081,0.7986677885055542,0.8012179732322693,0.8511117100715637,0.8307796120643616,0.831709623336792,0.8369120359420776,-2.712495117407343e-08,-0.02071564830839634,-0.03414557874202728,-0.0427064523100853,-0.05013462156057358,-0.05614131689071655,-0.0804237499833107,-0.08997078984975815,-0.0934496521949768,-0.054990969598293304,-0.07249455899000168,-0.06944410502910614,-0.06911833584308624,-0.054412733763456345,-0.07093893736600876,-0.059581950306892395,-0.05178825929760933,-0.05469620227813721,-0.06604274362325668,-0.05660296604037285,-0.04875010997056961,takeoff
0.2153995931148529,0.23189976811408997,0.2727523148059845,0.2966260313987732,0.30440056324005127,0.29067763686180115,0.35767003893852234,0.33154210448265076,0.303401380777359,0.2981110215187073,0.3609733283519745,0.337476909160614,0.307033896446228,0.30224040150642395,0.3548983037471771,0.33480873703956604,0.30722033977508545,0.30583393573760986,0.3511034846305847,0.333351194858551,0.3101881742477417,0.821351170539856,0.7563414573669434,0.6855639815330505,0.6321665644645691,0.5898551940917969,0.7262232303619385,0.7122179269790649,0.7203794121742249,0.7248461842536926,0.7770230770111084,0.7593729496002197,0.7623346447944641,0.7668130993843079,0.8213935494422913,0.7985438704490662,0.8010777831077576,0.8071667551994324,0.8582300543785095,0.8349177837371826,0.8357577323913574,0.843518853187561,-3.722379062764958e-07,-0.017044955864548683,-0.033531296998262405,-0.04652082175016403,-0.056155990809202194,-0.048955343663692474,-0.06649285554885864,-0.07049153000116348,-0.0707954540848732,-0.049129974097013474,-0.062134999781847,-0.05995725095272064,-0.05845582112669945,-0.04858728125691414,-0.05616123974323273,-0.04499966651201248,-0.03831831365823746,-0.04867953062057495,-0.05153021588921547,-0.03979448229074478,-0.03188583627343178,takeoff
0.4859255254268646,0.49749836325645447,0.5214511156082153,0.5448613166809082,0.5559804439544678,0.5737647414207458,0.585803747177124,0.5696117877960205,0.5535659790039062,0.5809876322746277,0.5809419751167297,0.5647509694099426,0.5504550933837891,0.5780984163284302,0.5809080600738525,0.5663014650344849,0.5511646866798401,0.5718743801116943,0.5784512162208557,0.5657389760017395,0.5526441335678101,0.8571431636810303,0.8015093207359314,0.7611583471298218,0.7289942502975464,0.7019965648651123,0.7935822606086731,0.7861207127571106,0.7882230281829834,0.7931950092315674,0.8245624899864197,0.8133842349052429,0.8141042590141296,0.8214841485023499,0.8538432121276855,0.8425142168998718,0.8416768312454224,0.8461119532585144,0.8813156485557556,0.8741335272789001,0.8709653615951538,0.8728816509246826,-2.8243647420822526e-07,-0.007002675905823708,-0.016003338620066643,-0.02503199130296707,-0.03336263820528984,-0.008595879189670086,-0.009019612334668636,-0.011590369045734406,-0.014748823828995228,-0.009575581178069115,-0.005986308678984642,-0.007711372803896666,-0.012160532176494598,-0.010287110693752766,-0.007744326256215572,-0.0073189083486795425,-0.009923147037625313,-0.011740580201148987,-0.009698223322629929,-0.005614155903458595,-0.0033338668290525675,takeoff
0.5098817944526672,0.5086097717285156,0.47946906089782715,0.45207300782203674,0.44211533665657043,0.4264679551124573,0.42073923349380493,0.43912914395332336,0.45069998502731323,0.41478443145751953,0.42430031299591064,0.4408588409423828,0.45232903957366943,0.41512683033943176,0.428144633769989,0.44293513894081116,0.45393678545951843,0.4206671118736267,0.43474167585372925,0.4490414559841156,0.4583597183227539,0.8705927729606628,0.8102452158927917,0.7609586715698242,0.7235196232795715,0.6886266469955444,0.7882608771324158,0.7890747785568237,0.7975597381591797,0.8038145899772644,0.8244919776916504,0.8253648281097412,0.8278616666793823,0.8329097032546997,0.8582850098609924,0.8547989130020142,0.8541404008865356,0.8555639982223511,0.8853832483291626,0.8807681798934937,0.8795956969261169,0.8806747794151306,-3.431801687270308e-08,-0.006571450736373663,-0.012352390214800835,-0.017528189346194267,-0.023047031834721565,-0.013868611305952072,-0.021047722548246384,-0.028969082981348038,-0.03493434190750122,-0.014977093786001205,-0.012633035890758038,-0.015605349093675613,-0.02261580526828766,-0.015729837119579315,-0.014423894695937634,-0.01306326873600483,-0.016072038561105728,-0.01714751124382019,-0.015902044251561165,-0.010885228402912617,-0.008558508940041065,takeoff
0.18737547099590302,0.18198180198669434,0.1538911610841751,0.12986956536769867,0.12173585593700409,0.12462214380502701,0.10163657367229462,0.12643752992153168,0.13753417134284973,0.11723419278860092,0.09942425787448883,0.12891806662082672,0.13706567883491516,0.11429469287395477,0.09662754833698273,0.12286333739757538,0.1314127892255783,0.11215884238481522,0.09768568724393845,0.11298159509897232,0.11903004348278046,0.7979337573051453,0.747052788734436,0.7005571126937866,0.6682784557342529,0.6407765746116638,0.7262340188026428,0.722042441368103,0.7346590161323547,0.7375327944755554,0.7565500736236572,0.7530139088630676,0.761196494102478,0.7624112963676453,0.783972978591919,0.7822009921073914,0.7870796918869019,0.7864603996276855,0.8086471557617188,0.8118342161178589,0.8123385310173035,0.8119842410087585,-1.5888291216015205e-07,-0.01231539435684681,-0.015824489295482635,-0.019043488427996635,-0.01998155005276203,-0.008465767838060856,-0.0245857834815979,-0.03397853672504425,-0.039231885224580765,-0.009720059111714363,-0.024140823632478714,-0.028923399746418,-0.03252789005637169,-0.013692561537027359,-0.02941926382482052,-0.026321856305003166,-0.023144608363509178,-0.018708305433392525,-0.02688407339155674,-0.022801069542765617,-0.019562609493732452,takeoff
0.8157593607902527,0.8249537348747253,0.8485220670700073,0.8680225014686584,0.8761905431747437,0.8809505701065063,0.8963161706924438,0.8692773580551147,0.865205705165863,0.8861966729164124,0.8984378576278687,0.8663763403892517,0.8649647235870361,0.8879948258399963,0.9054480791091919,0.8756185173988342,0.8708042502403259,0.8866532444953918,0.906036913394928,0.8850665092468262,0.8765129446983337,0.7852603197097778,0.7397860884666443,0.7008848786354065,0.6702929139137268,0.6429839730262756,0.7291982769966125,0.7301679849624634,0.73735111951828,0.7388303875923157,0.7601802349090576,0.7575689554214478,0.760567307472229,0.7596734762191772,0.7891653180122375,0.7852099537849426,0.7851036787033081,0.7837364077568054,0.8144947290420532,0.8142119646072388,0.8103769421577454,0.80777907371521,-3.8587654671573546e-07,-0.017663123086094856,-0.028058014810085297,-0.03788316994905472,-0.04466414451599121,-0.015604640357196331,-0.0304954145103693,-0.034825026988983154,-0.037360623478889465,-0.016169670969247818,-0.03283198922872543,-0.03355243057012558,-0.032637204974889755,-0.019470134750008583,-0.03744278475642204,-0.029295705258846283,-0.021442007273435593,-0.02431308850646019,-0.033428292721509933,-0.0253690667450428,-0.01849844679236412,takeoff
0.4899069666862488,0.49973440170288086,0.5238930583000183,0.5475327968597412,0.5609851479530334,0.5769262909889221,0.5701257586479187,0.5494253635406494,0.535899817943573,0.5818823575973511,0.5709177851676941,0.5518904328346252,0.5373421311378479,0.5762776136398315,0.5659010410308838,0.5483874082565308,0.5332928895950317,0.5673542022705078,0.5593073964118958,0.5433319807052612,0.530383825302124,0.8160949945449829,0.7614151835441589,0.7194848656654358,0.685177743434906,0.6562783718109131,0.7517938017845154,0.731342613697052,0.7374057769775391,0.7487651705741882,0.784881055355072,0.7633374929428101,0.766331672668457,0.7773163914680481,0.8131039142608643,0.7921290993690491,0.7944702506065369,0.8027686476707458,0.837101399898529,0.8209176659584045,0.8202511668205261,0.8260838389396667,-2.9441378046612954e-07,-0.012555518187582493,-0.02515622042119503,-0.03594521805644035,-0.04632396996021271,-0.022937076166272163,-0.027130017057061195,-0.03135892376303673,-0.035503827035427094,-0.021835673600435257,-0.02240792103111744,-0.025059416890144348,-0.02978634648025036,-0.019805381074547768,-0.020569249987602234,-0.020480463281273842,-0.02297765016555786,-0.018792888149619102,-0.019443852826952934,-0.016360439360141754,-0.014510503970086575,takeoff
0.5011853575706482,0.5040053129196167,0.4781791567802429,0.44898632168769836,0.43735066056251526,0.42690131068229675,0.43464383482933044,0.4548461139202118,0.4650900959968567,0.4181402325630188,0.43759676814079285,0.4584231674671173,0.4711049199104309,0.4197663366794586,0.4411492645740509,0.46043661236763,0.47282683849334717,0.42565885186195374,0.4449310004711151,0.4625168442726135,0.4735856354236603,0.8211699724197388,0.7649480700492859,0.7168727517127991,0.6825228333473206,0.6472281217575073,0.7420048117637634,0.7410071492195129,0.7486238479614258,0.7549239993095398,0.7784458994865417,0.7759489417076111,0.7790008783340454,0.7859167456626892,0.8106943368911743,0.8070746064186096,0.8055326342582703,0.807995080947876,0.8361257910728455,0.8299087285995483,0.8281452655792236,0.8299490809440613,-3.680353444224238e-08,-0.011417921632528305,-0.018620405346155167,-0.025108104571700096,-0.03183668851852417,-0.011659151874482632,-0.021414848044514656,-0.032643891870975494,-0.04110236465930939,-0.011774868704378605,-0.016278469935059547,-0.024502653628587723,-0.033531058579683304,-0.012413367629051208,-0.01773875392973423,-0.018519742414355278,-0.020967941731214523,-0.014122319407761097,-0.018314694985747337,-0.01509682834148407,-0.012868119403719902,takeoff
0.2060065120458603,0.23077963292598724,0.23556841909885406,0.20937450230121613,0.18381361663341522,0.23949028551578522,0.25457149744033813,0.2639913856983185,0.26872026920318604,0.2103268802165985,0.2000015676021576,0.1950836181640625,0.18689581751823425,0.18576303124427795,0.17682591080665588,0.1893751323223114,0.19742873311042786,0.16766655445098877,0.16532441973686218,0.177232027053833,0.18711872398853302,0.6931761503219604,0.6698534488677979,0.6201930046081543,0.5823765993118286,0.5526225566864014,0.5610246062278748,0.5007413625717163,0.4620351195335388,0.430361807346344,0.5609839558601379,0.4934424161911011,0.4560356140136719,0.4270678758621216,0.5764946937561035,0.5459368824958801,0.5792009234428406,0.6015918850898743,0.5997223258018494,0.5763207077980042,0.6008307337760925,0.6199759244918823,3.3015155054272327e-07,-0.02883579023182392,-0.039097242057323456,-0.047588150948286057,-0.05433785915374756,-0.01823495700955391,-0.03248020261526108,-0.04121612757444382,-0.046858660876750946,-0.016207991167902946,-0.03426342457532883,-0.04535744711756706,-0.049368150532245636,-0.01759221777319908,-0.04951391741633415,-0.05831334367394447,-0.053781043738126755,-0.020585784688591957,-0.04814496636390686,-0.05197451636195183,-0.04758225008845329,forward
0.7920082211494446,0.7714757323265076,0.765346109867096,0.7903285026550293,0.8120938539505005,0.7609533071517944,0.7411606311798096,0.7307330965995789,0.7249057292938232,0.7908890843391418,0.7960085272789001,0.8035839796066284,0.812079906463623,0.8141574263572693,0.8235681056976318,0.8130250573158264,0.8068726062774658,0.8322858810424805,0.8374317288398743,0.827491819858551,0.8196668028831482,0.7037388682365417,0.6678960919380188,0.6196190118789673,0.5835565328598022,0.5535071492195129,0.5603438019752502,0.496466726064682,0.4584982693195343,0.4277348518371582,0.5640794634819031,0.49455124139785767,0.45562273263931274,0.4244621992111206,0.5821290612220764,0.5572786331176758,0.5922646522521973,0.614321231842041,0.6053633093833923,0.5839210152626038,0.6065049767494202,0.622178852558136,1.1958299239722692e-07,-0.03298257291316986,-0.038672398775815964,-0.04068021476268768,-0.03970731049776077,-0.010634508915245533,-0.025281600654125214,-0.03494693338871002,-0.03967037796974182,-0.003784039057791233,-0.01799578033387661,-0.026352547109127045,-0.0283250343054533,-0.002036498626694083,-0.032410722225904465,-0.039140861481428146,-0.03275863826274872,-0.002436494454741478,-0.02696779929101467,-0.026941025629639626,-0.019860995933413506,forward
0.30704250931739807,0.2853945791721344,0.2939809262752533,0.32017698884010315,0.34224754571914673,0.28832271695137024,0.28734248876571655,0.2855921685695648,0.2849569618701935,0.31166911125183105,0.3309597671031952,0.34557291865348816,0.3598383963108063,0.33450794219970703,0.3547738194465637,0.3479491174221039,0.3416174054145813,0.35702937841415405,0.36521801352500916,0.3567774295806885,0.35116639733314514,0.6172211766242981,0.5727084279060364,0.5307505130767822,0.5092452764511108,0.4973820149898529,0.5044370293617249,0.43758195638656616,0.39516395330429077,0.3631604313850403,0.5128640532493591,0.44391119480133057,0.40846797823905945,0.38061589002609253,0.5272331237792969,0.4698942303657532,0.4855342209339142,0.5026743412017822,0.5451671481132507,0.5107407569885254,0.522259533405304,0.5357301831245422,1.6106261568893387e-07,0.004164694808423519,0.0025257400702685118,-0.0006463226163759828,-0.0029747523367404938,-0.012241166085004807,-0.02751554362475872,-0.03676649555563927,-0.041717275977134705,-0.019620828330516815,-0.031064989045262337,-0.03729986771941185,-0.04080858454108238,-0.025678124278783798,-0.04010242968797684,-0.037146154791116714,-0.030382996425032616,-0.030851958319544792,-0.03939454257488251,-0.03178093582391739,-0.022454312071204185,forward
0.17141319811344147,0.18802480399608612,0.18626722693443298,0.15448080003261566,0.13507625460624695,0.19162382185459137,0.19778208434581757,0.20234230160713196,0.20307935774326324,0.16703882813453674,0.15662617981433868,0.1483170986175537,0.1399265080690384,0.14724306762218475,0.12898941338062286,0.14096519351005554,0.1544542908668518,0.13261164724826813,0.12100008130073547,0.13100877404212952,0.14411421120166779,0.6381455659866333,0.6111555099487305,0.5730971097946167,0.5396779179573059,0.5110446810722351,0.5048344135284424,0.44786739349365234,0.4128265380859375,0.38379716873168945,0.5071272253990173,0.44964632391929626,0.4156910181045532,0.3891501724720001,0.5226103067398071,0.5081961154937744,0.5366734862327576,0.5562761425971985,0.5446601510047913,0.5321310758590698,0.5543007850646973,0.5716870427131653,2.5925834279405535e-07,-0.027906712144613266,-0.039091289043426514,-0.04858088120818138,-0.055574048310518265,-0.015881547704339027,-0.030711323022842407,-0.0400756299495697,-0.045353349298238754,-0.01347477175295353,-0.03145815432071686,-0.041466861963272095,-0.044245049357414246,-0.01500004343688488,-0.04375700652599335,-0.051816001534461975,-0.04739490523934364,-0.01846909709274769,-0.040505751967430115,-0.04289718344807625,-0.03830384090542793,forward
0.5312151908874512,0.5179638266563416,0.5354234576225281,0.5662778615951538,0.5897617936134338,0.5457946062088013,0.5584132671356201,0.5643249154090881,0.5717808604240417,0.5720860958099365,0.593943178653717,0.6058290600776672,0.6178230047225952,0.5924911499023438,0.605204701423645,0.5901138186454773,0.5789322853088379,0.6083930134773254,0.6104328036308289,0.5982361435890198,0.5890848636627197,0.7205374836921692,0.6654487252235413,0.6234781742095947,0.606544554233551,0.6041455864906311,0.5966355800628662,0.5350596308708191,0.500201940536499,0.4757787585258484,0.6070838570594788,0.5464909672737122,0.5107658505439758,0.4852137565612793,0.6235660910606384,0.581897497177124,0.5946512222290039,0.6105784177780151,0.6420161724090576,0.6115453839302063,0.6194248795509338,0.6334164142608643,-2.2225542295473133e-08,-0.004758827853947878,-0.007894733920693398,-0.011916523799300194,-0.015820970758795738,-0.010265510529279709,-0.018554924055933952,-0.02260671742260456,-0.02479415014386177,-0.013551421463489532,-0.021749474108219147,-0.026696253567934036,-0.029309023171663284,-0.016612587496638298,-0.028687115758657455,-0.030012503266334534,-0.026768652722239494,-0.019805243238806725,-0.027572689577937126,-0.024004599079489708,-0.018266936764121056,forward
0.7906201481819153,0.7748686075210571,0.7670015096664429,0.777420163154602,0.7862345576286316,0.7447062730789185,0.7227238416671753,0.710275411605835,0.7017983794212341,0.7633758187294006,0.7473717927932739,0.7439343333244324,0.7410589456558228,0.7808825969696045,0.7820799350738525,0.7862155437469482,0.7852441668510437,0.7987805008888245,0.7978677153587341,0.7970647215843201,0.7929789423942566,0.38641709089279175,0.3470502495765686,0.29912880063056946,0.25862210988998413,0.22784799337387085,0.26571449637413025,0.22100737690925598,0.1974589228630066,0.17553022503852844,0.26143479347229004,0.20039016008377075,0.16780154407024384,0.14060938358306885,0.26738783717155457,0.22493624687194824,0.24269843101501465,0.2581648826599121,0.2785055339336395,0.2429395318031311,0.24493256211280823,0.2481512725353241,2.640848961732445e-08,-0.01873866841197014,-0.01930767484009266,-0.018484005704522133,-0.01566326804459095,0.0005689303507097065,-0.005932285450398922,-0.012402328662574291,-0.016714757308363914,0.003545893356204033,-0.003481881460174918,-0.011999641545116901,-0.01759170927107334,0.003183552296832204,-0.014436225406825542,-0.023187993094325066,-0.024261852726340294,0.0015975700225681067,-0.011531349271535873,-0.014254715293645859,-0.013728650286793709,forward
0.1909208595752716,0.2493230104446411,0.273744136095047,0.22565624117851257,0.16510994732379913,0.2549358606338501,0.28163403272628784,0.3020665645599365,0.31443968415260315,0.18515047430992126,0.14289610087871552,0.12139926105737686,0.10122248530387878,0.12757696211338043,0.13196873664855957,0.16123662889003754,0.17625033855438232,0.08602425456047058,0.09676027297973633,0.12867018580436707,0.14905929565429688,0.8339335322380066,0.8011733293533325,0.7218806743621826,0.6679036021232605,0.6217786073684692,0.5395321846008301,0.4035069942474365,0.3138415813446045,0.23909345269203186,0.5464929342269897,0.39629489183425903,0.3051280975341797,0.2341265082359314,0.5885013341903687,0.5404515266418457,0.5950049757957458,0.6266389489173889,0.6486874222755432,0.6322791576385498,0.690984308719635,0.7295072078704834,1.0627894653225667e-06,-0.06506577134132385,-0.09368769824504852,-0.11999164521694183,-0.14254936575889587,-0.04822249710559845,-0.09096591174602509,-0.11727730184793472,-0.13442088663578033,-0.051507506519556046,-0.10867150127887726,-0.14387694001197815,-0.15774782001972198,-0.06262236833572388,-0.15084592998027802,-0.1773129403591156,-0.17001676559448242,-0.07725188136100769,-0.15439078211784363,-0.16650497913360596,-0.15671539306640625,forward
0.2339334338903427,0.2675888240337372,0.2832048833370209,0.271037220954895,0.24752207100391388,0.2754265367984772,0.2909041941165924,0.2992666959762573,0.3066772222518921,0.2455008625984192,0.23936128616333008,0.23715563118457794,0.2339530736207962,0.21833211183547974,0.22132247686386108,0.22955577075481415,0.2316056191921234,0.194259911775589,0.19899478554725647,0.209289088845253,0.21297705173492432,0.6023280620574951,0.5803843140602112,0.5326992273330688,0.4917445480823517,0.46197646856307983,0.4636656939983368,0.39454370737075806,0.3511451184749603,0.31423085927963257,0.4596780240535736,0.3846544027328491,0.3409397602081299,0.30750083923339844,0.4714338481426239,0.4178110957145691,0.45763394236564636,0.49016961455345154,0.4955604374408722,0.4573531746864319,0.4848092198371887,0.5105167031288147,3.4612438071235374e-07,-0.024291260167956352,-0.03463088348507881,-0.04499727115035057,-0.05420306324958801,-0.015804553404450417,-0.03201083466410637,-0.0442061685025692,-0.05327799543738365,-0.018735868856310844,-0.04003260284662247,-0.055293697863817215,-0.06338909268379211,-0.02428264729678631,-0.05842083692550659,-0.0624534972012043,-0.05497857928276062,-0.03161173686385155,-0.062395282089710236,-0.06310747563838959,-0.05598635971546173,forward
0.7609872221946716,0.733852744102478,0.719210147857666,0.7333995699882507,0.7558624148368835,0.7262427806854248,0.7046722173690796,0.6963940262794495,0.6940538883209229,0.7578629851341248,0.7592331171035767,0.76207035779953,0.7644504308700562,0.7849543690681458,0.7853708267211914,0.7723565697669983,0.7646982073783875,0.8075327277183533,0.806668221950531,0.7949429154396057,0.7877610325813293,0.6167576313018799,0.5791240930557251,0.5331400632858276,0.4909915626049042,0.4570096433162689,0.4603176712989807,0.3899906277656555,0.34965527057647705,0.31577783823013306,0.4604090452194214,0.3831911087036133,0.3406314551830292,0.30812665820121765,0.47549742460250854,0.4243476986885071,0.4605785310268402,0.49144500494003296,0.4999309778213501,0.4600478708744049,0.479033499956131,0.5010510087013245,9.968535863436045e-08,-0.025992022827267647,-0.03784102201461792,-0.050618976354599,-0.06142408028244972,-0.01148996502161026,-0.031583271920681,-0.045426011085510254,-0.05421346426010132,-0.013135994784533978,-0.034331314265728,-0.046783093363046646,-0.052369698882102966,-0.019034424796700478,-0.05079137533903122,-0.05428473278880119,-0.047045573592185974,-0.027209755033254623,-0.0519062876701355,-0.050412826240062714,-0.04286405071616173,forward
0.8321974873542786,0.7977380156517029,0.783316433429718,0.8054744005203247,0.8315911889076233,0.7716474533081055,0.7480195164680481,0.7357951402664185,0.729123055934906,0.8030336499214172,0.7841576337814331,0.7785768508911133,0.7785542011260986,0.8345524668693542,0.8344646692276001,0.8311172127723694,0.829750657081604,0.8640486001968384,0.8630169630050659,0.8581523299217224,0.8554368615150452,0.7955635190010071,0.7735158205032349,0.7289097309112549,0.6916600465774536,0.6596636176109314,0.6487035155296326,0.5920695662498474,0.5560264587402344,0.5235898494720459,0.6381935477256775,0.5574769377708435,0.5112714767456055,0.4744889736175537,0.6478573679924011,0.591485857963562,0.6298797130584717,0.6609237194061279,0.6696468591690063,0.6338275671005249,0.6531452536582947,0.6714668273925781,8.888908809012719e-08,-0.034386247396469116,-0.04825492948293686,-0.06059197708964348,-0.07039562612771988,-0.02119678445160389,-0.04291212558746338,-0.05914276838302612,-0.0708448737859726,-0.020517844706773758,-0.04222908243536949,-0.05606885999441147,-0.06345009058713913,-0.024370480328798294,-0.058385591953992844,-0.06382743269205093,-0.058491963893175125,-0.031146235764026642,-0.061066653579473495,-0.06301265954971313,-0.05766458064317703,forward
0.8329848647117615,0.8211596608161926,0.8046412467956543,0.8016464710235596,0.8041985034942627,0.7652828693389893,0.7184945344924927,0.6909011006355286,0.6715902090072632,0.7831777334213257,0.7457931041717529,0.7299982309341431,0.7175139784812927,0.8086663484573364,0.78847736120224,0.7984291315078735,0.8039025068283081,0.8391679525375366,0.8263758420944214,0.8327005505561829,0.8375146985054016,0.6287914514541626,0.6391173005104065,0.6200199127197266,0.5862324833869934,0.5504851341247559,0.5630545020103455,0.5368897318840027,0.5244783163070679,0.509894847869873,0.5355029702186584,0.48122477531433105,0.4472527503967285,0.4206273555755615,0.5237676501274109,0.4770645499229431,0.49596092104911804,0.5174198746681213,0.5223261713981628,0.4881395399570465,0.49949076771736145,0.5184078216552734,-1.2856163245089647e-08,-0.03247735649347305,-0.04905237630009651,-0.06327800452709198,-0.07588391751050949,-0.03868352994322777,-0.05894974619150162,-0.07301337271928787,-0.08341071754693985,-0.03686143085360527,-0.057137295603752136,-0.0692702904343605,-0.07787758857011795,-0.037784889340400696,-0.06815505772829056,-0.07527536153793335,-0.07432842999696732,-0.04044763743877411,-0.06683626770973206,-0.06913217902183533,-0.06625843048095703,forward
0.7806853652000427,0.7767385840415955,0.7938868999481201,0.7991375923156738,0.8075940608978271,0.8238378167152405,0.7571199536323547,0.7581298351287842,0.7815996408462524,0.8290514349937439,0.7458958029747009,0.758579432964325,0.7897847294807434,0.8211287260055542,0.7460597157478333,0.756668210029602,0.7820542454719543,0.8079032301902771,0.7548542618751526,0.7620338201522827,0.7807729244232178,0.880332350730896,0.8341830372810364,0.774269163608551,0.7292563319206238,0.6886557340621948,0.8028585910797119,0.7856928110122681,0.7982027530670166,0.8046926856040955,0.8464233875274658,0.8291845321655273,0.8396917581558228,0.8430241346359253,0.8875043988227844,0.8705389499664307,0.8765259385108948,0.8793307542800903,0.9221118092536926,0.910330057144165,0.9080909490585327,0.908831000328064,-2.8874330837425077e-07,-0.03696002438664436,-0.05620693415403366,-0.068238265812397,-0.0753948912024498,-0.05753380432724953,-0.0868874117732048,-0.10299601405858994,-0.11346745491027832,-0.05079584941267967,-0.07311717420816422,-0.07623475044965744,-0.07960290461778641,-0.04706870764493942,-0.06890640407800674,-0.05853058397769928,-0.049771666526794434,-0.04736248776316643,-0.06707794219255447,-0.06565337628126144,-0.06172861531376839,takeoff
0.17134606838226318,0.2241097092628479,0.2580225467681885,0.25152263045310974,0.21739844977855682,0.24932269752025604,0.25561803579330444,0.2561643123626709,0.2519991397857666,0.21198168396949768,0.23116548359394073,0.25045719742774963,0.26265811920166016,0.17375662922859192,0.17775896191596985,0.19246801733970642,0.2019382119178772,0.1336301863193512,0.13694433867931366,0.158894345164299,0.17491212487220764,0.7812850475311279,0.7575021386146545,0.7103668451309204,0.6590769290924072,0.622072696685791,0.5935912132263184,0.5041778087615967,0.4478915333747864,0.398797869682312,0.5884953141212463,0.48683667182922363,0.42921990156173706,0.3799158036708832,0.6064940690994263,0.5481446981430054,0.593162477016449,0.6312180757522583,0.6427754163742065,0.5959851741790771,0.630391538143158,0.6666743159294128,5.475533271237509e-07,-0.022004295140504837,-0.03435085341334343,-0.0483061857521534,-0.061794545501470566,-0.016297675669193268,-0.03759702667593956,-0.05581304430961609,-0.06912823766469955,-0.02748529054224491,-0.04982202872633934,-0.06969605386257172,-0.08206140249967575,-0.04113923758268356,-0.07652175426483154,-0.08369391411542892,-0.07878778129816055,-0.056882891803979874,-0.08692172169685364,-0.08532826602458954,-0.07757273316383362,forward
0.7840020060539246,0.7440395355224609,0.7247787714004517,0.7255691289901733,0.7350853085517883,0.7261111736297607,0.7140994071960449,0.7097637057304382,0.7095710039138794,0.7539074420928955,0.7503660321235657,0.7519697546958923,0.7525671720504761,0.7822961807250977,0.77740079164505,0.7736597657203674,0.7719488143920898,0.8087570667266846,0.8055781126022339,0.7975966334342957,0.7938121557235718,0.5852169990539551,0.5509741902351379,0.5129362940788269,0.47027406096458435,0.4348321855068207,0.43795478343963623,0.3666207492351532,0.3276306688785553,0.2925729751586914,0.43855589628219604,0.3933066427707672,0.44180095195770264,0.47389665246009827,0.44621679186820984,0.40779250860214233,0.45264342427253723,0.48087063431739807,0.46041879057884216,0.4257167875766754,0.45196372270584106,0.4743855595588684,-2.3305592833366973e-07,-0.020327789708971977,-0.029969658702611923,-0.03948250040411949,-0.04642176255583763,-0.00899327639490366,-0.029272835701704025,-0.04490174353122711,-0.056498121470212936,-0.008136792108416557,-0.03512728214263916,-0.043352898210287094,-0.04263392835855484,-0.010693509131669998,-0.03374176099896431,-0.026090309023857117,-0.014479957520961761,-0.015849770978093147,-0.030234694480895996,-0.02262582816183567,-0.012846890836954117,ascend
0.2186184823513031,0.25369521975517273,0.2767738997936249,0.2763707935810089,0.26193904876708984,0.27435797452926636,0.2856239378452301,0.29076340794563293,0.2920478582382202,0.24650904536247253,0.2460450530052185,0.24542680382728577,0.244693323969841,0.21922989189624786,0.21924756467342377,0.22481423616409302,0.22590364515781403,0.1912384331226349,0.19442100822925568,0.20277729630470276,0.20648007094860077,0.5718910694122314,0.5520427823066711,0.5128034353256226,0.46989351511001587,0.4388478696346283,0.4365818500518799,0.37141817808151245,0.32998624444007874,0.2928802967071533,0.43678122758865356,0.39492061734199524,0.4406930208206177,0.4730914533138275,0.4455004036426544,0.41181835532188416,0.45539066195487976,0.4836588501930237,0.4610101878643036,0.42915546894073486,0.4572964906692505,0.4797804057598114,-5.5885087668627875e-09,-0.021679546684026718,-0.03134940192103386,-0.03940727561712265,-0.046007655560970306,-0.01689080521464348,-0.033089783042669296,-0.04541454836726189,-0.05516866594552994,-0.01619775965809822,-0.04138189181685448,-0.04811231419444084,-0.046666987240314484,-0.01784595102071762,-0.04263341426849365,-0.03660689666867256,-0.02568187192082405,-0.021643653512001038,-0.03923383355140686,-0.03332097455859184,-0.02428300678730011,ascend
0.27975744009017944,0.28876954317092896,0.29034852981567383,0.2836545705795288,0.2759067416191101,0.27453917264938354,0.2691843807697296,0.2701415419578552,0.2709534168243408,0.2656342387199402,0.2607928514480591,0.26517045497894287,0.27044543623924255,0.2563747465610504,0.2553448975086212,0.2618439197540283,0.2685309946537018,0.24663400650024414,0.241806298494339,0.2415059506893158,0.24260470271110535,0.5727435946464539,0.5965394377708435,0.637138307094574,0.6690712571144104,0.6860855221748352,0.6632000207901001,0.6923637986183167,0.6966670155525208,0.7007461786270142,0.66169673204422,0.6894850134849548,0.6850408911705017,0.6857476234436035,0.6570746898651123,0.6801541447639465,0.6661953926086426,0.6576857566833496,0.6502450108528137,0.678310215473175,0.6904847025871277,0.7025564312934875,-1.543437662121505e-07,-0.012451906688511372,-0.014868478290736675,-0.017043612897396088,-0.017410697415471077,0.0025716458912938833,-0.007668576668947935,-0.013951328583061695,-0.01600473001599312,0.004351155366748571,-0.008872389793395996,-0.015474426560103893,-0.01613093726336956,0.003175038145855069,-0.013416705653071404,-0.017845921218395233,-0.015226171351969242,0.0012355786748230457,-0.008923301473259926,-0.011167336255311966,-0.01001665648072958,descend
0.7197666764259338,0.7458781003952026,0.753316342830658,0.7574933767318726,0.7601610422134399,0.6944217085838318,0.7011038661003113,0.7050955891609192,0.7054415941238403,0.6820933222770691,0.7203298211097717,0.7367367148399353,0.7275375127792358,0.680082380771637,0.7223571538925171,0.7375118136405945,0.7241883873939514,0.6848373413085938,0.7187168598175049,0.7312510013580322,0.72174471616745,0.5809810161590576,0.61103355884552,0.6568552851676941,0.6898318529129028,0.7200233936309814,0.690557062625885,0.7305182814598083,0.7574566006660461,0.7823541164398193,0.6848941445350647,0.7191870212554932,0.6896478533744812,0.6688744425773621,0.6732660531997681,0.7010374665260315,0.6705915331840515,0.6529006361961365,0.6578624248504639,0.6807757616043091,0.660230815410614,0.643532931804657,-1.547659138623203e-07,0.005885544698685408,0.003374161897227168,-0.003944143652915955,-0.011232896707952023,0.011448905803263187,-0.0011471145553514361,-0.01019313931465149,-0.01753869652748108,-0.0019715428352355957,-0.020352156832814217,-0.022096145898103714,-0.018410049378871918,-0.017259012907743454,-0.0358673632144928,-0.028509870171546936,-0.019262589514255524,-0.032564613968133926,-0.045000601559877396,-0.039350301027297974,-0.032245934009552,descend
0.20054270327091217,0.2710524797439575,0.2962553799152374,0.3019794821739197,0.2869636118412018,0.19466164708137512,0.19288766384124756,0.20417103171348572,0.20850864052772522,0.1568981558084488,0.26417043805122375,0.2956659197807312,0.28518152236938477,0.142743319272995,0.2605304718017578,0.2838149964809418,0.2704876661300659,0.14634206891059875,0.23943454027175903,0.26205044984817505,0.2536849081516266,0.7339051961898804,0.6553410291671753,0.5720705986022949,0.5078516006469727,0.45583635568618774,0.46506550908088684,0.3527422845363617,0.27087217569351196,0.20613887906074524,0.4819870591163635,0.4503457546234131,0.5292758345603943,0.5781196355819702,0.5204874873161316,0.5184705853462219,0.5937334299087524,0.6315283179283142,0.5722297430038452,0.5541159510612488,0.6043068170547485,0.6371283531188965,2.710218325319147e-07,-0.005388966761529446,-0.02719053253531456,-0.05472025275230408,-0.08054021000862122,-0.04198068380355835,-0.09132452309131622,-0.12143142521381378,-0.13998602330684662,-0.06556710600852966,-0.12510819733142853,-0.12872572243213654,-0.11828523129224777,-0.0909569188952446,-0.14728885889053345,-0.12355111539363861,-0.09308240562677383,-0.11759418249130249,-0.14875589311122894,-0.1249132752418518,-0.09888003766536713,ascend
0.8026021122932434,0.7371141910552979,0.710777997970581,0.6964434385299683,0.6975680589675903,0.808732807636261,0.79679936170578,0.7905125617980957,0.7888230085372925,0.8420813083648682,0.7373881936073303,0.7032518982887268,0.7077346444129944,0.8535416126251221,0.7361137866973877,0.718899667263031,0.7311753034591675,0.849754810333252,0.7552928924560547,0.7404776811599731,0.7558094263076782,0.7597452402114868,0.6688854098320007,0.586898148059845,0.5216689109802246,0.46725788712501526,0.48226502537727356,0.3564073443412781,0.27029818296432495,0.19866496324539185,0.4980587363243103,0.4671386480331421,0.5440626740455627,0.5984072685241699,0.5317621231079102,0.5221545100212097,0.5904558897018433,0.635584831237793,0.5727972984313965,0.5592241883277893,0.6103277206420898,0.6475018262863159,-5.313897872838425e-07,-0.016425196081399918,-0.03970395773649216,-0.06683340668678284,-0.09358170628547668,-0.03492221608757973,-0.0779077485203743,-0.10907886177301407,-0.132612943649292,-0.04761476069688797,-0.10287466645240784,-0.11488204449415207,-0.11400016397237778,-0.0629960373044014,-0.10505333542823792,-0.08739836513996124,-0.06864592432975769,-0.08208368718624115,-0.11082606762647629,-0.09766101837158203,-0.08084332197904587,ascend
0.7797043919563293,0.8123704791069031,0.8068563342094421,0.7741234302520752,0.7316596508026123,0.8194470405578613,0.7996938228607178,0.7816988229751587,0.7668043375015259,0.7854285836219788,0.7219767570495605,0.718188464641571,0.7378250956535339,0.7457033395767212,0.692939817905426,0.7001116871833801,0.7224364876747131,0.7065367102622986,0.6765847206115723,0.6840254664421082,0.701317548751831,0.5781099796295166,0.49965572357177734,0.42806512117385864,0.39121612906455994,0.3750907778739929,0.3683103322982788,0.26163095235824585,0.19645234942436218,0.14352776110172272,0.3796168267726898,0.32459405064582825,0.36339378356933594,0.39159533381462097,0.4007852375507355,0.3596155345439911,0.3931700885295868,0.41556981205940247,0.4253300726413727,0.3987872898578644,0.42735740542411804,0.44902974367141724,-1.6945541858603974e-07,0.02193969488143921,0.014481599442660809,-0.0003808447509072721,-0.019075682386755943,-0.017522452399134636,-0.03584766015410423,-0.04915438964962959,-0.06047043949365616,-0.03841855004429817,-0.0499323308467865,-0.043086711317300797,-0.04175598919391632,-0.05637761577963829,-0.05762302130460739,-0.03812018781900406,-0.030342545360326767,-0.0739680603146553,-0.0732356458902359,-0.05650350823998451,-0.04558844119310379,ascend
0.21842703223228455,0.17855682969093323,0.18112772703170776,0.2175271064043045,0.2564760744571686,0.17806664109230042,0.20115043222904205,0.21797215938568115,0.22772088646888733,0.21822375059127808,0.27427226305007935,0.27439045906066895,0.2610706686973572,0.2610814869403839,0.29620957374572754,0.2900699973106384,0.2768915891647339,0.3011387586593628,0.32023245096206665,0.3114921450614929,0.2990674674510956,0.5837811827659607,0.5050496459007263,0.430661678314209,0.3820796012878418,0.3650629222393036,0.3698723614215851,0.25170329213142395,0.18485666811466217,0.13416922092437744,0.37831631302833557,0.32261940836906433,0.35976889729499817,0.38922566175460815,0.4002455472946167,0.3636711537837982,0.39587831497192383,0.42007923126220703,0.4251934885978699,0.39718392491340637,0.4232853651046753,0.4442267417907715,-2.3202272814160096e-07,0.0048449281603097916,-0.006140383426100016,-0.019876830279827118,-0.032528311014175415,-0.03738374635577202,-0.05906243994832039,-0.06571885198354721,-0.06945469975471497,-0.04821429029107094,-0.06906773149967194,-0.061055559664964676,-0.05225646123290062,-0.05665966868400574,-0.06758987158536911,-0.04744606092572212,-0.032822199165821075,-0.06518511474132538,-0.062427133321762085,-0.04266401007771492,-0.02727499231696129,ascend
0.818962812423706,0.7456476092338562,0.7144263386726379,0.743608295917511,0.8005428910255432,0.7526159286499023,0.7347028851509094,0.7275925874710083,0.7292181253433228,0.8026334643363953,0.7882192730903625,0.7690570950508118,0.7691214680671692,0.8517554998397827,0.8390238881111145,0.8122727870941162,0.8087365627288818,0.8934723138809204,0.8951970934867859,0.861849844455719,0.849586009979248,0.8546414375305176,0.7727451324462891,0.6736480593681335,0.5916765928268433,0.5403114557266235,0.5580639839172363,0.40158969163894653,0.3254883885383606,0.25858938694000244,0.5698539614677429,0.4673377573490143,0.5722779631614685,0.6236933469772339,0.5894056558609009,0.48530715703964233,0.5846967697143555,0.6456472277641296,0.6283426284790039,0.5346232652664185,0.5847814083099365,0.6327931880950928,-7.387957907667442e-07,-0.02426673099398613,-0.04674308001995087,-0.07301877439022064,-0.09682302176952362,-0.03548417240381241,-0.08118440210819244,-0.11306001245975494,-0.137472465634346,-0.04164029285311699,-0.08746098726987839,-0.09155207127332687,-0.08844278007745743,-0.05204744264483452,-0.08612743020057678,-0.05662461742758751,-0.032442718744277954,-0.06684494763612747,-0.09075251966714859,-0.07059381157159805,-0.052611641585826874,ascend
0.27619874477386475,0.31769704818725586,0.32151368260383606,0.3055349588394165,0.288213312625885,0.32744765281677246,0.317302405834198,0.3095235228538513,0.3065659701824188,0.29161858558654785,0.28176912665367126,0.2827974855899811,0.2871367037296295,0.25878316164016724,0.2528623938560486,0.2551358640193939,0.2587074637413025,0.22888268530368805,0.22992278635501862,0.23491880297660828,0.2388480007648468,0.45954614877700806,0.5080748796463013,0.5598500967025757,0.599488377571106,0.623914897441864,0.5895800590515137,0.671482503414154,0.7175309062004089,0.7498728036880493,0.5862935185432434,0.6624364852905273,0.6378125548362732,0.6101006865501404,0.5761820077896118,0.6509057879447937,0.6282630562782288,0.6028602719306946,0.563469409942627,0.623039186000824,0.6122891902923584,0.5955978631973267,-1.853823334840854e-07,0.011499597690999508,0.011171174235641956,0.009696516208350658,0.00704358471557498,-0.015237760730087757,-0.027913717553019524,-0.033616986125707626,-0.036634914577007294,-0.02278296835720539,-0.03144040331244469,-0.02420419082045555,-0.016767648980021477,-0.02836316078901291,-0.03354807570576668,-0.020273128524422646,-0.009716382250189781,-0.03223227337002754,-0.03578171879053116,-0.024821195751428604,-0.015003394335508347,descend
0.3010435104370117,0.34433215856552124,0.3459778428077698,0.32774025201797485,0.30743736028671265,0.3524741530418396,0.3453703224658966,0.3429228365421295,0.3433839976787567,0.31476959586143494,0.3002331554889679,0.30781739950180054,0.316753089427948,0.2808796465396881,0.2786293923854828,0.28393444418907166,0.2864455282688141,0.25033506751060486,0.2542960047721863,0.26032155752182007,0.26175785064697266,0.4287037253379822,0.4845518469810486,0.5404414534568787,0.5840499997138977,0.6101067066192627,0.5787140727043152,0.6718065738677979,0.7311962842941284,0.7740797996520996,0.5748389363288879,0.6522889733314514,0.6331747770309448,0.6065859794616699,0.5616248846054077,0.6201579570770264,0.5981218814849854,0.5766741633415222,0.5468654036521912,0.5945180654525757,0.57921302318573,0.5623449087142944,-1.5556125276816601e-07,0.0027791063766926527,-0.0009465093025937676,-0.00473954388871789,-0.008548577316105366,-0.023345177993178368,-0.041894346475601196,-0.049371570348739624,-0.05266014114022255,-0.028893861919641495,-0.046853650361299515,-0.04191462695598602,-0.032675061374902725,-0.033141449093818665,-0.04666093736886978,-0.03471819683909416,-0.021589575335383415,-0.03642449527978897,-0.04040615260601044,-0.02698705531656742,-0.014181655831634998,descend
0.7120845317840576,0.6918452978134155,0.6944466829299927,0.7134124636650085,0.7384957075119019,0.6859213709831238,0.6916120052337646,0.6909417510032654,0.6880477666854858,0.7069470286369324,0.744783878326416,0.755881667137146,0.7494486570358276,0.7341139912605286,0.7690188884735107,0.7741037607192993,0.764331579208374,0.7603603005409241,0.7865248918533325,0.7888350486755371,0.7817946672439575,0.5463036298751831,0.5999937653541565,0.6548610925674438,0.692449688911438,0.720321774482727,0.6858327388763428,0.7667626142501831,0.8167067170143127,0.855933666229248,0.6752422451972961,0.7598728537559509,0.7489489912986755,0.727364182472229,0.6577920913696289,0.7322505116462708,0.7191563844680786,0.6976425647735596,0.635164737701416,0.6982265114784241,0.694374680519104,0.6782412528991699,-4.088864358209321e-08,0.026611866429448128,0.027652284130454063,0.025154590606689453,0.019567491486668587,-0.024172015488147736,-0.04628446325659752,-0.0605241023004055,-0.06921820342540741,-0.04211259260773659,-0.05425899103283882,-0.04376048222184181,-0.03589874505996704,-0.05639250949025154,-0.06521794945001602,-0.04560038447380066,-0.031105460599064827,-0.06772200018167496,-0.07297846674919128,-0.056927986443042755,-0.04337703809142113,descend
0.2795644700527191,0.30890077352523804,0.30551832914352417,0.2875487208366394,0.2667466104030609,0.3117775619029999,0.3079361915588379,0.3056536912918091,0.3081444501876831,0.2840242087841034,0.2525378465652466,0.24610361456871033,0.25242355465888977,0.2586368918418884,0.23054781556129456,0.2284504771232605,0.2337135225534439,0.23333746194839478,0.21371975541114807,0.21390290558338165,0.22048179805278778,0.5492842197418213,0.6009217500686646,0.6539920568466187,0.6901068687438965,0.7164228558540344,0.690338134765625,0.7775489687919617,0.8311129212379456,0.8683401942253113,0.6790646314620972,0.7645083069801331,0.7500602602958679,0.7257256507873535,0.6597800254821777,0.7364261150360107,0.7190698385238647,0.6985687017440796,0.6389588117599487,0.7025328278541565,0.6946141123771667,0.6809867024421692,-7.240247157369595e-08,0.018299482762813568,0.01788005419075489,0.01448653731495142,0.010227739810943604,-0.01872965507209301,-0.038518600165843964,-0.04921199381351471,-0.05393144115805626,-0.03216788172721863,-0.04755492880940437,-0.04203170910477638,-0.03354348614811897,-0.042717866599559784,-0.05385103076696396,-0.038726549595594406,-0.024256933480501175,-0.050602469593286514,-0.05162139609456062,-0.03287743031978607,-0.01714390143752098,descend
0.8373554944992065,0.8047695159912109,0.7848635911941528,0.7942419052124023,0.8126007914543152,0.7958576679229736,0.793573260307312,0.7949681878089905,0.7975385189056396,0.8244525790214539,0.8248311877250671,0.8251816630363464,0.823436975479126,0.8525573015213013,0.8536468744277954,0.8477240800857544,0.8417547941207886,0.8788027167320251,0.8823696374893188,0.8722184300422668,0.8639549016952515,0.7256174087524414,0.7010838389396667,0.6608531475067139,0.6261972188949585,0.6002724170684814,0.5840149521827698,0.5138405561447144,0.4714542627334595,0.4361322522163391,0.590208888053894,0.5517887473106384,0.5958310961723328,0.6290704011917114,0.6023946404457092,0.5760564208030701,0.6168466210365295,0.6426162123680115,0.6180486679077148,0.5892192721366882,0.6159535646438599,0.6365322470664978,-1.4496056621737807e-07,-0.023368559777736664,-0.03568865731358528,-0.047316454350948334,-0.05658251792192459,-0.017342574894428253,-0.03801998496055603,-0.05194580927491188,-0.06207718327641487,-0.01667061261832714,-0.04768577963113785,-0.05643415078520775,-0.05467142164707184,-0.019199658185243607,-0.046854209154844284,-0.040975965559482574,-0.029184844344854355,-0.024163605645298958,-0.04284607619047165,-0.03655065596103668,-0.026657795533537865,ascend
0.1640634536743164,0.19736824929714203,0.2144436240196228,0.20491084456443787,0.18166428804397583,0.20410776138305664,0.2054165005683899,0.20570775866508484,0.2018529176712036,0.1740964949131012,0.16567689180374146,0.17134135961532593,0.17540240287780762,0.14750976860523224,0.14033043384552002,0.152570441365242,0.15831860899925232,0.12238828837871552,0.11936190724372864,0.1289050132036209,0.1347937136888504,0.7121606469154358,0.699687123298645,0.658180296421051,0.6226745843887329,0.5981446504592896,0.583473801612854,0.5206663012504578,0.47706061601638794,0.44177618622779846,0.5891836285591125,0.5565176010131836,0.6003600358963013,0.633287787437439,0.6020086407661438,0.5789868831634521,0.6185774207115173,0.6437147259712219,0.6189163327217102,0.5916506052017212,0.6189600825309753,0.6381102800369263,7.3042887294150205e-09,-0.02140345238149166,-0.031188666820526123,-0.040036991238594055,-0.04837820306420326,-0.01822691038250923,-0.03484400361776352,-0.045879874378442764,-0.05426664277911186,-0.017842542380094528,-0.047186803072690964,-0.05506259202957153,-0.052762504667043686,-0.019504988566040993,-0.04788234084844589,-0.042827751487493515,-0.031244494020938873,-0.023011988028883934,-0.04316316917538643,-0.03768789768218994,-0.028083954006433487,ascend
0.35185888409614563,0.351737380027771,0.3344055116176605,0.30344358086586,0.2793195843696594,0.29051607847213745,0.2504441440105438,0.22169670462608337,0.19555437564849854,0.27443861961364746,0.2553161382675171,0.2816862463951111,0.30050721764564514,0.268216997385025,0.27440541982650757,0.30553507804870605,0.31887680292129517,0.2714838683605194,0.28613945841789246,0.3074508607387543,0.3131926655769348,0.8480467200279236,0.8018462657928467,0.766349732875824,0.7674535512924194,0.7862497568130493,0.7399905323982239,0.7162464261054993,0.7096652984619141,0.7055628299713135,0.7712500691413879,0.7749506831169128,0.7904490232467651,0.7930775880813599,0.8032774925231934,0.818263590335846,0.8236609697341919,0.8138085603713989,0.8332045078277588,0.8439555764198303,0.8445707559585571,0.8363208174705505,-2.5639465661697614e-08,-0.015511703677475452,-0.022372892126441002,-0.02800271101295948,-0.031108150258660316,-0.01908053644001484,-0.038311444222927094,-0.04898512363433838,-0.05583649128675461,-0.02306387946009636,-0.045963529497385025,-0.05148407816886902,-0.051030080765485764,-0.02964191511273384,-0.052701305598020554,-0.053178854286670685,-0.04834578558802605,-0.038004741072654724,-0.050396546721458435,-0.04834997281432152,-0.04438016191124916,strafe_right
0.3281327486038208,0.36906516551971436,0.41426071524620056,0.441940039396286,0.451797217130661,0.43511828780174255,0.48640176653862,0.5156733393669128,0.5370141267776489,0.42954185605049133,0.4631495475769043,0.44230905175209045,0.4249840974807739,0.4170882999897003,0.4513801038265228,0.4329518675804138,0.4184103310108185,0.4025948941707611,0.43434402346611023,0.4230000376701355,0.4115924835205078,0.5492247939109802,0.527049720287323,0.5313897728919983,0.558190643787384,0.5844640135765076,0.5302979946136475,0.5520067811012268,0.5666571855545044,0.5758761763572693,0.5575160980224609,0.6086353063583374,0.615053117275238,0.6058197021484375,0.5876069068908691,0.633502185344696,0.6345234513282776,0.6233164072036743,0.6159695386886597,0.6514995694160461,0.6529276967048645,0.6431931257247925,-1.14231326620029e-07,0.004683089442551136,0.0010759452125057578,-0.004590557422488928,-0.010312981903553009,-0.0159912109375,-0.022605663165450096,-0.023924890905618668,-0.02533039078116417,-0.02354741096496582,-0.03023260273039341,-0.028189022094011307,-0.0264176856726408,-0.02930728904902935,-0.032164670526981354,-0.023716852068901062,-0.018750233575701714,-0.034602489322423935,-0.03356820344924927,-0.024747174233198166,-0.018907468765974045,strafe_right
0.2748316526412964,0.30282294750213623,0.30323004722595215,0.2843897342681885,0.26442670822143555,0.3121770918369293,0.311223566532135,0.31129905581474304,0.3131568431854248,0.28588706254959106,0.2516859471797943,0.24910110235214233,0.2586894631385803,0.260834276676178,0.23411528766155243,0.2355351597070694,0.2441575825214386,0.23733611404895782,0.22024980187416077,0.22270815074443817,0.22998782992362976,0.5368566513061523,0.5822165012359619,0.6309141516685486,0.6666401624679565,0.6880649328231812,0.6595118641853333,0.7261031866073608,0.7704353928565979,0.8026006817817688,0.6522937417030334,0.7020059823989868,0.679425060749054,0.6578686833381653,0.638874351978302,0.6883950233459473,0.6698075532913208,0.6523554921150208,0.6238628625869751,0.664513111114502,0.6567631959915161,0.6479291319847107,-1.2540111526959663e-07,0.012328187935054302,0.011265822686254978,0.008251809515058994,0.005059222225099802,-0.014648163691163063,-0.030293570831418037,-0.04048929736018181,-0.046675555408000946,-0.024120595306158066,-0.035296496003866196,-0.03154853358864784,-0.026376113295555115,-0.03147495537996292,-0.03787543624639511,-0.025235239416360855,-0.015059034340083599,-0.03728513792157173,-0.03792770951986313,-0.024798767641186714,-0.014079541899263859,descend
0.7178441882133484,0.694485604763031,0.6936794519424438,0.7111390233039856,0.735156774520874,0.6858218908309937,0.6888561248779297,0.6885796785354614,0.6875718235969543,0.7089832425117493,0.7429827451705933,0.7500240206718445,0.7392951846122742,0.7357308864593506,0.7625252604484558,0.7647717595100403,0.7534749507904053,0.761732280254364,0.7760235071182251,0.7767884135246277,0.7707419395446777,0.544041633605957,0.5839816331863403,0.6308781504631042,0.6611334085464478,0.6766142249107361,0.6562602519989014,0.7184756994247437,0.7593284249305725,0.791782557964325,0.652729332447052,0.7023447155952454,0.6806364059448242,0.6610754728317261,0.6432403326034546,0.6902406215667725,0.6702961921691895,0.6520034074783325,0.6274063587188721,0.6707721948623657,0.6563838720321655,0.6383532881736755,-1.2146724515105234e-08,0.012501940131187439,0.010775409638881683,0.006257973145693541,-0.0004898771876469254,-0.012054210528731346,-0.026676543056964874,-0.0381622388958931,-0.046562112867832184,-0.023254992440342903,-0.031315870583057404,-0.025729982182383537,-0.02230719104409218,-0.03292270377278328,-0.038901396095752716,-0.024559438228607178,-0.014980511739850044,-0.04168638586997986,-0.045634303241968155,-0.03250714763998985,-0.021842176094651222,descend
0.30747732520103455,0.3398120105266571,0.3385602831840515,0.3201330602169037,0.30316877365112305,0.35833504796028137,0.3644552230834961,0.3695546090602875,0.37524497509002686,0.3318145275115967,0.3039802610874176,0.2964256703853607,0.2983872890472412,0.3053766191005707,0.2788686454296112,0.2788272798061371,0.2830977141857147,0.27861711382865906,0.2603107690811157,0.2626391053199768,0.26912325620651245,0.5046440362930298,0.5514809489250183,0.6047115921974182,0.6464701294898987,0.678023099899292,0.6272958517074585,0.7013580799102783,0.7465132474899292,0.7786592245101929,0.6213027834892273,0.6987934708595276,0.6816338896751404,0.6587215065956116,0.6102904081344604,0.678820013999939,0.6593829989433289,0.6405810713768005,0.5983623266220093,0.6558839082717896,0.6439731121063232,0.6270186305046082,-2.067514870418563e-08,0.012339020147919655,0.012808224186301231,0.011578806675970554,0.010507523082196712,-0.016054358333349228,-0.03197075426578522,-0.038874946534633636,-0.041437406092882156,-0.027547428384423256,-0.043212175369262695,-0.039486393332481384,-0.03174958750605583,-0.036797452718019485,-0.0503978431224823,-0.03737260773777962,-0.023331690579652786,-0.043882787227630615,-0.04534377530217171,-0.027462473139166832,-0.012240923009812832,descend
0.6778360605239868,0.6551681160926819,0.6533874273300171,0.6680200099945068,0.6872169375419617,0.6435336470603943,0.6410102248191833,0.6340320706367493,0.628173291683197,0.664699912071228,0.6866748929023743,0.6988636255264282,0.699828028678894,0.6900404095649719,0.7133660912513733,0.7195937037467957,0.7162379622459412,0.7159159183502197,0.7321609258651733,0.7375743389129639,0.7381687164306641,0.5071316957473755,0.5481005311012268,0.6029516458511353,0.6457663774490356,0.6742797493934631,0.6217542290687561,0.6800161600112915,0.7192373275756836,0.749681830406189,0.6190954446792603,0.6862791180610657,0.6916759014129639,0.6848305463790894,0.6097955703735352,0.6708813905715942,0.6730791330337524,0.663593590259552,0.5945153832435608,0.6462624073028564,0.6598093509674072,0.6629229187965393,9.727067862286276e-08,0.011007486842572689,0.008681520819664001,0.004500301089137793,-0.0015279464423656464,-0.013280521146953106,-0.02441857010126114,-0.031745120882987976,-0.0368814617395401,-0.022767355665564537,-0.028442507609725,-0.023155977949500084,-0.0191788487136364,-0.030185317620635033,-0.03316188231110573,-0.021506523713469505,-0.013036654330790043,-0.0365389920771122,-0.03850223124027252,-0.030140748247504234,-0.02268814481794834,descend
0.7555457353591919,0.6994816064834595,0.6769058108329773,0.6911868453025818,0.7100679278373718,0.7106155157089233,0.700063943862915,0.6946284770965576,0.6959006786346436,0.747343122959137,0.7257378101348877,0.7173869013786316,0.7228467464447021,0.7764744162559509,0.7507503628730774,0.7401251792907715,0.7436142563819885,0.7969617247581482,0.7770423889160156,0.7678259015083313,0.7705140709877014,0.6206884384155273,0.6419740915298462,0.6934536695480347,0.7420992851257324,0.7703269720077515,0.7227902412414551,0.7894827723503113,0.787491500377655,0.774813711643219,0.7343339920043945,0.8001235127449036,0.7880375385284424,0.7671781182289124,0.7384136319160461,0.804223358631134,0.7900844812393188,0.7693706750869751,0.7377928495407104,0.7919267416000366,0.7820709347724915,0.7659668326377869,1.1837487789989609e-07,-0.003404864575713873,-0.0064157540909945965,-0.008313456550240517,-0.010268728248775005,-0.017914962023496628,-0.026565805077552795,-0.02999403327703476,-0.029782824218273163,-0.018102094531059265,-0.02261698618531227,-0.022549811750650406,-0.02164432965219021,-0.017276031896471977,-0.02024899236857891,-0.015880627557635307,-0.012279788963496685,-0.015725910663604736,-0.01832815445959568,-0.012416068464517593,-0.006928988266736269,descend
0.24045810103416443,0.2992498278617859,0.32004183530807495,0.31044235825538635,0.2958213686943054,0.29300084710121155,0.30179232358932495,0.3114168643951416,0.314978688955307,0.2485283464193344,0.2761586904525757,0.29512590169906616,0.2931334674358368,0.22016102075576782,0.2528291642665863,0.2685827612876892,0.2643498182296753,0.2001556158065796,0.22864843904972076,0.24446603655815125,0.2464672029018402,0.5954389572143555,0.6314753293991089,0.6903476715087891,0.7439597249031067,0.7767552733421326,0.7317196726799011,0.8246119618415833,0.8799428939819336,0.9168984889984131,0.7375785112380981,0.8147967457771301,0.7980954647064209,0.7720276117324829,0.7384766340255737,0.8058183193206787,0.7912681102752686,0.7713386416435242,0.7361420392990112,0.7941935062408447,0.7860445380210876,0.7673256397247314,-3.8830916082588374e-07,-0.00345984217710793,-0.004920962732285261,-0.0023651847150176764,0.0009070669766515493,-0.03471503406763077,-0.05366109684109688,-0.0609838105738163,-0.06345761567354202,-0.030765650793910027,-0.036472566425800323,-0.019126664847135544,-0.005078198853880167,-0.02669409103691578,-0.033410582691431046,-0.015537557192146778,-0.0011368596460670233,-0.021957457065582275,-0.025404974818229675,-0.011793741025030613,0.0004914631135761738,descend
0.30827802419662476,0.30627936124801636,0.2536622881889343,0.20855765044689178,0.1891082227230072,0.17685340344905853,0.09304749220609665,0.03047001361846924,-0.020429596304893494,0.16367144882678986,0.10909856855869293,0.13877758383750916,0.18163040280342102,0.16546325385570526,0.12357029318809509,0.15811555087566376,0.2003309428691864,0.1737874299287796,0.12334056943655014,0.11687915772199631,0.12565386295318604,0.7752286195755005,0.7261996269226074,0.6503055691719055,0.5884230136871338,0.5625491142272949,0.6226206421852112,0.5834898352622986,0.5682833790779114,0.5561646223068237,0.6569690704345703,0.6164520382881165,0.6163778305053711,0.620709240436554,0.6986526250839233,0.6565515995025635,0.6523076891899109,0.6497167944908142,0.7425452470779419,0.7128888964653015,0.701107382774353,0.693657398223877,8.290261632737383e-08,-0.024599704891443253,-0.033460717648267746,-0.043480683118104935,-0.05236981809139252,-0.01130982581526041,-0.035401079803705215,-0.053605660796165466,-0.06893771886825562,-0.017521370202302933,-0.0635685920715332,-0.08985718339681625,-0.09885731339454651,-0.027358897030353546,-0.07504329830408096,-0.0937776267528534,-0.09594380110502243,-0.038890670984983444,-0.07681605219841003,-0.09307543933391571,-0.09949614852666855,strafe_right
0.6550825238227844,0.6638635993003845,0.7114170789718628,0.7619730830192566,0.7878803014755249,0.7702459096908569,0.8280454277992249,0.8672854900360107,0.9025405049324036,0.7811023592948914,0.8277568221092224,0.7883764505386353,0.7574211359024048,0.7823947072029114,0.7998847365379333,0.7505273222923279,0.7198603749275208,0.7757180333137512,0.7919008731842041,0.7557070851325989,0.7308609485626221,0.9011073112487793,0.8372803926467896,0.7791303992271423,0.773600697517395,0.806208074092865,0.7814910411834717,0.7472235560417175,0.7324528694152832,0.7224077582359314,0.8275262117385864,0.803830087184906,0.8091596364974976,0.8132714629173279,0.8743645548820496,0.8536365628242493,0.8518800139427185,0.8504673838615417,0.9219685792922974,0.8994741439819336,0.891352117061615,0.8875999450683594,-1.9453028698990238e-07,-0.012206836603581905,-0.016537610441446304,-0.021651457995176315,-0.026074055582284927,-0.014028673060238361,-0.040317799896001816,-0.05962153151631355,-0.07435418665409088,-0.021080834791064262,-0.057357385754585266,-0.0674646869301796,-0.06566067039966583,-0.03054843097925186,-0.06382274627685547,-0.05700450390577316,-0.04285866767168045,-0.04136248677968979,-0.062130339443683624,-0.05442411080002785,-0.04348452016711235,strafe_right
0.33789491653442383,0.3347490727901459,0.2895769476890564,0.23209869861602783,0.1956368237733841,0.24726690351963043,0.18341708183288574,0.1380041539669037,0.09968341886997223,0.23143017292022705,0.1929343044757843,0.20833417773246765,0.21880988776683807,0.22311455011367798,0.20140229165554047,0.24855473637580872,0.28226953744888306,0.2244989275932312,0.20365241169929504,0.23947641253471375,0.26953235268592834,0.919165849685669,0.8508039116859436,0.7908880114555359,0.7813241481781006,0.7911772131919861,0.7728185653686523,0.7429490089416504,0.7291481494903564,0.7173396944999695,0.8122500777244568,0.7972642183303833,0.8043413162231445,0.8033682107925415,0.8577479124069214,0.8529152274131775,0.8608472347259521,0.854655921459198,0.9058153033256531,0.8929293155670166,0.8909235596656799,0.8860642910003662,6.503439209382122e-08,-0.013573048636317253,-0.019136564806103706,-0.025525668635964394,-0.03200688585639,-0.019612228497862816,-0.043585505336523056,-0.05953986570239067,-0.07046220451593399,-0.0286788959056139,-0.05607214570045471,-0.0667872428894043,-0.07017223536968231,-0.039933446794748306,-0.07124067842960358,-0.07212269306182861,-0.06592875719070435,-0.05237521603703499,-0.07378227263689041,-0.07008557766675949,-0.06355581432580948,strafe_right
0.48394203186035156,0.5715550184249878,0.6238968372344971,0.6783699989318848,0.7360855937004089,0.5429695844650269,0.5670813322067261,0.5803884863853455,0.5872935056686401,0.47913751006126404,0.4707708954811096,0.46402406692504883,0.45350441336631775,0.4240797162055969,0.3812165856361389,0.35512641072273254,0.33295708894729614,0.37901949882507324,0.31847381591796875,0.28025296330451965,0.24863144755363464,0.887133002281189,0.8372145891189575,0.7670286297798157,0.7101552486419678,0.6708003282546997,0.5622910261154175,0.4373583197593689,0.3552347719669342,0.28644344210624695,0.5519736409187317,0.4067375659942627,0.31025809049606323,0.2334372103214264,0.58342444896698,0.4558698236942291,0.3724995255470276,0.3022647500038147,0.6450971961021423,0.5803893208503723,0.5342305898666382,0.49243780970573425,8.406732376897708e-07,-0.0590788759291172,-0.09046540409326553,-0.1205274909734726,-0.14986346662044525,-0.04974929243326187,-0.08198868483304977,-0.10754602402448654,-0.12917684018611908,-0.054302893579006195,-0.08330776542425156,-0.11115669459104538,-0.1326061487197876,-0.0659794881939888,-0.10469985753297806,-0.1389705091714859,-0.1633615344762802,-0.08315053582191467,-0.1289549618959427,-0.1564292162656784,-0.1735951006412506,hover
0.48791059851646423,0.627489447593689,0.7314227819442749,0.8107638359069824,0.8914564847946167,0.6314606070518494,0.6563189029693604,0.6600548028945923,0.6607956290245056,0.5349177718162537,0.5067121982574463,0.4863145351409912,0.4668448567390442,0.4465178847312927,0.38500145077705383,0.35170477628707886,0.3191698491573334,0.3702124357223511,0.2837298810482025,0.2262428104877472,0.18086567521095276,0.7562345862388611,0.6847291588783264,0.5892645120620728,0.49549874663352966,0.4547860026359558,0.47072911262512207,0.32898983359336853,0.24540071189403534,0.17350518703460693,0.45649558305740356,0.3080277442932129,0.21607527136802673,0.14698031544685364,0.4714902341365814,0.3443325459957123,0.25751402974128723,0.19450077414512634,0.5059356093406677,0.43097901344299316,0.3802434504032135,0.3339907228946686,3.1161272318058764e-07,-0.013770277611911297,-0.02412857487797737,-0.03187262639403343,-0.04428000748157501,-0.047697994858026505,-0.059824321419000626,-0.06830687820911407,-0.07870292663574219,-0.05579888075590134,-0.07384810596704483,-0.09775855392217636,-0.12032292783260345,-0.059874050319194794,-0.08563566952943802,-0.1159539520740509,-0.14098720252513885,-0.062116838991642,-0.09051194787025452,-0.10787736624479294,-0.11968100816011429,hover
0.48702239990234375,0.5399693250656128,0.5786247849464417,0.6166433691978455,0.6535665988922119,0.52326500415802,0.54002845287323,0.5497650504112244,0.5556933879852295,0.48595964908599854,0.4849419891834259,0.48477864265441895,0.48121553659439087,0.4520878791809082,0.43253499269485474,0.4208866357803345,0.4119880497455597,0.4245092570781708,0.39674973487854004,0.37844231724739075,0.3639043867588043,0.36974042654037476,0.3424428105354309,0.3037218451499939,0.27623164653778076,0.25870823860168457,0.2363227903842926,0.17997810244560242,0.14502932131290436,0.1148662120103836,0.2320665419101715,0.16843286156654358,0.1289118528366089,0.09755192697048187,0.24523402750492096,0.18976956605911255,0.15472452342510223,0.12568143010139465,0.2703897953033447,0.23591500520706177,0.2114568054676056,0.18933570384979248,3.666340546715219e-07,-0.026741959154605865,-0.04001966863870621,-0.05225289613008499,-0.06536117196083069,-0.03065825067460537,-0.04938806593418121,-0.06340522319078445,-0.07427481561899185,-0.03314473479986191,-0.050634391605854034,-0.06585410237312317,-0.07767517864704132,-0.03844902664422989,-0.0593893937766552,-0.0742095410823822,-0.0843697339296341,-0.04594612121582031,-0.06655643880367279,-0.0766695886850357,-0.08303947746753693,hover
0.5080548524856567,0.5620399117469788,0.5799119472503662,0.5361797213554382,0.4845244586467743,0.5928707718849182,0.626981794834137,0.6497033834457397,0.6627980470657349,0.5317883491516113,0.5245792865753174,0.5204622745513916,0.5109763145446777,0.47484660148620605,0.47078630328178406,0.4958052337169647,0.5115278363227844,0.4241437315940857,0.42354556918144226,0.4536319077014923,0.48028385639190674,0.6273743510246277,0.566752552986145,0.48379504680633545,0.42310646176338196,0.37754514813423157,0.3871341645717621,0.29330509901046753,0.23189611732959747,0.18018954992294312,0.38986992835998535,0.2757015824317932,0.20549041032791138,0.14731641113758087,0.42075246572494507,0.38302159309387207,0.44119930267333984,0.47972041368484497,0.46524515748023987,0.4259423613548279,0.4644138514995575,0.500782310962677,6.653387458754878e-07,-0.03233371302485466,-0.04820903018116951,-0.06653798371553421,-0.08395126461982727,-0.02251533791422844,-0.04758606478571892,-0.06389659643173218,-0.07446379959583282,-0.03232136741280556,-0.0643753930926323,-0.08596111088991165,-0.09573094546794891,-0.04638172313570976,-0.10096551477909088,-0.11590658128261566,-0.10869044810533524,-0.061993200331926346,-0.10339588671922684,-0.10511769354343414,-0.09578215330839157,forward
0.5035207271575928,0.46994301676750183,0.4666348397731781,0.51020348072052,0.5613511800765991,0.518143892288208,0.5270736217498779,0.5358316898345947,0.5454995632171631,0.5624171495437622,0.6008303761482239,0.6240100860595703,0.6433468461036682,0.5921023488044739,0.6261553168296814,0.5957109332084656,0.5723773241043091,0.6110718250274658,0.6284962296485901,0.6039654612541199,0.5837819576263428,0.704890251159668,0.6370369791984558,0.5555792450904846,0.49988821148872375,0.4648120403289795,0.4486634135246277,0.3295603394508362,0.25758278369903564,0.19984611868858337,0.4651818573474884,0.34485340118408203,0.27040135860443115,0.2109040915966034,0.5046891570091248,0.4302331507205963,0.47344544529914856,0.5151311159133911,0.5566934943199158,0.5034515261650085,0.5226743221282959,0.5496686697006226,4.270024476227263e-07,-0.0349760465323925,-0.05168072506785393,-0.07004670798778534,-0.08455125242471695,-0.016500618308782578,-0.05014708638191223,-0.07232525944709778,-0.08601793646812439,-0.022587496787309647,-0.05743612349033356,-0.07997597008943558,-0.09084004163742065,-0.034481700509786606,-0.08465404808521271,-0.09001853317022324,-0.07809595763683319,-0.049397099763154984,-0.09002987295389175,-0.08896180242300034,-0.07694728672504425,forward
0.5612998604774475,0.6316226720809937,0.6290777921676636,0.5030412077903748,0.39989304542541504,0.621647298336029,0.675061047077179,0.7031269669532776,0.7166489362716675,0.5147008895874023,0.4256664216518402,0.3587791323661804,0.2964209318161011,0.4334658980369568,0.40996643900871277,0.46686702966690063,0.49650830030441284,0.3754211664199829,0.35368549823760986,0.3987036943435669,0.43026119470596313,0.7908182740211487,0.7256385684013367,0.617196798324585,0.5618776082992554,0.5235608816146851,0.43464067578315735,0.26767122745513916,0.16474783420562744,0.0811225175857544,0.44282662868499756,0.26324743032455444,0.16128501296043396,0.06905606389045715,0.4939149022102356,0.4514859914779663,0.541214108467102,0.5875461101531982,0.5633873343467712,0.5095802545547485,0.5615035891532898,0.5962173938751221,1.4705367448186735e-06,-0.09058696776628494,-0.13989467918872833,-0.1820434182882309,-0.21989983320236206,-0.09329830855131149,-0.16005460917949677,-0.19982510805130005,-0.22093771398067474,-0.08968460559844971,-0.1673026829957962,-0.21292336285114288,-0.22905854880809784,-0.0931481271982193,-0.1959456354379654,-0.21047458052635193,-0.18565310537815094,-0.10142029821872711,-0.16684862971305847,-0.15034304559230804,-0.11651890724897385,forward
0.702786386013031,0.6728153824806213,0.6362419128417969,0.6116107106208801,0.5995734333992004,0.6188436150550842,0.6023456454277039,0.5921820998191833,0.5824460387229919,0.6258186101913452,0.6312198042869568,0.6451154351234436,0.65301114320755,0.6394078135490417,0.6455349922180176,0.6565242409706116,0.662941575050354,0.6528201699256897,0.6573736071586609,0.668522834777832,0.6754809617996216,0.5093395113945007,0.4870659410953522,0.47788524627685547,0.46597322821617126,0.4487174153327942,0.5112238526344299,0.5409759879112244,0.5637723207473755,0.5841495394706726,0.52927166223526,0.5485506057739258,0.538818359375,0.527951180934906,0.5445907115936279,0.5597947239875793,0.5491378307342529,0.5369805097579956,0.556590735912323,0.5680226683616638,0.5586587190628052,0.5481652021408081,-6.790583739757494e-08,-0.001984085887670517,-0.0051912348717451096,-0.009263422340154648,-0.013848468661308289,-0.0038802747149020433,-0.010644437745213509,-0.020342566072940826,-0.027818137779831886,-0.006117486860603094,-0.008569403551518917,-0.013238453306257725,-0.018561774864792824,-0.008110202848911285,-0.009709067642688751,-0.007956519722938538,-0.008487765677273273,-0.010725746862590313,-0.011729484423995018,-0.007107776124030352,-0.0037889655213803053,descend
0.18932537734508514,0.2173386663198471,0.2337493747472763,0.24072608351707458,0.2399056851863861,0.21531942486763,0.2190336436033249,0.22331777215003967,0.22542333602905273,0.19540126621723175,0.20338642597198486,0.2126826047897339,0.21515923738479614,0.1822376400232315,0.190653458237648,0.19982272386550903,0.2018951028585434,0.1723569631576538,0.17872454226016998,0.18577824532985687,0.1879519671201706,0.7207364439964294,0.7289953231811523,0.7440407276153564,0.7585277557373047,0.7680435180664062,0.7892991900444031,0.8266037702560425,0.8514932990074158,0.8697975277900696,0.7897323369979858,0.8197041153907776,0.8137037754058838,0.8025974631309509,0.7861977219581604,0.8135190606117249,0.8097836375236511,0.8022484183311462,0.781221866607666,0.8037524819374084,0.8034582734107971,0.7994032502174377,7.808164781408777e-09,-0.012662896886467934,-0.02013612538576126,-0.025197699666023254,-0.029675209894776344,-0.0184845719486475,-0.02697509154677391,-0.03334225341677666,-0.03763662278652191,-0.01315860915929079,-0.018257318064570427,-0.01647743210196495,-0.014299758709967136,-0.00874785054475069,-0.011459955945611,-0.006238620728254318,-0.0020316026639193296,-0.005534454248845577,-0.006217835936695337,-0.0017533765640109777,0.0022241801489144564,descend
0.8827095031738281,0.8475810289382935,0.737636148929596,0.6095113754272461,0.5071945190429688,0.49977993965148926,0.36139124631881714,0.2604812681674957,0.1690863072872162,0.4772496223449707,0.42184844613075256,0.5735457539558411,0.5957726240158081,0.48797160387039185,0.4719848334789276,0.6218746900558472,0.6303727626800537,0.5241366624832153,0.5217028260231018,0.6285229325294495,0.6399847269058228,0.5990303158760071,0.4699519872665405,0.35252881050109863,0.3660837411880493,0.42167261242866516,0.23881494998931885,0.2751390039920807,0.3184690773487091,0.3471507728099823,0.38184693455696106,0.4955388903617859,0.5280912518501282,0.47050535678863525,0.5206434726715088,0.6395396590232849,0.6307300329208374,0.561270534992218,0.6503018140792847,0.7286792993545532,0.7123439311981201,0.6591759920120239,3.3950414035643917e-07,-0.16797757148742676,-0.24867591261863708,-0.3074023127555847,-0.347996324300766,-0.11869525909423828,-0.23987704515457153,-0.3012878894805908,-0.33275219798088074,-0.09175432473421097,-0.2181505262851715,-0.23096954822540283,-0.21124492585659027,-0.09367258846759796,-0.23078151047229767,-0.21286584436893463,-0.17134292423725128,-0.11231743544340134,-0.20703177154064178,-0.20151689648628235,-0.17697060108184814,strafe_right
0.3740865886211395,0.39983296394348145,0.47181788086891174,0.5355878472328186,0.565162181854248,0.581565260887146,0.6916233897209167,0.7605801820755005,0.8122085332870483,0.6048059463500977,0.6280758380889893,0.597053050994873,0.5691295862197876,0.6033439040184021,0.6148581504821777,0.5897097587585449,0.5622100234031677,0.5950186252593994,0.6007072329521179,0.5793604850769043,0.5553321838378906,0.924403965473175,0.8207260370254517,0.7737602591514587,0.7723429799079895,0.7866221070289612,0.7713491916656494,0.7582336068153381,0.7542682886123657,0.7513582110404968,0.8296066522598267,0.8008566498756409,0.7965453267097473,0.8030650019645691,0.8792170286178589,0.8446280360221863,0.8412643671035767,0.8477293848991394,0.9168536067008972,0.8835892677307129,0.8783382773399353,0.8822962641716003,-3.756561284262716e-07,-0.002179367234930396,-0.0016380284214392304,-0.0011972448555752635,-0.0012280403170734644,-0.01967225968837738,-0.027209145948290825,-0.03144041821360588,-0.03631409630179405,-0.020335089415311813,-0.023845426738262177,-0.01691814884543419,-0.012804081663489342,-0.019614212214946747,-0.019826781004667282,-0.008647684007883072,-0.0029083224944770336,-0.019917266443371773,-0.016170021146535873,-0.005648103076964617,0.0030646866653114557,strafe_left
0.30891141295433044,0.2109534740447998,0.15828324854373932,0.20192120969295502,0.27885663509368896,0.19372864067554474,0.19410695135593414,0.20470160245895386,0.2258376032114029,0.2728131413459778,0.3020017147064209,0.27637869119644165,0.2519550621509552,0.3442251682281494,0.3677813410758972,0.32341232895851135,0.2918228805065155,0.4069375991821289,0.41003286838531494,0.37131285667419434,0.3475812077522278,0.7339116930961609,0.6607578992843628,0.532537579536438,0.41683429479599,0.3761335611343384,0.42552193999290466,0.26381465792655945,0.1690937876701355,0.09142148494720459,0.442171573638916,0.35058772563934326,0.4480276107788086,0.5279628038406372,0.47446635365486145,0.39866581559181213,0.5015426874160767,0.5825521349906921,0.5183481574058533,0.46286216378211975,0.530443012714386,0.5907472372055054,-1.0650079218521569e-07,-0.048960454761981964,-0.07557307928800583,-0.10076911747455597,-0.1232576072216034,-0.03286232426762581,-0.08031706511974335,-0.11074898391962051,-0.133466899394989,-0.03242629021406174,-0.11166267842054367,-0.12604261934757233,-0.11349835246801376,-0.038738399744033813,-0.11761508882045746,-0.10067868232727051,-0.06448708474636078,-0.049046460539102554,-0.11071500182151794,-0.10338640958070755,-0.08037179708480835,ascend
0.5585927963256836,0.6076897978782654,0.5973808169364929,0.4739365875720978,0.39088088274002075,0.6127908825874329,0.6189648509025574,0.6155073046684265,0.6069492101669312,0.5303572416305542,0.48754701018333435,0.5061877369880676,0.5319826602935791,0.46246981620788574,0.4155336618423462,0.45211201906204224,0.4851168692111969,0.4068891406059265,0.37258970737457275,0.40821200609207153,0.44421130418777466,0.695504903793335,0.6191756725311279,0.5189921855926514,0.4683396518230438,0.4419851303100586,0.3994320034980774,0.2753828465938568,0.2060205638408661,0.14834833145141602,0.4247201681137085,0.3863223195075989,0.4637274742126465,0.4914664030075073,0.47005724906921387,0.4540719985961914,0.5249518156051636,0.5329893827438354,0.5278050899505615,0.5120633244514465,0.5613529682159424,0.5720793008804321,-9.59653956300599e-09,-0.04896051436662674,-0.07017767429351807,-0.09064540266990662,-0.10688591748476028,-0.01901194266974926,-0.05504617467522621,-0.0793147087097168,-0.09899486601352692,-0.023897964507341385,-0.0806097686290741,-0.09936553239822388,-0.10167555510997772,-0.0374278798699379,-0.10056792944669724,-0.10235239565372467,-0.0899854451417923,-0.05510333180427551,-0.0946808010339737,-0.08687696605920792,-0.07343446463346481,ascend
0.5279703140258789,0.5575650930404663,0.6076614856719971,0.6455014944076538,0.658378541469574,0.645051121711731,0.6908437013626099,0.7204386591911316,0.7501922249794006,0.6390535235404968,0.6781699657440186,0.6395167112350464,0.6144408583641052,0.6242296099662781,0.6564804315567017,0.6151453256607056,0.5894714593887329,0.602023720741272,0.6358810067176819,0.6139596104621887,0.5928981304168701,0.570356011390686,0.6042088270187378,0.6349855661392212,0.6125614047050476,0.5748537182807922,0.5887256860733032,0.5947582721710205,0.596269965171814,0.5947127342224121,0.5551600456237793,0.5659275054931641,0.5832270979881287,0.5846630334854126,0.5266752243041992,0.5440462827682495,0.5655727386474609,0.5646021962165833,0.4962587356567383,0.5107561349868774,0.5381447076797485,0.5461127758026123,1.0779270809280206e-07,-0.01934833452105522,-0.027869783341884613,-0.03535311669111252,-0.043398674577474594,-0.015632543712854385,-0.030470920726656914,-0.03975260257720947,-0.04744249954819679,-0.01733020320534706,-0.04279080405831337,-0.05124729871749878,-0.051257431507110596,-0.020440584048628807,-0.05253224819898605,-0.0500020869076252,-0.0396939255297184,-0.024135231971740723,-0.047851745039224625,-0.043017785996198654,-0.03398808091878891,strafe_left
0.1379457265138626,0.1653701663017273,0.17235518991947174,0.13976095616817474,0.11000692844390869,0.16096487641334534,0.1661459058523178,0.16957882046699524,0.16982662677764893,0.12981534004211426,0.11054633557796478,0.09536956995725632,0.08077006787061691,0.1057809591293335,0.09301435947418213,0.10639834403991699,0.11823625862598419,0.08846335858106613,0.07717077434062958,0.09117687493562698,0.10570470988750458,0.9720974564552307,0.9580376148223877,0.9266288876533508,0.9091487526893616,0.894438624382019,0.8455411791801453,0.7930890917778015,0.7573099732398987,0.7275081276893616,0.8515759110450745,0.7996290326118469,0.7713600397109985,0.7483333945274353,0.8711529970169067,0.8574405908584595,0.9001721739768982,0.927372395992279,0.8997524976730347,0.8926669359207153,0.923413097858429,0.9436732530593872,3.992902577465429e-07,-0.025071004405617714,-0.037900395691394806,-0.05053327605128288,-0.06306032091379166,-0.01641041785478592,-0.032002080231904984,-0.04310975223779678,-0.05091162770986557,-0.01976880058646202,-0.04396912828087807,-0.05849844962358475,-0.06293050199747086,-0.02613731473684311,-0.06431236863136292,-0.07317837327718735,-0.0670715719461441,-0.03355002775788307,-0.06566646695137024,-0.0679362341761589,-0.06111467257142067,forward
0.21733607351779938,0.2517637312412262,0.26565009355545044,0.2435579001903534,0.21883346140384674,0.2584708631038666,0.27270397543907166,0.2829136252403259,0.2896781861782074,0.22474440932273865,0.20779329538345337,0.1979994773864746,0.1899597942829132,0.1941458284854889,0.19639049470424652,0.20566704869270325,0.21035133302211761,0.16901810467243195,0.1747598648071289,0.190098837018013,0.2001143842935562,0.9368595480918884,0.9261332750320435,0.8836307525634766,0.8503387570381165,0.8203641176223755,0.7931252121925354,0.7247493267059326,0.6788093447685242,0.6409469842910767,0.793761134147644,0.7212629914283752,0.6798284649848938,0.644822359085083,0.8109561800956726,0.7738267183303833,0.8206140995025635,0.8525726795196533,0.8405673503875732,0.8257325291633606,0.8631224632263184,0.8904669880867004,4.482675706185546e-07,-0.0298001728951931,-0.04485992342233658,-0.06001117452979088,-0.07413043081760406,-0.022955430671572685,-0.043116480112075806,-0.05627556890249252,-0.06580691784620285,-0.026858873665332794,-0.05425121262669563,-0.06946101784706116,-0.07542934268712997,-0.03449108451604843,-0.08065427094697952,-0.08814293146133423,-0.08004850149154663,-0.04376780986785889,-0.08641841262578964,-0.0911710262298584,-0.08470813930034637,forward
0.20728886127471924,0.23507200181484222,0.24653616547584534,0.2295478880405426,0.20579077303409576,0.23818551003932953,0.2515263259410858,0.2570453882217407,0.26139193773269653,0.21332025527954102,0.20538976788520813,0.20018942654132843,0.19541160762310028,0.19186149537563324,0.18930278718471527,0.19809091091156006,0.2025747001171112,0.17520910501480103,0.17425121366977692,0.18437084555625916,0.1914941370487213,0.7439515590667725,0.7158934473991394,0.6698657274246216,0.6334429979324341,0.6106308102607727,0.6135163307189941,0.5599746108055115,0.5254130363464355,0.49562108516693115,0.6133333444595337,0.5532209873199463,0.5194931626319885,0.4933544397354126,0.627094566822052,0.5866178274154663,0.6079069375991821,0.6281179189682007,0.6503884196281433,0.6225681304931641,0.6382637619972229,0.6567819118499756,1.895364221127238e-07,-0.015722623094916344,-0.020322253927588463,-0.025556771084666252,-0.02989443950355053,-0.006401443853974342,-0.015753906220197678,-0.022927241399884224,-0.028961986303329468,-0.00948602519929409,-0.022012488916516304,-0.0319773405790329,-0.03808888792991638,-0.0146400211378932,-0.036070387810468674,-0.04193149879574776,-0.040236230939626694,-0.020979344844818115,-0.03939547389745712,-0.04123534634709358,-0.03853614255785942,forward
0.740355908870697,0.7044122219085693,0.6924678087234497,0.6847286224365234,0.6794155240058899,0.742106020450592,0.7330307960510254,0.7287060618400574,0.729322075843811,0.756317675113678,0.7067904472351074,0.6881400346755981,0.6973053216934204,0.7557902336120605,0.7059314846992493,0.6909728050231934,0.7029377818107605,0.745948314666748,0.707082986831665,0.6948134899139404,0.701927900314331,0.6258549094200134,0.5882567763328552,0.5483094453811646,0.5197123289108276,0.4979260563850403,0.4909922182559967,0.43718421459198,0.4034212827682495,0.37395986914634705,0.5001968741416931,0.46097174286842346,0.4913336932659149,0.5138422250747681,0.5155797600746155,0.4793539345264435,0.5070445537567139,0.5258480906486511,0.5348189473152161,0.5041953325271606,0.524348258972168,0.5410590767860413,-2.1886874890242325e-07,0.002237345091998577,-0.00408562645316124,-0.012831526808440685,-0.02159765735268593,-0.005243050400167704,-0.020669888705015182,-0.033499911427497864,-0.044805075973272324,-0.015146313235163689,-0.03148794546723366,-0.031104637309908867,-0.029734468087553978,-0.026164541020989418,-0.039095688611269,-0.024999352172017097,-0.014895928092300892,-0.03800956904888153,-0.046007659286260605,-0.03615530952811241,-0.028120338916778564,ascend
0.6205465793609619,0.6279019117355347,0.6377594470977783,0.6461315155029297,0.6533051133155823,0.6349447965621948,0.6454291343688965,0.6540624499320984,0.6615878343582153,0.6320422887802124,0.6414175033569336,0.6508246064186096,0.6599521636962891,0.630280613899231,0.6383995413780212,0.6473486423492432,0.6554401516914368,0.6286641359329224,0.6357652544975281,0.6429157257080078,0.6490570306777954,0.7987191677093506,0.8006470203399658,0.808549165725708,0.8154231309890747,0.8232725262641907,0.8459953665733337,0.8704107403755188,0.8872907757759094,0.8995890021324158,0.8506184220314026,0.8753272891044617,0.8922976851463318,0.9042807221412659,0.8525205850601196,0.8754304051399231,0.8904690742492676,0.9031725525856018,0.8523761630058289,0.8710513710975647,0.8834261298179626,0.8934071660041809,9.112929433285899e-08,-0.02304754965007305,-0.0365714468061924,-0.046360306441783905,-0.05549114942550659,-0.027640780434012413,-0.03852182999253273,-0.0466962605714798,-0.05211761221289635,-0.020826907828450203,-0.0303263571113348,-0.03662876784801483,-0.04091433435678482,-0.01570635661482811,-0.02353764697909355,-0.02853010594844818,-0.03157293424010277,-0.012470436282455921,-0.01870165765285492,-0.0220517348498106,-0.024125870317220688,descend
0.497264564037323,0.5063122510910034,0.5480955839157104,0.5987949371337891,0.629787027835846,0.5910987854003906,0.6671503782272339,0.7052038311958313,0.7344300746917725,0.6206715703010559,0.6654126644134521,0.6434805989265442,0.6167573928833008,0.6362768411636353,0.6453807950019836,0.6244301199913025,0.6010962724685669,0.6438964605331421,0.6401413679122925,0.6214567422866821,0.601324737071991,0.7612676620483398,0.6722795367240906,0.621187150478363,0.6107535362243652,0.6294723749160767,0.5962698459625244,0.5702764391899109,0.5649561882019043,0.5640299916267395,0.6385138034820557,0.6354831457138062,0.6478235721588135,0.6575299501419067,0.6898417472839355,0.689765989780426,0.7007095217704773,0.7090325355529785,0.7378213405609131,0.7375555038452148,0.7463392615318298,0.7522132992744446,-2.3841745644404e-07,0.007394577842205763,0.005383539479225874,0.0017563507426530123,-0.001982973190024495,-0.01973791792988777,-0.02005443163216114,-0.012345664203166962,-0.008265689946711063,-0.024626655504107475,-0.020472664386034012,-0.008874520659446716,-0.0027038780972361565,-0.026661474257707596,-0.019698843359947205,-0.009628535248339176,-0.00658366410061717,-0.028269512578845024,-0.017327729612588882,-0.007990692742168903,-0.002859650179743767,strafe_left
0.6577446460723877,0.6464861035346985,0.6458631753921509,0.6474920511245728,0.6496310234069824,0.6716395616531372,0.6813347935676575,0.6847319602966309,0.6888725161552429,0.6734152436256409,0.6819298267364502,0.6868767738342285,0.6920677423477173,0.6717374324798584,0.6738232970237732,0.6764987111091614,0.6801647543907166,0.6662030816078186,0.6628152132034302,0.6626325845718384,0.6640892028808594,0.708776593208313,0.733272135257721,0.7585695385932922,0.7763643264770508,0.7916616797447205,0.773722231388092,0.8021705746650696,0.823408305644989,0.8402557969093323,0.7677280306816101,0.7974098324775696,0.8202624917030334,0.8379503488540649,0.7585830688476562,0.7841638326644897,0.8050336241722107,0.8209999203681946,0.7464272975921631,0.7619550824165344,0.775634229183197,0.7864481806755066,9.190542016312975e-08,-0.006953442934900522,-0.010686603374779224,-0.01392862107604742,-0.01721959374845028,-0.012635764665901661,-0.022957757115364075,-0.0306782815605402,-0.03581654652953148,-0.014597700908780098,-0.023936841636896133,-0.0292816199362278,-0.03283767029643059,-0.01740253157913685,-0.026390116661787033,-0.02939402312040329,-0.030678268522024155,-0.020842675119638443,-0.02853834442794323,-0.030202290043234825,-0.03060930222272873,descend
0.6690292358398438,0.6741138100624084,0.7087751626968384,0.7434927225112915,0.7657524943351746,0.7940306067466736,0.8524584174156189,0.8865810632705688,0.9242047071456909,0.8024667501449585,0.8178738951683044,0.7579142451286316,0.7470643520355225,0.7995375394821167,0.8099038004875183,0.7526744604110718,0.7439262866973877,0.788750410079956,0.7999688982963562,0.7602072954177856,0.7520641684532166,0.858622670173645,0.8050646781921387,0.7463991641998291,0.7430948615074158,0.7785927057266235,0.7554316520690918,0.7360348105430603,0.7281515002250671,0.7242760062217712,0.8037950396537781,0.7641280889511108,0.7768003940582275,0.7992371916770935,0.8528338670730591,0.8193852305412292,0.8230255246162415,0.8409611582756042,0.9027653932571411,0.8702569603919983,0.860550045967102,0.869132399559021,-3.6395078950590687e-07,-0.022269977256655693,-0.04036374017596245,-0.05826900526881218,-0.07435431331396103,-0.03649858012795448,-0.07677024602890015,-0.10221332311630249,-0.1211617961525917,-0.041349198669195175,-0.07944424450397491,-0.0801459401845932,-0.07649992406368256,-0.050955016165971756,-0.0850723460316658,-0.06300920993089676,-0.04339290410280228,-0.06382165104150772,-0.08492261171340942,-0.07060662657022476,-0.05719275400042534,strafe_left
0.7006773948669434,0.6713132262229919,0.6517178416252136,0.6403929591178894,0.6244982481002808,0.680954098701477,0.6726481318473816,0.6674540042877197,0.663180947303772,0.7021968364715576,0.6996108293533325,0.6971311569213867,0.6944566369056702,0.7212924957275391,0.7290090322494507,0.7337920069694519,0.7361513376235962,0.7375394701957703,0.747756838798523,0.7519728541374207,0.753943145275116,0.7916221022605896,0.7670612931251526,0.730629563331604,0.7017722129821777,0.6836790442466736,0.6700727343559265,0.6255192160606384,0.5973821878433228,0.5727118849754333,0.6681874990463257,0.6172714829444885,0.5855262875556946,0.5589908957481384,0.6777337789535522,0.6344027519226074,0.6077407598495483,0.5845508575439453,0.6957262754440308,0.6673110723495483,0.6482982635498047,0.6306219100952148,-2.8423499998098123e-08,-0.011163726449012756,-0.018125813454389572,-0.02565593644976616,-0.033530186861753464,-0.007789319381117821,-0.019564293324947357,-0.031233714893460274,-0.040411967784166336,-0.012039106339216232,-0.021361134946346283,-0.030448567122220993,-0.037965912371873856,-0.018471553921699524,-0.02663666196167469,-0.03332102671265602,-0.03915576636791229,-0.02661050483584404,-0.032581113278865814,-0.03498581796884537,-0.03758978843688965,hover
0.2901674807071686,0.35645654797554016,0.4022521376609802,0.4406678080558777,0.48154234886169434,0.33944904804229736,0.3587963283061981,0.37206515669822693,0.37875640392303467,0.29603224992752075,0.288042277097702,0.2818639874458313,0.2741444408893585,0.2551436722278595,0.2399957776069641,0.22712042927742004,0.21574150025844574,0.21602943539619446,0.18090718984603882,0.15812240540981293,0.14149877429008484,0.7323136925697327,0.7053828835487366,0.6461078524589539,0.6008913516998291,0.5689387321472168,0.5019721388816833,0.40256014466285706,0.3353642225265503,0.2773878574371338,0.49521616101264954,0.38586458563804626,0.31104934215545654,0.2526872456073761,0.5137084126472473,0.4072454869747162,0.32973015308380127,0.26743775606155396,0.552605926990509,0.48114851117134094,0.428465336561203,0.3817881643772125,6.328992299131642e-07,-0.04824696108698845,-0.07095295190811157,-0.0902799740433693,-0.1107044592499733,-0.04706817492842674,-0.07431622594594955,-0.09837836772203445,-0.1188480481505394,-0.04941423237323761,-0.07601913064718246,-0.10338202863931656,-0.1251468062400818,-0.05697725713253021,-0.0893918052315712,-0.118785560131073,-0.1400805562734604,-0.06860557943582535,-0.10662634670734406,-0.1299344301223755,-0.14506705105304718,hover
0.8918232321739197,0.8607502579689026,0.8357970714569092,0.8345149755477905,0.8507545590400696,0.9032562971115112,0.8580597043037415,0.8508421182632446,0.8647480607032776,0.9315899014472961,0.8822915554046631,0.872541069984436,0.8864312171936035,0.9487907886505127,0.9033458828926086,0.8925762176513672,0.9038562178611755,0.957252025604248,0.9251163601875305,0.9139556884765625,0.9223824143409729,0.7555180191993713,0.7267873883247375,0.7022093534469604,0.7124272584915161,0.7350572943687439,0.652208685874939,0.7020695209503174,0.7199850082397461,0.7157383561134338,0.6802341938018799,0.7370026111602783,0.7442931532859802,0.7308604717254639,0.7141565680503845,0.7675106525421143,0.7702945470809937,0.7560235261917114,0.750305712223053,0.7886963486671448,0.7915287613868713,0.7817859053611755,-1.9826438801828772e-07,-0.032426610589027405,-0.05851469188928604,-0.0788416936993599,-0.0944683775305748,-0.057155363261699677,-0.08447036892175674,-0.0981147289276123,-0.10821014642715454,-0.05453302711248398,-0.07810022681951523,-0.07946420460939407,-0.08138356357812881,-0.05438966304063797,-0.07610733062028885,-0.06791497021913528,-0.06179974600672722,-0.0579041987657547,-0.07588955014944077,-0.07489576190710068,-0.0721077173948288,emergency
0.3013399839401245,0.3165956139564514,0.3065972626209259,0.2821180820465088,0.2573053538799286,0.27052199840545654,0.229728102684021,0.1986410915851593,0.17324185371398926,0.2557244896888733,0.22685503959655762,0.24245133996009827,0.26103678345680237,0.24659240245819092,0.23669284582138062,0.26553380489349365,0.2899436354637146,0.24452628195285797,0.2433745115995407,0.2626325190067291,0.278558611869812,0.43736007809638977,0.3883103132247925,0.3444843888282776,0.32463550567626953,0.31959566473960876,0.31897616386413574,0.29253602027893066,0.28202342987060547,0.27335020899772644,0.34313827753067017,0.32823193073272705,0.33577239513397217,0.3399393856525421,0.372187077999115,0.37128326296806335,0.38004761934280396,0.38073694705963135,0.4027884602546692,0.4037550091743469,0.4083845317363739,0.40678924322128296,-2.492224027150769e-08,-0.005604583770036697,-0.010281044989824295,-0.017004352062940598,-0.023522531613707542,-0.01265308354049921,-0.033129315823316574,-0.04707961902022362,-0.05535770207643509,-0.020467514172196388,-0.04110855981707573,-0.049824438989162445,-0.053374867886304855,-0.029590124264359474,-0.0514569915831089,-0.05397088825702667,-0.0518450066447258,-0.03923109918832779,-0.053793810307979584,-0.05316733568906784,-0.05032739043235779,strafe_right
0.5261648297309875,0.5493592619895935,0.5886079668998718,0.6249396204948425,0.6443326473236084,0.6131526231765747,0.6649741530418396,0.6925868988037109,0.7118123769760132,0.6216537356376648,0.6534612774848938,0.6395441293716431,0.6194554567337036,0.6215531229972839,0.6333082914352417,0.6186016201972961,0.6006572246551514,0.6175264120101929,0.6239508390426636,0.6107744574546814,0.5954741835594177,0.8323225378990173,0.7788117527961731,0.7524925470352173,0.7527598738670349,0.7650057077407837,0.75131756067276,0.74616539478302,0.7508645057678223,0.7564449310302734,0.7863513827323914,0.7903189063072205,0.7934327125549316,0.7933889031410217,0.8222742080688477,0.8229633569717407,0.8264108896255493,0.8275966644287109,0.8542703986167908,0.8541290760040283,0.8557238578796387,0.8565061092376709,-8.451933553033086e-08,0.0006305617862381041,-0.0025889661628752947,-0.006282371934503317,-0.009690836071968079,-0.01602228544652462,-0.02208733558654785,-0.022245341911911964,-0.022256290540099144,-0.019426243379712105,-0.024930894374847412,-0.020939312875270844,-0.017043462023139,-0.021746648475527763,-0.025615887716412544,-0.019677698612213135,-0.015097465366125107,-0.02393384464085102,-0.023617783561348915,-0.017714811488986015,-0.012552699074149132,strafe_right
0.4155522286891937,0.48484861850738525,0.5998330116271973,0.7089757919311523,0.7597526907920837,0.6678429245948792,0.8537493348121643,0.9608825445175171,1.0439696311950684,0.6956389546394348,0.8078564405441284,0.7529526352882385,0.6892440915107727,0.6978080868721008,0.751549243927002,0.7062130570411682,0.6496042609214783,0.692719042301178,0.7251065373420715,0.6818000674247742,0.6388230919837952,0.5423462390899658,0.4041263461112976,0.3383411765098572,0.35667747259140015,0.4132167100906372,0.3092348277568817,0.30468547344207764,0.3166443407535553,0.33245834708213806,0.411278635263443,0.45268508791923523,0.46550512313842773,0.4626065492630005,0.5186961889266968,0.5371037721633911,0.5448673367500305,0.5448974370956421,0.6152582764625549,0.610527753829956,0.6108697056770325,0.6110012531280518,-1.7704554977626685e-07,0.001395271043293178,-0.023076489567756653,-0.04420511797070503,-0.06635408848524094,-0.10803724080324173,-0.15124382078647614,-0.17355410754680634,-0.18900485336780548,-0.11567221581935883,-0.13858740031719208,-0.1166926696896553,-0.10166358202695847,-0.11714833229780197,-0.12138356268405914,-0.08515305817127228,-0.06451334059238434,-0.1182456836104393,-0.10868523269891739,-0.07773028314113617,-0.056235432624816895,strafe_left
0.3283590078353882,0.37642890214920044,0.4126991629600525,0.435712069272995,0.4554714858531952,0.3782602548599243,0.39769014716148376,0.408122718334198,0.41596224904060364,0.34831565618515015,0.35260117053985596,0.35616204142570496,0.3572733998298645,0.32109010219573975,0.30772948265075684,0.30151814222335815,0.29608961939811707,0.29655444622039795,0.27431607246398926,0.26090943813323975,0.25082188844680786,0.8772773146629333,0.8572263717651367,0.8132712244987488,0.7708394527435303,0.7388529777526855,0.7260642647743225,0.6669890284538269,0.6298008561134338,0.5963947176933289,0.7180892825126648,0.6495562195777893,0.6073825359344482,0.5716014504432678,0.7264680862426758,0.6624958515167236,0.6180181503295898,0.581081211566925,0.7489729523658752,0.702282190322876,0.668834388256073,0.6379819512367249,2.6122711460629944e-07,-0.024556148797273636,-0.032418373972177505,-0.039023835211992264,-0.04563727229833603,-0.019036205485463142,-0.03357524424791336,-0.04627338796854019,-0.05697757005691528,-0.020671676844358444,-0.03539009392261505,-0.05068812146782875,-0.06272932887077332,-0.0253850519657135,-0.042425163090229034,-0.05827838182449341,-0.06962703168392181,-0.03256937861442566,-0.05177769064903259,-0.0644351914525032,-0.07273100316524506,hover
0.26298025250434875,0.308659166097641,0.33927208185195923,0.3571336567401886,0.3695085644721985,0.27799075841903687,0.29185226559638977,0.2997272312641144,0.3047500550746918,0.2418803572654724,0.23031556606292725,0.2246081531047821,0.21828249096870422,0.21250395476818085,0.18460741639137268,0.1706245094537735,0.16026073694229126,0.18895407021045685,0.1524740606546402,0.13125264644622803,0.11534956097602844,0.545936644077301,0.5117613673210144,0.45261192321777344,0.40022605657577515,0.35544514656066895,0.3629213869571686,0.2849746346473694,0.23558309674263,0.1949775218963623,0.35935163497924805,0.2737913429737091,0.22043919563293457,0.18035927414894104,0.374397337436676,0.300192266702652,0.24905262887477875,0.20792752504348755,0.40532639622688293,0.359510600566864,0.3244789242744446,0.2913338243961334,4.0941435486274713e-07,-0.02536025084555149,-0.033845581114292145,-0.04090013727545738,-0.04814063757658005,-0.0259185042232275,-0.04288853704929352,-0.055221185088157654,-0.0651460587978363,-0.02908214181661606,-0.04472494497895241,-0.05957036092877388,-0.07110586762428284,-0.035270821303129196,-0.05286383256316185,-0.06950840353965759,-0.08219754695892334,-0.04396142065525055,-0.06502743065357208,-0.07889018207788467,-0.08819472789764404,hover
0.2706044614315033,0.3181944191455841,0.34179121255874634,0.35389238595962524,0.36211878061294556,0.2754390239715576,0.2764315903186798,0.2801557183265686,0.2826482653617859,0.24073533713817596,0.212711364030838,0.1997150480747223,0.18968042731285095,0.21280962228775024,0.18078546226024628,0.165187269449234,0.15398386120796204,0.19201573729515076,0.14665834605693817,0.11991649866104126,0.0980045348405838,0.5720217823982239,0.5221787095069885,0.44964712858200073,0.39253222942352295,0.3434144854545593,0.36699020862579346,0.2810247838497162,0.2256627231836319,0.18020102381706238,0.3711773157119751,0.2824416756629944,0.22493518888950348,0.1799747496843338,0.3941158354282379,0.3112967610359192,0.25528472661972046,0.2079514116048813,0.4330883026123047,0.3869864344596863,0.3502660393714905,0.3161451816558838,2.700287780044164e-07,-0.025001585483551025,-0.0335652232170105,-0.042001862078905106,-0.05150563642382622,-0.027488593012094498,-0.04994843155145645,-0.06677823513746262,-0.08041982352733612,-0.034653957933187485,-0.05625338852405548,-0.07503388822078705,-0.08998969197273254,-0.045439038425683975,-0.06932885199785233,-0.08936204016208649,-0.10467469692230225,-0.05869564041495323,-0.08630727976560593,-0.10322561860084534,-0.11472386121749878,hover
0.16830503940582275,0.22380942106246948,0.25829795002937317,0.26018789410591125,0.24482855200767517,0.2835235893726349,0.26683688163757324,0.24480882287025452,0.23075661063194275,0.23811747133731842,0.21167385578155518,0.1985374391078949,0.1956263780593872,0.19026383757591248,0.16883134841918945,0.162253275513649,0.1625092774629593,0.14736364781856537,0.1330351084470749,0.13303720951080322,0.13696040213108063,0.5447196960449219,0.5699223875999451,0.5971442461013794,0.6357960104942322,0.6803600788116455,0.5353033542633057,0.5994394421577454,0.6513923406600952,0.688726007938385,0.5064437389373779,0.5834277868270874,0.6447485089302063,0.6849257349967957,0.49547278881073,0.5750576853752136,0.6348159909248352,0.6737656593322754,0.49876660108566284,0.5659429430961609,0.613725483417511,0.6478528380393982,1.7111061367813818e-07,-0.02470560185611248,-0.0523739755153656,-0.08118046075105667,-0.10986776649951935,-0.05709207057952881,-0.104608915746212,-0.13556313514709473,-0.15251009166240692,-0.06632145494222641,-0.11224215477705002,-0.12697646021842957,-0.13403630256652832,-0.07833003252744675,-0.12072481960058212,-0.12409332394599915,-0.11956510692834854,-0.09296535700559616,-0.11688611656427383,-0.11430627852678299,-0.10870543867349625,emergency
0.822790265083313,0.7820155620574951,0.7541428208351135,0.7558935880661011,0.7630380392074585,0.7824010252952576,0.7749905586242676,0.7747873663902283,0.7798448801040649,0.825486958026886,0.8142375946044922,0.8072870373725891,0.8065332770347595,0.8625291585922241,0.8506661057472229,0.8385140895843506,0.8342697024345398,0.893507182598114,0.886357307434082,0.8694370985031128,0.8614996671676636,0.7754642963409424,0.7754156589508057,0.7773749232292175,0.7986858487129211,0.8185992240905762,0.7084298729896545,0.7739970684051514,0.8161802291870117,0.8388121128082275,0.71822589635849,0.791159987449646,0.8306230902671814,0.8508045673370361,0.7391477227210999,0.8113127946853638,0.8427440524101257,0.8543040752410889,0.7638619542121887,0.8201382756233215,0.8457900285720825,0.8542346954345703,-2.6053106694234884e-07,-0.04068080335855484,-0.07487693428993225,-0.10324985533952713,-0.13039594888687134,-0.07698480784893036,-0.11364708095788956,-0.13590222597122192,-0.14874134957790375,-0.07220245152711868,-0.10493355989456177,-0.11491216719150543,-0.12044966220855713,-0.06876284629106522,-0.10062787681818008,-0.10134705901145935,-0.09786831587553024,-0.0685010701417923,-0.08907510340213776,-0.08687598258256912,-0.08199506998062134,emergency
0.4283153712749481,0.4295584261417389,0.3982882499694824,0.3650009334087372,0.3546302318572998,0.3358399271965027,0.3067249059677124,0.33059820532798767,0.35290420055389404,0.31848931312561035,0.30282869935035706,0.3241236209869385,0.34583550691604614,0.31351006031036377,0.302214652299881,0.321199893951416,0.3424818217754364,0.3141229748725891,0.30377545952796936,0.3235117793083191,0.34275704622268677,0.7401375770568848,0.6692876815795898,0.6006803512573242,0.5523468852043152,0.5063269734382629,0.6287131309509277,0.6372575759887695,0.6489040851593018,0.6525046825408936,0.6784948706626892,0.6813604235649109,0.6854979991912842,0.6898421049118042,0.7268852591514587,0.7215971946716309,0.7239732146263123,0.7279484272003174,0.7669456601142883,0.7583979368209839,0.7597166299819946,0.7631364464759827,-7.644668897910378e-08,-0.00680910749360919,-0.014878304675221443,-0.021867386996746063,-0.02995818853378296,-0.021496906876564026,-0.031616684049367905,-0.040975842624902725,-0.047850970178842545,-0.024760453030467033,-0.02294696308672428,-0.02401072159409523,-0.030955562368035316,-0.02735942229628563,-0.029237085953354836,-0.023804502561688423,-0.024286631494760513,-0.030138526111841202,-0.03170649707317352,-0.021963460370898247,-0.01589471660554409,takeoff
0.8875300288200378,0.89107346534729,0.9157703518867493,0.9320452809333801,0.9465263485908508,0.9771872758865356,0.9613848328590393,0.934174656867981,0.9393382668495178,0.9858216643333435,0.9607067108154297,0.9315089583396912,0.9417721033096313,0.9805625677108765,0.9612056016921997,0.9333591461181641,0.9413824081420898,0.9694721102714539,0.9590292572975159,0.938708484172821,0.9412602186203003,0.8235400915145874,0.7749754786491394,0.7311003804206848,0.6984605193138123,0.6734358668327332,0.7586073279380798,0.7497507333755493,0.7620419859886169,0.7685103416442871,0.7931401133537292,0.7831131219863892,0.7881389260292053,0.7921010851860046,0.8274263739585876,0.8177419304847717,0.8167294263839722,0.8198379874229431,0.8587426543235779,0.8521336317062378,0.8461397886276245,0.8469482660293579,-3.623574684752384e-07,-0.024922313168644905,-0.03823091834783554,-0.04823363944888115,-0.053851865231990814,-0.026083527132868767,-0.045054711401462555,-0.05257430672645569,-0.05796511098742485,-0.02458094246685505,-0.04380754381418228,-0.04585970565676689,-0.04627849906682968,-0.02627921663224697,-0.046478383243083954,-0.038975682109594345,-0.03242918476462364,-0.03046807274222374,-0.04391995072364807,-0.03925374522805214,-0.03443152457475662,takeoff
0.20311249792575836,0.22663383185863495,0.2339606136083603,0.21835152804851532,0.20223617553710938,0.23855628073215485,0.24889330565929413,0.25473278760910034,0.25801894068717957,0.2147977650165558,0.211139515042305,0.20748820900917053,0.2041318118572235,0.19353172183036804,0.18809738755226135,0.1907045692205429,0.19355536997318268,0.17606158554553986,0.17178793251514435,0.17613203823566437,0.18038415908813477,0.6660815477371216,0.6525101065635681,0.6145567893981934,0.5799672603607178,0.5508838891983032,0.5551648736000061,0.4990411698818207,0.4617258310317993,0.432007759809494,0.5509063005447388,0.49127471446990967,0.45759907364845276,0.43322932720184326,0.5608963966369629,0.5237041115760803,0.5442337393760681,0.5631709694862366,0.5810760259628296,0.5584990978240967,0.5733433961868286,0.5894084572792053,2.8191186629555887e-07,-0.02632296457886696,-0.0368378572165966,-0.04594026505947113,-0.053350843489170074,-0.01705995202064514,-0.03155261650681496,-0.041065238416194916,-0.04725596681237221,-0.015517199411988258,-0.032760217785835266,-0.04363828897476196,-0.047788914293050766,-0.01713036559522152,-0.043516408652067184,-0.049837347120046616,-0.04585022106766701,-0.02069663628935814,-0.04418877512216568,-0.047294098883867264,-0.04332713782787323,forward
0.8019028306007385,0.789716899394989,0.7904936671257019,0.7863309979438782,0.7831979990005493,0.8226776719093323,0.7806916832923889,0.7812427282333374,0.7948223948478699,0.8393905162811279,0.7812967896461487,0.7872435450553894,0.8062484264373779,0.8451961278915405,0.7926727533340454,0.7938785552978516,0.8101321458816528,0.8432920575141907,0.8045389652252197,0.8028296232223511,0.8146469593048096,0.7881187200546265,0.7549490332603455,0.7037897109985352,0.6695533394813538,0.6373631358146667,0.720287024974823,0.7349146604537964,0.7423477172851562,0.7384810447692871,0.7529433965682983,0.7720875144004822,0.7729465961456299,0.7639121413230896,0.78700852394104,0.8041847348213196,0.8032427430152893,0.7949691414833069,0.8168086409568787,0.8307909965515137,0.8266416788101196,0.8206257224082947,-3.1443525472241163e-07,-0.02649078331887722,-0.038253121078014374,-0.0452427938580513,-0.048686280846595764,-0.03806770592927933,-0.05932025611400604,-0.07282723486423492,-0.08252894878387451,-0.03376714140176773,-0.05060524493455887,-0.054505541920661926,-0.05871596932411194,-0.031882986426353455,-0.048255179077386856,-0.041561439633369446,-0.03646036237478256,-0.0329732783138752,-0.04810144752264023,-0.04753576219081879,-0.04571755602955818,takeoff
0.23642480373382568,0.2669370174407959,0.27627551555633545,0.2544497847557068,0.22828926146030426,0.2726936638355255,0.28471797704696655,0.2930830121040344,0.29617783427238464,0.24097813665866852,0.23388585448265076,0.23038408160209656,0.22312207520008087,0.21262171864509583,0.20970314741134644,0.22131967544555664,0.2257782518863678,0.1897297203540802,0.19124361872673035,0.20563948154449463,0.2149656116962433,0.7152279019355774,0.685319185256958,0.6271787285804749,0.5780811309814453,0.5418628454208374,0.553961992263794,0.4782537817955017,0.43058955669403076,0.39092808961868286,0.5546209812164307,0.4704599380493164,0.42263901233673096,0.3856610655784607,0.5733298063278198,0.5298716425895691,0.5507775545120239,0.5666455626487732,0.6020685434341431,0.5735419392585754,0.5974531769752502,0.6197596192359924,3.105921848600701e-07,-0.02962653897702694,-0.04048413038253784,-0.04967154189944267,-0.05685330182313919,-0.020935384556651115,-0.03885059803724289,-0.049977924674749374,-0.05702449753880501,-0.02140909433364868,-0.04124588519334793,-0.053833555430173874,-0.05942234396934509,-0.02539994940161705,-0.0590895414352417,-0.06949864327907562,-0.06706850230693817,-0.031245151534676552,-0.06093938648700714,-0.06482946872711182,-0.06071942299604416,forward
0.17541787028312683,0.2134290635585785,0.24950306117534637,0.2508222758769989,0.2513773441314697,0.2905147075653076,0.3177765905857086,0.33303746581077576,0.3442666530609131,0.2718331813812256,0.3113724887371063,0.33107802271842957,0.3450566530227661,0.24724124372005463,0.2539830505847931,0.22857138514518738,0.21288493275642395,0.21680091321468353,0.22580862045288086,0.21397404372692108,0.20733246207237244,0.3807128071784973,0.3940177857875824,0.38428154587745667,0.3412540853023529,0.30044957995414734,0.3237989544868469,0.28120896220207214,0.24794769287109375,0.21785782277584076,0.29718533158302307,0.2628149092197418,0.2346905767917633,0.2076403945684433,0.27952951192855835,0.25593000650405884,0.29481378197669983,0.32322025299072266,0.2667859196662903,0.24292725324630737,0.27059683203697205,0.2965942919254303,3.4063373277604114e-07,-0.03462829068303108,-0.05007346719503403,-0.06328138709068298,-0.0747361108660698,-0.022626645863056183,-0.04334476962685585,-0.05742447450757027,-0.06564732640981674,-0.020398221909999847,-0.04692501574754715,-0.06257897615432739,-0.06819989532232285,-0.022511187940835953,-0.06111173331737518,-0.06728825718164444,-0.05924653634428978,-0.026952126994729042,-0.05502305179834366,-0.054247837513685226,-0.04621044173836708,forward
0.2746029496192932,0.24354201555252075,0.2479134351015091,0.27235931158065796,0.2948247194290161,0.24553894996643066,0.25407424569129944,0.2609136402606964,0.26571398973464966,0.27408379316329956,0.29422202706336975,0.29223936796188354,0.28449547290802,0.30034956336021423,0.3080330789089203,0.30490073561668396,0.29799214005470276,0.32268640398979187,0.32359519600868225,0.31897225975990295,0.3124185800552368,0.5750647187232971,0.5288603901863098,0.4856627583503723,0.4605530798435211,0.4536482095718384,0.4522002935409546,0.3816224932670593,0.34019601345062256,0.3093208968639374,0.45442068576812744,0.42070838809013367,0.4405125677585602,0.45757731795310974,0.46542349457740784,0.449544757604599,0.4665442109107971,0.47938477993011475,0.4787878692150116,0.46918752789497375,0.48238974809646606,0.49270445108413696,-4.2186645288211366e-08,0.001967743970453739,-0.0024711794685572386,-0.007959197275340557,-0.013050015084445477,-0.016159433871507645,-0.026656700298190117,-0.03043588250875473,-0.03292319178581238,-0.020997604355216026,-0.03150969371199608,-0.028220446780323982,-0.023586228489875793,-0.024694668129086494,-0.029435157775878906,-0.020596560090780258,-0.013644355349242687,-0.028521494939923286,-0.026722803711891174,-0.01741238869726658,-0.009560907259583473,ascend
0.4022103250026703,0.41304653882980347,0.371774286031723,0.311973512172699,0.26638537645339966,0.30495327711105347,0.27878621220588684,0.27645859122276306,0.2684340476989746,0.27284300327301025,0.21995389461517334,0.17080765962600708,0.12281854450702667,0.25831204652786255,0.2673020660877228,0.3280714452266693,0.36861979961395264,0.265929639339447,0.2836011052131653,0.329870343208313,0.3608419895172119,0.9189971685409546,0.8245418071746826,0.7342240214347839,0.7056736350059509,0.7168973088264465,0.7154794335365295,0.6870359182357788,0.7151809334754944,0.7509092092514038,0.7652844786643982,0.7250881195068359,0.6983387470245361,0.690144419670105,0.8273879885673523,0.7979352474212646,0.8070698976516724,0.8152341842651367,0.8878564238548279,0.8579091429710388,0.8497528433799744,0.8417086005210876,8.606480150774587e-08,-0.02200775034725666,-0.03830684721469879,-0.05806533619761467,-0.07323811203241348,-0.02709958888590336,-0.08381401747465134,-0.12091860175132751,-0.13860663771629333,-0.04394848272204399,-0.10205003619194031,-0.13456618785858154,-0.15064561367034912,-0.06616706401109695,-0.1234431192278862,-0.12871503829956055,-0.11949119716882706,-0.0906088650226593,-0.12381573766469955,-0.11966158449649811,-0.11059209704399109,strafe_right
0.5307364463806152,0.49731969833374023,0.4513391852378845,0.4178391098976135,0.4049832224845886,0.41495898365974426,0.3673597276210785,0.33932727575302124,0.3185884654521942,0.40893349051475525,0.39521700143814087,0.413026362657547,0.4351864755153656,0.41668426990509033,0.4139605462551117,0.43021392822265625,0.45069950819015503,0.4294890761375427,0.4345496594905853,0.4526524245738983,0.4693366289138794,0.8847327828407288,0.8221770524978638,0.7998701333999634,0.8207249641418457,0.8480104804039001,0.83619225025177,0.8316354155540466,0.836801290512085,0.8411811590194702,0.8807917833328247,0.8693550825119019,0.8663645386695862,0.8666795492172241,0.9132200479507446,0.8961070775985718,0.8910228610038757,0.8919922113418579,0.9388881325721741,0.9173595309257507,0.911620020866394,0.9117029309272766,5.735529384764959e-08,-0.006239565555006266,-0.009565959684550762,-0.010977246798574924,-0.013010851107537746,-0.026257630437612534,-0.03253857046365738,-0.03466835618019104,-0.03702346608042717,-0.02516455389559269,-0.030428750440478325,-0.027203261852264404,-0.02581341750919819,-0.022737186402082443,-0.024233128875494003,-0.017788857221603394,-0.015352407470345497,-0.021259857341647148,-0.02275674231350422,-0.019218437373638153,-0.016619782894849777,strafe_right
0.48736461997032166,0.5722390413284302,0.6284133195877075,0.6786171197891235,0.7161486744880676,0.539625883102417,0.5684818625450134,0.5841448307037354,0.5963201522827148,0.47953492403030396,0.4839961528778076,0.48937633633613586,0.49302855134010315,0.4270029664039612,0.39057326316833496,0.36904671788215637,0.35703861713409424,0.3844606280326843,0.33520394563674927,0.3067002296447754,0.28802841901779175,0.7546666860580444,0.6835319995880127,0.5949963331222534,0.5198870301246643,0.4599594175815582,0.47084763646125793,0.3334977626800537,0.25238022208213806,0.18828818202018738,0.46921199560165405,0.31247568130493164,0.21526166796684265,0.14194917678833008,0.49562519788742065,0.35517048835754395,0.2655714154243469,0.19743427634239197,0.5406638979911804,0.4448632001876831,0.3822227716445923,0.32556742429733276,8.328771059495921e-07,-0.020256802439689636,-0.03657550737261772,-0.05174359306693077,-0.06793372333049774,-0.05647384002804756,-0.08697742223739624,-0.10234837234020233,-0.11301742494106293,-0.06634459644556046,-0.10395312309265137,-0.12794089317321777,-0.1437409371137619,-0.07539350539445877,-0.11256374418735504,-0.13601337373256683,-0.1504165679216385,-0.08424001187086105,-0.1212441474199295,-0.14061670005321503,-0.15085147321224213,hover
0.47569146752357483,0.5622426271438599,0.5640266537666321,0.44808724522590637,0.3496610224246979,0.5780127644538879,0.6242289543151855,0.6422545313835144,0.6524903178215027,0.47252270579338074,0.4217510521411896,0.3811349868774414,0.3521496653556824,0.3878759741783142,0.32016217708587646,0.3495161533355713,0.38407790660858154,0.31721803545951843,0.266430526971817,0.29245316982269287,0.33240431547164917,0.7532676458358765,0.6769386529922485,0.5697640180587769,0.5002342462539673,0.4599415063858032,0.4316374659538269,0.29628047347068787,0.21324220299720764,0.14401809871196747,0.4195900857448578,0.2810452878475189,0.2009143829345703,0.12554261088371277,0.4448176920413971,0.37207287549972534,0.44661423563957214,0.4945933222770691,0.4917840361595154,0.43895435333251953,0.4866858422756195,0.5265558362007141,7.491240694434964e-07,-0.06329207867383957,-0.09711301326751709,-0.13110648095607758,-0.16328835487365723,-0.050577618181705475,-0.10135219991207123,-0.13449974358081818,-0.15682631731033325,-0.05477887764573097,-0.11563893407583237,-0.1529020071029663,-0.17271140217781067,-0.06630705296993256,-0.14301542937755585,-0.15590128302574158,-0.14555296301841736,-0.08240482956171036,-0.13652567565441132,-0.13155895471572876,-0.11549796164035797,forward
0.7278618216514587,0.699992299079895,0.7092515230178833,0.7496801018714905,0.7822016477584839,0.7204994559288025,0.7107119560241699,0.7037301063537598,0.7028855085372925,0.7548039555549622,0.7794208526611328,0.7976828217506409,0.8098793625831604,0.7822951078414917,0.8097281455993652,0.8009880781173706,0.7845819592475891,0.808707594871521,0.8263242244720459,0.8192471265792847,0.8036321401596069,0.6654707193374634,0.6129903197288513,0.540441632270813,0.49183863401412964,0.45577678084373474,0.49192360043525696,0.4276244640350342,0.3894956111907959,0.35745304822921753,0.4936312139034271,0.41745850443840027,0.36529821157455444,0.3319614827632904,0.5112377405166626,0.45567989349365234,0.4522029459476471,0.4637344181537628,0.5379538536071777,0.4957278370857239,0.47987109422683716,0.4788002073764801,8.945269769355946e-08,-0.022416116669774055,-0.026094593107700348,-0.02972247824072838,-0.030884407460689545,-0.002489861799404025,-0.015071846544742584,-0.025887172669172287,-0.033041633665561676,-0.0013391105458140373,-0.010503753088414669,-0.01687469519674778,-0.020891431719064713,-0.004926521331071854,-0.02233162149786949,-0.02883484773337841,-0.028408760204911232,-0.010978637263178825,-0.023661155253648758,-0.024668773636221886,-0.022714238613843918,forward
0.6561766862869263,0.5863490104675293,0.4951019883155823,0.42431527376174927,0.3869808614253998,0.41426771879196167,0.29761022329330444,0.231975719332695,0.1843700259923935,0.4046630263328552,0.35594573616981506,0.39347603917121887,0.43241196870803833,0.4218998849391937,0.4090760350227356,0.4457607567310333,0.475691556930542,0.4473775625228882,0.45063644647598267,0.4830244779586792,0.5070576071739197,0.5647016763687134,0.45180097222328186,0.4204203486442566,0.45215538144111633,0.4984928369522095,0.4428737461566925,0.4284155070781708,0.4327009916305542,0.43648144602775574,0.524592936038971,0.5378180742263794,0.5388228297233582,0.5311267375946045,0.5970705151557922,0.5998923778533936,0.5907310843467712,0.5826907753944397,0.663327693939209,0.6531120538711548,0.6423458456993103,0.6330494284629822,6.274142805295924e-08,0.013339194469153881,0.011003798805177212,0.003817792283371091,-0.0049970983527600765,-0.02126334048807621,-0.037433408200740814,-0.04616019129753113,-0.05268669128417969,-0.03432488813996315,-0.0361393503844738,-0.02472645230591297,-0.022244341671466827,-0.0449809767305851,-0.03974802419543266,-0.021283838897943497,-0.015550410374999046,-0.056224189698696136,-0.04362837225198746,-0.024756768718361855,-0.014735611155629158,strafe_right
0.548434853553772,0.4224836230278015,0.32449430227279663,0.29919692873954773,0.37247610092163086,0.40669581294059753,0.407944917678833,0.4099186062812805,0.42419910430908203,0.5030408501625061,0.47534477710723877,0.464156836271286,0.4752175807952881,0.6011262536048889,0.5742184519767761,0.5498782992362976,0.5584993958473206,0.6971269845962524,0.6724000573158264,0.6314271688461304,0.6260780096054077,0.7772449851036072,0.7087610363960266,0.5889108777046204,0.4673597812652588,0.39141303300857544,0.4403964579105377,0.2788757085800171,0.18761970102787018,0.10297638177871704,0.44907015562057495,0.3545345664024353,0.4789208173751831,0.5436184406280518,0.4777766466140747,0.39569956064224243,0.5177261829376221,0.5669808387756348,0.5233834981918335,0.44052931666374207,0.5256260633468628,0.5715332627296448,-7.811559612491692e-07,-0.057378411293029785,-0.10101702809333801,-0.14819107949733734,-0.19189658761024475,-0.04656491428613663,-0.1219954714179039,-0.16544649004936218,-0.19665002822875977,-0.05626121535897255,-0.15666429698467255,-0.17169685661792755,-0.1612088531255722,-0.0772038921713829,-0.17202410101890564,-0.13919121026992798,-0.09437427669763565,-0.10462140291929245,-0.1615196317434311,-0.13533063232898712,-0.1035807728767395,ascend
0.3178767263889313,0.35889971256256104,0.42895403504371643,0.4808627963066101,0.4881453514099121,0.5883675813674927,0.6722740530967712,0.5760684609413147,0.49789947271347046,0.6038248538970947,0.6742833852767944,0.5594916343688965,0.4850477874279022,0.6046056747436523,0.6740882992744446,0.569370687007904,0.49355262517929077,0.5930295586585999,0.6538106799125671,0.5779134631156921,0.5158731341362,0.6570565104484558,0.5493860244750977,0.4435333013534546,0.35915374755859375,0.28225186467170715,0.48626989126205444,0.4854414165019989,0.505341112613678,0.5134599804878235,0.5547509789466858,0.5498966574668884,0.5643762946128845,0.5700079798698425,0.6238116025924683,0.6201737523078918,0.623216450214386,0.6217227578163147,0.6902680993080139,0.6819549798965454,0.6671436429023743,0.6581577062606812,-7.776988582008926e-07,-0.04315868020057678,-0.0733897015452385,-0.10466887056827545,-0.12846864759922028,-0.021657785400748253,-0.07087704539299011,-0.09971051663160324,-0.11027786135673523,-0.021636273711919785,-0.07375374436378479,-0.08689721673727036,-0.08178647607564926,-0.030230293050408363,-0.07666370272636414,-0.06420137733221054,-0.04214894771575928,-0.04356057941913605,-0.07390517741441727,-0.059057530015707016,-0.037998758256435394,takeoff
0.5334775447845459,0.5451618432998657,0.5837829113006592,0.6280288100242615,0.6537373065948486,0.6156786680221558,0.6720809936523438,0.704085111618042,0.7293203473091125,0.6418408155441284,0.6830620765686035,0.6631750464439392,0.6402040719985962,0.6561381220817566,0.6732707619667053,0.655225396156311,0.6366326808929443,0.6625603437423706,0.6699568629264832,0.652655839920044,0.6348954439163208,0.8001106977462769,0.7274798154830933,0.680858314037323,0.6659405827522278,0.6769817471504211,0.6690440773963928,0.6285296678543091,0.6091610789299011,0.5975031852722168,0.7042809724807739,0.6788225173950195,0.6839522123336792,0.693698525428772,0.7449901700019836,0.7210255265235901,0.7262299656867981,0.7356719374656677,0.7825731635093689,0.7618165016174316,0.7657687067985535,0.7744468450546265,-3.566770203633496e-07,0.007283452898263931,0.007453400641679764,0.006068417802453041,0.004052609205245972,-0.011530822142958641,-0.016113054007291794,-0.014477354474365711,-0.01352542731910944,-0.015936478972434998,-0.01625051721930504,-0.008748765103518963,-0.0033244097139686346,-0.018168441951274872,-0.016149241477251053,-0.007834545336663723,-0.0034242242109030485,-0.019666755571961403,-0.012749416753649712,-0.0030684650409966707,0.0036120882723480463,strafe_right
0.4367741346359253,0.4434441924095154,0.42473918199539185,0.39146554470062256,0.36317697167396545,0.4097474217414856,0.3887554109096527,0.37754157185554504,0.36973676085472107,0.3851137161254883,0.34616926312446594,0.3252452611923218,0.3095002770423889,0.36854618787765503,0.3435545861721039,0.35986870527267456,0.37307584285736084,0.3581309914588928,0.3441689908504486,0.3558533489704132,0.36799973249435425,0.8099751472473145,0.7565210461616516,0.712032675743103,0.6996902227401733,0.7016910910606384,0.691094160079956,0.6306254267692566,0.5941064357757568,0.5658137798309326,0.7111524939537048,0.6629483103752136,0.6360474824905396,0.6184065341949463,0.7342860102653503,0.6923412680625916,0.6969922184944153,0.708074688911438,0.7595400810241699,0.7245264053344727,0.726273238658905,0.7337932586669922,2.1244365200345783e-07,0.009076418355107307,0.005053258500993252,-0.0015473783714696765,-0.009626214392483234,-0.018818581476807594,-0.03058113344013691,-0.039611659944057465,-0.046239931136369705,-0.027183249592781067,-0.035496361553668976,-0.03745042905211449,-0.04049214720726013,-0.03263397514820099,-0.030517440289258957,-0.018722793087363243,-0.011957615613937378,-0.03810638561844826,-0.03143148869276047,-0.01803278550505638,-0.008685966022312641,forward
0.20578207075595856,0.22606439888477325,0.23820139467716217,0.24389217793941498,0.23679783940315247,0.19172625243663788,0.25546517968177795,0.25985825061798096,0.2394225299358368,0.1918760985136032,0.26703786849975586,0.2605266571044922,0.2332226037979126,0.2039623111486435,0.27444592118263245,0.26744475960731506,0.2408103346824646,0.21913571655750275,0.27554377913475037,0.26778775453567505,0.24092750251293182,0.8027465343475342,0.7498059868812561,0.6893664598464966,0.6357958316802979,0.5811609625816345,0.7594802975654602,0.7343435883522034,0.7394483089447021,0.7457805275917053,0.8129445910453796,0.7800225615501404,0.7839049100875854,0.7906213998794556,0.8529137372970581,0.8225387334823608,0.8244659304618835,0.8290541172027588,0.8815295696258545,0.8598343729972839,0.8597418069839478,0.8643833994865417,-1.9375649173980491e-07,-0.028643162921071053,-0.05480242520570755,-0.07478708773851395,-0.09302138537168503,-0.09919657558202744,-0.13970035314559937,-0.15959559381008148,-0.171378493309021,-0.10108643770217896,-0.13020554184913635,-0.12771853804588318,-0.133102685213089,-0.10245301574468613,-0.12172354757785797,-0.10176172852516174,-0.09452848136425018,-0.10657593607902527,-0.11701136827468872,-0.10286319255828857,-0.09803322702646255,takeoff
0.7790835499763489,0.7614707946777344,0.7524065971374512,0.7616888880729675,0.7757081985473633,0.7267972826957703,0.6990061402320862,0.6840614676475525,0.6737130880355835,0.7472449541091919,0.7255373597145081,0.7179199457168579,0.7126870155334473,0.7674440145492554,0.7620576024055481,0.7645491361618042,0.7648798823356628,0.7854012846946716,0.7821029424667358,0.7837660312652588,0.7836689949035645,0.5105009078979492,0.4922870993614197,0.4539955258369446,0.41399574279785156,0.38576433062553406,0.40972456336021423,0.36907416582107544,0.3469690978527069,0.3247838318347931,0.395866721868515,0.3371543884277344,0.3040107190608978,0.2744308114051819,0.39518019556999207,0.3463221788406372,0.37287038564682007,0.3940383791923523,0.4033642113208771,0.3716655969619751,0.37740108370780945,0.38522011041641235,-1.5936942432404066e-08,-0.029104337096214294,-0.03582606464624405,-0.03889765217900276,-0.039332881569862366,-0.020619845017790794,-0.034874193370342255,-0.04531559348106384,-0.052420441061258316,-0.01416633278131485,-0.025967521592974663,-0.03315781056880951,-0.03787137195467949,-0.01110840868204832,-0.030294282361865044,-0.03307140991091728,-0.030300064012408257,-0.010720593854784966,-0.026622911915183067,-0.027946598827838898,-0.025803225114941597,forward
0.6399039626121521,0.6491851210594177,0.6473184823989868,0.6401097178459167,0.6302728652954102,0.6026935577392578,0.6223374009132385,0.6359574198722839,0.6374550461769104,0.600146472454071,0.624189019203186,0.6373539566993713,0.6379948258399963,0.6078557372093201,0.6340813636779785,0.6411435008049011,0.6341735124588013,0.6186773777008057,0.645962119102478,0.6471258401870728,0.6369274258613586,0.42337366938591003,0.38391196727752686,0.35057181119918823,0.3351496160030365,0.3334559500217438,0.34966525435447693,0.34027084708213806,0.35688620805740356,0.37275251746177673,0.3781298100948334,0.3741966784000397,0.38875165581703186,0.40281620621681213,0.40908125042915344,0.41430553793907166,0.42747294902801514,0.43594610691070557,0.437480628490448,0.4557347893714905,0.4724983274936676,0.48344171047210693,5.118484835975323e-08,-0.013201386667788029,-0.0246670451015234,-0.03475446626543999,-0.04379674419760704,-0.04132408648729324,-0.06463635712862015,-0.07580630481243134,-0.08203529566526413,-0.048124730587005615,-0.07147693634033203,-0.07696832716464996,-0.07992571592330933,-0.055219680070877075,-0.07654758542776108,-0.07511056959629059,-0.07353797554969788,-0.0633026510477066,-0.07991813868284225,-0.07873208820819855,-0.07684867829084396,land
0.2377980649471283,0.28459158539772034,0.2996861934661865,0.28728562593460083,0.2730933427810669,0.2674943804740906,0.26708605885505676,0.2695731222629547,0.27033913135528564,0.23062476515769958,0.24338844418525696,0.26271653175354004,0.2692538797855377,0.20672641694545746,0.22432155907154083,0.24213118851184845,0.24775058031082153,0.1927211582660675,0.2067808210849762,0.2217692881822586,0.22768144309520721,0.5892881155014038,0.6293897032737732,0.6812561750411987,0.7282699346542358,0.7599599361419678,0.7029153108596802,0.7949809432029724,0.8428561091423035,0.8811236023902893,0.7037017941474915,0.7853691577911377,0.7705543041229248,0.7464386224746704,0.7013012766838074,0.7678080797195435,0.7521381378173828,0.7304506897926331,0.6985951662063599,0.7496978640556335,0.7416080832481384,0.7247542142868042,-2.835374459664308e-07,-0.023007983341813087,-0.03648007661104202,-0.04383333399891853,-0.04925784096121788,-0.054957546293735504,-0.07102503627538681,-0.07282116264104843,-0.07314234972000122,-0.04692032188177109,-0.06578772515058517,-0.0591777041554451,-0.050511445850133896,-0.038066282868385315,-0.052932318300008774,-0.04009406268596649,-0.02791338786482811,-0.030493132770061493,-0.03756696730852127,-0.028553802520036697,-0.020037513226270676,descend
0.7316256165504456,0.7308541536331177,0.75370192527771,0.783225953578949,0.8024798631668091,0.8226871490478516,0.8735955357551575,0.9029324054718018,0.9318315386772156,0.8316611647605896,0.8426181674003601,0.8015347719192505,0.7867079377174377,0.8322145938873291,0.8390268087387085,0.8006731271743774,0.7885876297950745,0.8270817399024963,0.8389233946800232,0.8105383515357971,0.7971314191818237,0.8830033540725708,0.8363831639289856,0.790328323841095,0.7914854884147644,0.8241896033287048,0.7886160016059875,0.7725421190261841,0.7701533436775208,0.7696937322616577,0.8257094025611877,0.806463897228241,0.8197540044784546,0.8338749408721924,0.8627449870109558,0.8464004993438721,0.8529455065727234,0.862511157989502,0.9016830325126648,0.8840392827987671,0.8800352215766907,0.8817941546440125,-1.2647934966025787e-07,-0.01940772868692875,-0.03425265848636627,-0.04942264407873154,-0.06387551128864288,-0.024456802755594254,-0.048963822424411774,-0.0641184002161026,-0.075417660176754,-0.027934836223721504,-0.05945580080151558,-0.06301013380289078,-0.05961191654205322,-0.034710902720689774,-0.06322485953569412,-0.05169482156634331,-0.037403449416160583,-0.04384341090917587,-0.06036330386996269,-0.050489772111177444,-0.039374940097332,strafe_left
0.512212336063385,0.5201147794723511,0.5574502944946289,0.5993908643722534,0.6262199282646179,0.6029690504074097,0.6645315885543823,0.6953077912330627,0.7158250212669373,0.6280208230018616,0.6609687209129333,0.6408790349960327,0.6173849105834961,0.6400085687637329,0.6456981301307678,0.6261995434761047,0.6050495505332947,0.6446998715400696,0.6423335075378418,0.6251625418663025,0.6067788004875183,0.8385682106018066,0.7631056308746338,0.7174180746078491,0.7078790664672852,0.7228074669837952,0.6934285163879395,0.66889488697052,0.6666461229324341,0.6690523028373718,0.7315178513526917,0.7289536595344543,0.739616334438324,0.7467506527900696,0.7759420871734619,0.7722189426422119,0.7839446663856506,0.7927381992340088,0.8166297078132629,0.8126064538955688,0.8209807276725769,0.8275793194770813,-2.0845718040618522e-07,0.009736387990415096,0.009219068102538586,0.005533646326512098,0.0017763501964509487,-0.006841348484158516,-0.00873551331460476,-0.005613577552139759,-0.0035557595547288656,-0.014096947386860847,-0.012995113618671894,-0.005998356733471155,-0.001479627564549446,-0.01940460316836834,-0.01673240214586258,-0.009181578643620014,-0.005440614651888609,-0.02405441924929619,-0.01564881205558777,-0.006025074981153011,0.0007003056234680116,strafe_right
0.717983603477478,0.7279704809188843,0.7255707383155823,0.7234524488449097,0.7310227155685425,0.6921654343605042,0.6623966097831726,0.6469773054122925,0.6349855661392212,0.6756435036659241,0.6360708475112915,0.6123507022857666,0.5947015881538391,0.66128009557724,0.6203447580337524,0.5956676602363586,0.5773431062698364,0.649118185043335,0.6183661818504333,0.6045792698860168,0.5927745699882507,0.4052698016166687,0.3566597104072571,0.3101769983768463,0.2717609405517578,0.24672675132751465,0.27696117758750916,0.22414422035217285,0.19557034969329834,0.17225460708141327,0.2923347055912018,0.24167494475841522,0.2162613421678543,0.1974373310804367,0.31670746207237244,0.27999016642570496,0.2628341019153595,0.25071683526039124,0.3459262251853943,0.32578760385513306,0.31772381067276,0.3112937808036804,-3.530728776013348e-08,0.008955135010182858,0.010648083873093128,0.010216673836112022,0.007995725609362125,-0.007600747514516115,-0.014355574734508991,-0.018272921442985535,-0.021483559161424637,-0.017058685421943665,-0.02261081524193287,-0.026084568351507187,-0.030305467545986176,-0.024964019656181335,-0.031701840460300446,-0.03624485060572624,-0.04058705270290375,-0.031535424292087555,-0.0378575436770916,-0.04007171839475632,-0.04180821776390076,hover
0.2604198455810547,0.31571346521377563,0.34754258394241333,0.3463380038738251,0.33552804589271545,0.3431771695613861,0.32087644934654236,0.3094388246536255,0.29957425594329834,0.28760597109794617,0.2632486820220947,0.2574652433395386,0.2626205086708069,0.23237863183021545,0.21292950212955475,0.2090330421924591,0.21452437341213226,0.18445318937301636,0.16613705456256866,0.16516663134098053,0.17140594124794006,0.651569128036499,0.7033116817474365,0.7768944501876831,0.844552755355835,0.8947319388389587,0.6702519059181213,0.7632395625114441,0.820507824420929,0.8586801886558533,0.6440854072570801,0.7528334856033325,0.8114750981330872,0.8447663187980652,0.6367320418357849,0.7414454221725464,0.802173912525177,0.8347166180610657,0.6421951651573181,0.7228870987892151,0.7701808214187622,0.7959139347076416,7.436214559675136e-07,-0.029031094163656235,-0.059325817972421646,-0.08570066094398499,-0.11242203414440155,-0.0946456640958786,-0.13333319127559662,-0.1522480994462967,-0.16427361965179443,-0.10214626044034958,-0.14181135594844818,-0.14710408449172974,-0.15337519347667694,-0.1099328026175499,-0.1462424397468567,-0.14189426600933075,-0.13857585191726685,-0.11980674415826797,-0.14373762905597687,-0.14141495525836945,-0.1414719671010971,emergency
0.8244031667709351,0.7688566446304321,0.7220509648323059,0.7087098956108093,0.7326220273971558,0.8443965315818787,0.7521787881851196,0.7465882301330566,0.7759817242622375,0.8956950902938843,0.7761635780334473,0.7819437980651855,0.8218135833740234,0.9221306443214417,0.8082444071769714,0.805980384349823,0.8390318751335144,0.9310713410377502,0.8493658304214478,0.8404504656791687,0.8644706606864929,0.6990728974342346,0.6470488905906677,0.604182779788971,0.6291564702987671,0.6720060110092163,0.5412741899490356,0.6300398707389832,0.6396459341049194,0.6159330606460571,0.6001637578010559,0.7095729112625122,0.6971802115440369,0.6594238877296448,0.6678041815757751,0.7647902965545654,0.7508533596992493,0.7179005146026611,0.732205331325531,0.803246021270752,0.7922782897949219,0.7675836086273193,-4.107210713755194e-07,-0.06447727978229523,-0.11175157874822617,-0.14653487503528595,-0.1726716309785843,-0.12433948367834091,-0.17120037972927094,-0.19081147015094757,-0.20707844197750092,-0.11577896028757095,-0.15553326904773712,-0.15290306508541107,-0.1541677564382553,-0.11039082705974579,-0.15108977258205414,-0.12838150560855865,-0.1106046661734581,-0.11239203065633774,-0.15509626269340515,-0.1544153392314911,-0.1474856585264206,emergency
0.817328691482544,0.8605874180793762,0.882519006729126,0.8807873725891113,0.8714373111724854,0.8357733488082886,0.8659607768058777,0.8656663298606873,0.8596033453941345,0.7994387149810791,0.8476830720901489,0.8516507148742676,0.8510621786117554,0.7695288062095642,0.8210903406143188,0.825498640537262,0.822394073009491,0.743966817855835,0.7829147577285767,0.795146644115448,0.7973307371139526,0.46693703532218933,0.44709455966949463,0.4181838035583496,0.4049733877182007,0.40157830715179443,0.2703198790550232,0.38874682784080505,0.44884568452835083,0.4595446288585663,0.26433655619621277,0.40247583389282227,0.4613563120365143,0.46611690521240234,0.28507691621780396,0.4198267459869385,0.4646506905555725,0.45668143033981323,0.32080769538879395,0.4281765818595886,0.4636845588684082,0.45529937744140625,-6.54784059861413e-07,-0.03513665869832039,-0.06428378075361252,-0.08884087204933167,-0.10881205648183823,-0.06097409501671791,-0.10732696950435638,-0.13441528379917145,-0.1508680135011673,-0.0626707524061203,-0.09999692440032959,-0.10435289889574051,-0.10629776865243912,-0.06785745918750763,-0.1031954362988472,-0.0960598737001419,-0.08835893124341965,-0.07717706263065338,-0.1005915179848671,-0.09783695638179779,-0.09221541881561279,emergency
0.27007317543029785,0.31500938534736633,0.3330991566181183,0.32230982184410095,0.31873375177383423,0.37795212864875793,0.33208930492401123,0.3112640082836151,0.30568867921829224,0.34289854764938354,0.28846991062164307,0.275172621011734,0.2773377299308777,0.29806753993034363,0.2518480122089386,0.24107053875923157,0.2444506287574768,0.253020316362381,0.22022537887096405,0.21883442997932434,0.22676301002502441,0.52649986743927,0.5869325399398804,0.6680565476417542,0.7347314357757568,0.7855892181396484,0.6180452704429626,0.6973171830177307,0.7277156710624695,0.7443259954452515,0.574682891368866,0.6711522936820984,0.7014134526252747,0.7127103805541992,0.5437346696853638,0.6419724225997925,0.6756051182746887,0.6882079839706421,0.5236015319824219,0.6033749580383301,0.6338100433349609,0.645838737487793,5.090699914944707e-07,-0.01230083592236042,-0.03574002906680107,-0.057331543415784836,-0.07896733283996582,-0.07877392321825027,-0.11116745322942734,-0.12556396424770355,-0.1343589723110199,-0.09146228432655334,-0.12189923971891403,-0.12165018171072006,-0.12343216687440872,-0.1030302569270134,-0.12716802954673767,-0.11497387290000916,-0.10716799646615982,-0.11540737748146057,-0.13040781021118164,-0.12250868231058121,-0.1175195500254631,emergency
0.17200544476509094,0.2479080855846405,0.38429445028305054,0.5132144689559937,0.5841778516769409,0.4111475646495819,0.5642362236976624,0.6592710018157959,0.7371413707733154,0.4099111557006836,0.5615707039833069,0.5110716223716736,0.44387316703796387,0.40051034092903137,0.5243537425994873,0.48002690076828003,0.42289865016937256,0.3843463361263275,0.4880269765853882,0.4473867416381836,0.40223246812820435,0.4797717034816742,0.3446534276008606,0.28762686252593994,0.3114701509475708,0.3653234541416168,0.2836775779724121,0.29498228430747986,0.308150976896286,0.3227089047431946,0.39755234122276306,0.4396313726902008,0.43505313992500305,0.4181723892688751,0.5065600872039795,0.5213422775268555,0.5151230692863464,0.5069416761398315,0.5999337434768677,0.5927491188049316,0.5837897062301636,0.583926260471344,-1.3432594414553023e-07,-0.007786225527524948,-0.029251495376229286,-0.04279347509145737,-0.055500227957963943,-0.10499522089958191,-0.14156568050384521,-0.15943942964076996,-0.17353534698486328,-0.1140592098236084,-0.14803513884544373,-0.1337767243385315,-0.11932668834924698,-0.11676666885614395,-0.1291346549987793,-0.08817845582962036,-0.06017962843179703,-0.11984919756650925,-0.1175980493426323,-0.08235456049442291,-0.056877538561820984,strafe_left
0.759164571762085,0.7016129493713379,0.6575615406036377,0.6303750276565552,0.598519504070282,0.6888303756713867,0.6613436937332153,0.647967517375946,0.640469491481781,0.7253707051277161,0.7080165147781372,0.6980794072151184,0.6911677718162537,0.7608604431152344,0.7636300921440125,0.7652691006660461,0.7659788131713867,0.795745313167572,0.806172251701355,0.8096115589141846,0.8106354475021362,0.5389904379844666,0.5194216370582581,0.4705595374107361,0.422590434551239,0.39124298095703125,0.34702828526496887,0.26927801966667175,0.21703390777111053,0.17332878708839417,0.32916951179504395,0.23673740029335022,0.17810630798339844,0.1307489275932312,0.3335127532482147,0.2492823302745819,0.1975308209657669,0.1533183753490448,0.3532974123954773,0.294334352016449,0.2557612359523773,0.21926942467689514,6.023982024316865e-08,-0.03424912691116333,-0.052327513694763184,-0.06860164552927017,-0.08499807864427567,-0.029672138392925262,-0.051177285611629486,-0.0706101730465889,-0.08647647500038147,-0.030193133279681206,-0.048678576946258545,-0.06510382145643234,-0.07865577191114426,-0.03520863503217697,-0.053641993552446365,-0.07054635882377625,-0.08356048911809921,-0.04378056526184082,-0.05880548804998398,-0.06862382590770721,-0.07697445899248123,hover
0.8484170436859131,0.7938146591186523,0.7561412453651428,0.7674944400787354,0.792755663394928,0.7617844343185425,0.7717225551605225,0.7854769825935364,0.7954920530319214,0.8147573471069336,0.8253785967826843,0.8268095254898071,0.8293437361717224,0.8629334568977356,0.8727672696113586,0.8646868467330933,0.8617324233055115,0.9061289429664612,0.909164309501648,0.8932355046272278,0.8853097558021545,0.6206189393997192,0.6340652108192444,0.6454216241836548,0.6771497130393982,0.7001509666442871,0.5182297229766846,0.6225308775901794,0.6523337960243225,0.6444316506385803,0.5092097520828247,0.6322141885757446,0.6581114530563354,0.643246591091156,0.5202437043190002,0.6398708820343018,0.6584017872810364,0.6349377036094666,0.5438193082809448,0.6368773579597473,0.6583960652351379,0.6411718726158142,-1.7518948425276903e-07,-0.046592116355895996,-0.08871346712112427,-0.12327290326356888,-0.15428198873996735,-0.08719957619905472,-0.13280679285526276,-0.1627877801656723,-0.18400885164737701,-0.08375939726829529,-0.11562367528676987,-0.12252616882324219,-0.13195520639419556,-0.083453468978405,-0.11437399685382843,-0.10923626273870468,-0.10738489776849747,-0.08814729750156403,-0.11306100338697433,-0.11369551718235016,-0.11344857513904572,emergency
0.7731777429580688,0.7623746991157532,0.7721464037895203,0.769927442073822,0.7742122411727905,0.8137438893318176,0.7416462898254395,0.7454223036766052,0.7720403671264648,0.8253493905067444,0.734706699848175,0.7488256692886353,0.7834293842315674,0.8198783993721008,0.7388039231300354,0.7469478845596313,0.7727760672569275,0.807673454284668,0.751629650592804,0.7538406848907471,0.7714930772781372,0.8065427541732788,0.7619909048080444,0.6991318464279175,0.6543111801147461,0.6125074625015259,0.7213005423545837,0.7089325189590454,0.7268016934394836,0.7343717813491821,0.7680034637451172,0.7584797143936157,0.7706400752067566,0.7711275815963745,0.8126936554908752,0.8056657910346985,0.8111086487770081,0.8124552965164185,0.8513321876525879,0.8483482003211975,0.8454559445381165,0.8444594144821167,-2.6446460310580733e-07,-0.040218718349933624,-0.06202743574976921,-0.07502660155296326,-0.08215709775686264,-0.07014328241348267,-0.10174980759620667,-0.11752495169639587,-0.12766991555690765,-0.06186452880501747,-0.08511597663164139,-0.08557319641113281,-0.08705637603998184,-0.05631958320736885,-0.07765552401542664,-0.06367505341768265,-0.052933309227228165,-0.05520506948232651,-0.07691393047571182,-0.07546825706958771,-0.07107321172952652,takeoff
0.4543989598751068,0.4593915343284607,0.4865493178367615,0.5161318778991699,0.5374109745025635,0.48934322595596313,0.5216164588928223,0.5371648669242859,0.5492339730262756,0.497000515460968,0.5406966805458069,0.5692794919013977,0.588509738445282,0.5030368566513062,0.5601871013641357,0.5635855793952942,0.5559511780738831,0.510175883769989,0.5519780516624451,0.552669107913971,0.5443488359451294,0.5942406058311462,0.5504586100578308,0.5163882374763489,0.5056963562965393,0.505165159702301,0.4867532551288605,0.42390310764312744,0.3889748752117157,0.36136120557785034,0.4998793303966522,0.44628259539604187,0.4184812009334564,0.3971121609210968,0.5250204205513,0.5069556832313538,0.5364657044410706,0.5580517053604126,0.5566459894180298,0.5641331672668457,0.5870096683502197,0.6005409955978394,1.831690923381757e-07,0.0059343609027564526,-0.0006267222343012691,-0.010660623200237751,-0.019900793209671974,-0.023785876110196114,-0.041425671428442,-0.0506715402007103,-0.05744612589478493,-0.038366589695215225,-0.060724951326847076,-0.07436503469944,-0.08355284482240677,-0.050300177186727524,-0.07295212894678116,-0.07449639588594437,-0.07177044451236725,-0.06109420955181122,-0.0816894993185997,-0.08258543163537979,-0.0794597640633583,forward
0.3009644150733948,0.26494100689888,0.2617490291595459,0.28048083186149597,0.3013603687286377,0.27469053864479065,0.28364163637161255,0.29150664806365967,0.297366738319397,0.3059104382991791,0.31443995237350464,0.30707433819770813,0.2996477782726288,0.33045437932014465,0.3290271759033203,0.3233164846897125,0.31788867712020874,0.34910517930984497,0.34521692991256714,0.3386666178703308,0.3337447941303253,0.6134418249130249,0.5748273730278015,0.530472993850708,0.4923768937587738,0.4743225872516632,0.49305346608161926,0.4236326217651367,0.38316744565963745,0.35329481959342957,0.49884143471717834,0.4630442261695862,0.481637567281723,0.49890387058258057,0.5127253532409668,0.48980116844177246,0.5039182305335999,0.5181208848953247,0.5279991030693054,0.5092861652374268,0.5206162333488464,0.532546877861023,-1.0334758826502366e-07,-0.0023084001149982214,-0.006644492503255606,-0.010387126356363297,-0.013805428519845009,-0.019597625359892845,-0.030615318566560745,-0.0350123792886734,-0.037755608558654785,-0.02005256898701191,-0.028628868982195854,-0.02351745218038559,-0.018326425924897194,-0.019820375367999077,-0.02461557649075985,-0.015101930126547813,-0.007911566644906998,-0.019674111157655716,-0.019377805292606354,-0.010715702548623085,-0.0033671946730464697,ascend
0.21576957404613495,0.2570168375968933,0.27390649914741516,0.2816905081272125,0.28187716007232666,0.21269060671329498,0.22370460629463196,0.237551748752594,0.24461984634399414,0.19737447798252106,0.25772759318351746,0.2750999927520752,0.2670716941356659,0.1963912695646286,0.2610197067260742,0.2743169665336609,0.26461634039878845,0.2057102769613266,0.2561965882778168,0.26851269602775574,0.2622334063053131,0.5573010444641113,0.5154099464416504,0.4684644937515259,0.436503142118454,0.4109918475151062,0.4100406765937805,0.34831732511520386,0.3073763847351074,0.27354896068573,0.4198603630065918,0.38380441069602966,0.4238501489162445,0.4494934678077698,0.4380077123641968,0.4131820499897003,0.453534871339798,0.4768317639827728,0.46150442957878113,0.4364335238933563,0.46398040652275085,0.48450490832328796,1.5289130317341915e-07,0.0023879765067249537,-0.005662003997713327,-0.018309108912944794,-0.029842520132660866,-0.01042256224900484,-0.030375976115465164,-0.043260082602500916,-0.05185241997241974,-0.025449728593230247,-0.051738105714321136,-0.05548993498086929,-0.05215204507112503,-0.04081810265779495,-0.06470236927270889,-0.0527513213455677,-0.03839907795190811,-0.05657997727394104,-0.06863731145858765,-0.055582571774721146,-0.04262034595012665,ascend
